_id,submittedAt,q1,q2,q3,q4,q5,q6,q7,q8,q9,q10,q11,q12,q13,q14,q15,q16,q17,q18,q19,q20,q21,q22,q23,q24,q25,q26,q27,q28,q29,q30,q31,q32,q33,q34,q35,q36,q37,q38,q39,q40
daqi-answer-001,2026-08-01T09:00:00+08:00,女,23-30岁,在校学生,1000-2000元,完全不感兴趣,每月多次,"收藏爱好,送礼纪念","短视频平台,朋友推荐",完全没听过,一般,"非遗文化底蕴,小众不撞款",款式老旧,非常愿意,支持,优化款式设计,一定会,"大漆书签,大漆钥匙扣",简约现代风,可以接受,"颜值外观,价格性价比",较低,组合套装礼盒,不喜欢,经典黑金红传统色,随缘,"师生赠礼,同学朋友送礼",略有影响,"华而不实无实用性,款式同质化严重",20元以内,50-80元,完全愿意,大概率会,随缘,"校园市集,社群团购",小幅提升,不会复购,"非遗文化科普,优惠活动福利","文具类,礼盒套装类",非常认可，环保创新,希望兼顾传统工艺和日常实用性，价格可以分档。
daqi-answer-002,2026-08-02T10:13:00+08:00,男,18岁以下,职场上班族,1000元以内,非常喜欢,季度1-2次,"日常自用,送礼纪念",短视频平台,非常了解,非常感兴趣,手工工艺独特,"工艺精致,价格昂贵",愿意,中立,"降低价格,优化款式设计",可能会,大漆钥匙扣,传统国风古风,介意，追求完美品,工艺质感,极高,定制专属款,非常喜欢,撞色潮流色系,非常愿意,同学朋友送礼,无影响,"款式同质化严重,包装简陋",20-40元,50元以内,可以接受小幅溢价,看价格款式决定,一定会了解购买,"线上店铺,社群团购",反而降低,一定会复购,"工艺制作短视频,市集线下体验",配饰挂件类,比较认可,建议多做短视频展示制作过程，并在线下市集提供体验。
daqi-answer-003,2026-08-03T11:26:00+08:00,女,18-22岁,其他,1000元以内,一般,每月多次,送礼纪念,"校园市集,文创展会",略有耳闻,比较感兴趣,"国风颜值高,非遗文化底蕴","价格昂贵,工艺精致",无所谓,强烈支持,"降低价格,适配日常使用",一定会,"大漆书签,文创套装礼盒",小众艺术轻奢风,完全接受，更有特色,"颜值外观,文化寓意",较高,单品简约款,无所谓,经典黑金红传统色,愿意,"节日礼物,师生赠礼",会，非常加分,价格虚高,20元以内,50-80元,不太接受,一定会买,会驻足了解,校园市集,大幅提升,不确定,高颜值产品实拍图,"礼盒套装类,定制专属类",不认可,包装可以更精致，同时附上简明的非遗文化说明卡。
daqi-answer-004,2026-08-04T12:39:00+08:00,男,40岁以上,在校学生,2000-3500元,非常喜欢,每月1次,"收藏爱好,日常自用","短视频平台,校园市集",非常了解,兴趣较低,"非遗文化底蕴,国风颜值高",款式老旧,非常愿意,支持,适配日常使用,可能会,"大漆漆扇,大漆钥匙扣",简约现代风,可以接受,"价格性价比,独特小众性",不看重,盲盒款式,非常喜欢,莫兰迪浅色系,随缘,"师生赠礼,纪念收藏",略有影响,"华而不实无实用性,价格虚高",20-40元,80-120元,完全愿意,大概率会,不会关注,"文创展会,社群团购",无变化,一定会复购,"市集线下体验,优惠活动福利","文具类,桌面摆件类",非常认可，环保创新,希望增加年轻化配色和小件礼盒，方便送礼和收藏。
daqi-answer-005,2026-08-05T13:52:00+08:00,女,18岁以下,自由职业,1000元以内,比较喜欢,季度1-2次,"日常自用,市集/展会随手购买",电商店铺,略有耳闻,非常感兴趣,手工工艺独特,"价格昂贵,款式老旧",愿意,强烈支持,"降低价格,提升包装质感",不确定,大件漆艺摆件,传统国风古风,非常介意,工艺质感,极高,单品简约款,喜欢,撞色潮流色系,非常愿意,同学朋友送礼,会，非常加分,"做工粗糙,包装简陋",40-60元,50元以内,可以接受小幅溢价,基本不会,一定会了解购买,"线上店铺,线下实体店",大幅提升,可能复购,"工艺制作短视频,非遗文化科普",配饰挂件类,比较认可,希望兼顾传统工艺和日常实用性，价格可以分档。
daqi-answer-006,2026-08-06T14:05:00+08:00,男,23-30岁,在校学生,1000-2000元,一般,每月多次,送礼纪念,"校园市集,短视频平台",非常了解,比较感兴趣,"非遗文化底蕴,手工工艺独特","价格昂贵,不适合日常使用",非常愿意,支持,"优化款式设计,适配日常使用",一定会,"大漆书签,大件漆艺摆件",可爱治愈风,完全接受，更有特色,"颜值外观,价格性价比",一般,组合套装礼盒,无所谓,经典黑金红传统色,愿意,"节日礼物,同学朋友送礼",略有影响,价格虚高,20元以内,50-80元,完全不接受,一定会买,随缘,校园市集,小幅提升,不会复购,高颜值产品实拍图,"文具类,定制专属类",非常认可，环保创新,建议多做短视频展示制作过程，并在线下市集提供体验。
daqi-answer-007,2026-08-07T15:18:00+08:00,女,18岁以下,职场上班族,3500元以上,非常喜欢,每月1次,"活动奖品,日常自用","短视频平台,线下实体店",非常了解,非常感兴趣,"非遗文化底蕴,色泽质感高级",不适合日常使用,愿意,中立,加强科普宣传,可能会,"大漆漆扇,大漆书签",简约现代风,介意，追求完美品,"价格性价比,文化寓意",极高,盲盒款式,非常喜欢,莫兰迪浅色系,非常愿意,"商务小礼品,纪念收藏",无影响,"华而不实无实用性,包装简陋",20-40元,120元以上,完全愿意,看价格款式决定,一定会了解购买,"线下实体店,社群团购",反而降低,一定会复购,"工艺制作短视频,优惠活动福利","文具类,配饰挂件类",比较认可,包装可以更精致，同时附上简明的非遗文化说明卡。
daqi-answer-008,2026-08-08T16:31:00+08:00,男,18-22岁,自由职业,1000元以内,比较喜欢,半年一次,"日常自用,活动奖品",电商店铺,完全没听过,非常感兴趣,色泽质感高级,"价格昂贵,适合收藏送礼",无所谓,强烈支持,"降低价格,加强科普宣传",基本不会,文创套装礼盒,小众艺术轻奢风,完全接受，更有特色,文化寓意,较高,单品简约款,喜欢,经典黑金红传统色,愿意,同学朋友送礼,会，非常加分,"价格虚高,包装简陋",60元以上,50元以内,不太接受,一定会买,会驻足了解,"线上店铺,文创展会",大幅提升,可能复购,"工艺制作短视频,高颜值产品实拍图",桌面摆件类,无所谓,希望增加年轻化配色和小件礼盒，方便送礼和收藏。
daqi-answer-009,2026-08-09T17:44:00+08:00,女,23-30岁,在校学生,2000-3500元,不太喜欢,每月多次,送礼纪念,"文创展会,线下实体店",非常了解,一般,"非遗文化底蕴,小众不撞款","款式老旧,不适合日常使用",非常愿意,支持,"优化款式设计,降低价格",一定会,"大漆书签,大漆钥匙扣",简约现代风,可以接受,"颜值外观,实用性",一般,组合套装礼盒,非常喜欢,莫兰迪浅色系,随缘,"节日礼物,纪念收藏",略有影响,华而不实无实用性,20元以内,80-120元,完全愿意,大概率会,不会关注,校园市集,小幅提升,一定会复购,非遗文化科普,"文具类,礼盒套装类",非常认可，环保创新,希望兼顾传统工艺和日常实用性，价格可以分档。
daqi-answer-010,2026-08-10T18:57:00+08:00,男,18岁以下,职场上班族,1000元以内,非常喜欢,每月1次,"日常自用,送礼纪念","短视频平台,文创展会",略有耳闻,非常感兴趣,"手工工艺独特,色泽质感高级",工艺精致,愿意,不支持,提升包装质感,不确定,"大漆钥匙扣,大漆书签",传统国风古风,介意，追求完美品,"价格性价比,颜值外观",极高,单品简约款,喜欢,撞色潮流色系,非常愿意,"同学朋友送礼,纪念收藏",不在意,"款式同质化严重,包装简陋",40-60元,50元以内,可以接受小幅溢价,基本不会,一定会了解购买,"线上店铺,社群团购",大幅提升,可能复购,"工艺制作短视频,市集线下体验","配饰挂件类,文具类",比较认可,建议多做短视频展示制作过程，并在线下市集提供体验。
daqi-answer-011,2026-08-11T09:10:00+08:00,女,18-22岁,个体经营者,1000-2000元,比较喜欢,每月多次,"日常自用,收藏爱好",电商店铺,非常了解,比较感兴趣,国风颜值高,"价格昂贵,工艺精致",不愿意,强烈支持,"降低价格,适配日常使用",一定会,大漆书签,小众艺术轻奢风,完全接受，更有特色,独特小众性,较高,组合套装礼盒,无所谓,经典黑金红传统色,愿意,节日礼物,会，非常加分,"价格虚高,做工粗糙",20元以内,50-80元,完全不接受,一定会买,会驻足了解,"线上店铺,校园市集",小幅提升,不确定,"高颜值产品实拍图,工艺制作短视频",桌面摆件类,非常认可，环保创新,包装可以更精致，同时附上简明的非遗文化说明卡。
daqi-answer-012,2026-08-12T10:23:00+08:00,男,31-40岁,在校学生,2000-3500元,非常喜欢,每月多次,收藏爱好,"短视频平台,线下实体店",略有耳闻,兴趣较低,"非遗文化底蕴,国风颜值高","款式老旧,价格昂贵",非常愿意,中立,"适配日常使用,降低价格",可能会,"大漆漆扇,大漆钥匙扣",简约现代风,可以接受,"颜值外观,工艺质感",较低,盲盒款式,非常喜欢,莫兰迪浅色系,不愿意,"师生赠礼,纪念收藏",无影响,华而不实无实用性,20-40元,120元以上,完全愿意,大概率会,一定会了解购买,文创展会,无变化,一定会复购,非遗文化科普,"文具类,桌面摆件类",非常认可，环保创新,希望增加年轻化配色和小件礼盒，方便送礼和收藏。
daqi-answer-013,2026-08-13T11:36:00+08:00,男,18岁以下,职场上班族,1000元以内,非常喜欢,季度1-2次,"日常自用,市集/展会随手购买","短视频平台,电商店铺",完全没听过,非常感兴趣,"手工工艺独特,非遗文化底蕴",适合收藏送礼,无所谓,强烈支持,降低价格,不确定,"大漆钥匙扣,文创套装礼盒",传统国风古风,完全接受，更有特色,"工艺质感,独特小众性",极高,单品简约款,喜欢,自然原木底色,非常愿意,"同学朋友送礼,商务小礼品",会，非常加分,"做工粗糙,包装简陋",60元以上,50元以内,可以接受小幅溢价,一定会买,会驻足了解,"线上店铺,线下实体店",大幅提升,可能复购,"工艺制作短视频,非遗文化科普","配饰挂件类,定制专属类",无所谓,希望兼顾传统工艺和日常实用性，价格可以分档。
daqi-answer-014,2026-08-14T12:49:00+08:00,男,18-22岁,在校学生,1000-2000元,一般,每月多次,"送礼纪念,收藏爱好",校园市集,非常了解,比较感兴趣,小众不撞款,"价格昂贵,不适合日常使用",非常愿意,支持,"优化款式设计,适配日常使用",一定会,大漆书签,简约现代风,可以接受,颜值外观,较高,组合套装礼盒,不喜欢,经典黑金红传统色,随缘,节日礼物,略有影响,"价格虚高,款式同质化严重",20元以内,50-80元,完全愿意,大概率会,随缘,"校园市集,线上店铺",小幅提升,一定会复购,"高颜值产品实拍图,优惠活动福利",定制专属类,非常认可，环保创新,建议多做短视频展示制作过程，并在线下市集提供体验。
daqi-answer-015,2026-08-15T13:02:00+08:00,男,18岁以下,在校学生,1000元以内,非常喜欢,每月1次,活动奖品,"短视频平台,文创展会",完全没听过,毫无兴趣,"非遗文化底蕴,色泽质感高级","不适合日常使用,价格昂贵",愿意,中立,"适配日常使用,提升包装质感",可能会,"大漆漆扇,大漆书签",传统国风古风,介意，追求完美品,"价格性价比,颜值外观",极高,定制专属款,非常喜欢,撞色潮流色系,非常愿意,"商务小礼品,纪念收藏",不在意,华而不实无实用性,20-40元,50元以内,可以接受小幅溢价,看价格款式决定,一定会了解购买,文创展会,大幅提升,一定会复购,优惠活动福利,"文具类,配饰挂件类",比较认可,包装可以更精致，同时附上简明的非遗文化说明卡。
daqi-answer-016,2026-08-16T14:15:00+08:00,女,18岁以下,自由职业,1000-2000元,比较喜欢,半年一次,"日常自用,活动奖品","电商店铺,线下实体店",非常了解,非常感兴趣,"色泽质感高级,非遗文化底蕴",价格昂贵,无所谓,强烈支持,降低价格,一定会,"大件漆艺摆件,文创套装礼盒",小众艺术轻奢风,完全接受，更有特色,"工艺质感,文化寓意",较高,单品简约款,无所谓,经典黑金红传统色,愿意,"同学朋友送礼,师生赠礼",会，非常加分,"价格虚高,包装简陋",20元以内,50-80元,不太接受,一定会买,会驻足了解,"线上店铺,文创展会",大幅提升,不确定,"工艺制作短视频,高颜值产品实拍图","桌面摆件类,定制专属类",不认可,希望增加年轻化配色和小件礼盒，方便送礼和收藏。
daqi-answer-017,2026-08-17T15:28:00+08:00,男,23-30岁,在校学生,2000-3500元,不太喜欢,每月多次,"送礼纪念,日常自用",校园市集,略有耳闻,一般,非遗文化底蕴,"款式老旧,不适合日常使用",非常愿意,支持,"优化款式设计,降低价格",可能会,大漆书签,简约现代风,可以接受,颜值外观,一般,盲盒款式,非常喜欢,莫兰迪浅色系,不愿意,节日礼物,略有影响,"价格虚高,华而不实无实用性",20-40元,80-120元,完全愿意,大概率会,一定会了解购买,"校园市集,社群团购",无变化,一定会复购,"非遗文化科普,优惠活动福利",文具类,非常认可，环保创新,希望兼顾传统工艺和日常实用性，价格可以分档。
daqi-answer-018,2026-08-18T16:41:00+08:00,女,18岁以下,职场上班族,1000元以内,非常喜欢,每月1次,市集/展会随手购买,"短视频平台,电商店铺",非常了解,非常感兴趣,"手工工艺独特,色泽质感高级","不适合日常使用,适合收藏送礼",愿意,强烈支持,"加强科普宣传,提升包装质感",不确定,"大漆漆扇,文创套装礼盒",传统国风古风,非常介意,"价格性价比,实用性",极高,单品简约款,喜欢,自然原木底色,非常愿意,"同学朋友送礼,纪念收藏",会，非常加分,款式同质化严重,40-60元,50元以内,可以接受小幅溢价,一定会买,一定会了解购买,社群团购,大幅提升,可能复购,工艺制作短视频,"配饰挂件类,文具类",比较认可,建议多做短视频展示制作过程，并在线下市集提供体验。
daqi-answer-019,2026-08-19T17:54:00+08:00,男,18-22岁,个体经营者,1000-2000元,比较喜欢,几乎不买,"日常自用,收藏爱好","电商店铺,文创展会",略有耳闻,比较感兴趣,"色泽质感高级,小众不撞款",价格昂贵,非常愿意,支持,降低价格,一定会,"大漆书签,文创套装礼盒",可爱治愈风,完全接受，更有特色,"文化寓意,价格性价比",较高,组合套装礼盒,不喜欢,经典黑金红传统色,愿意,"同学朋友送礼,节日礼物",略有影响,"价格虚高,做工粗糙",20元以内,50-80元,完全愿意,一定会买,随缘,"线上店铺,校园市集",小幅提升,不会复购,"高颜值产品实拍图,工艺制作短视频","桌面摆件类,礼盒套装类",非常认可，环保创新,包装可以更精致，同时附上简明的非遗文化说明卡。
daqi-answer-020,2026-08-20T18:07:00+08:00,女,31-40岁,在校学生,3500元以上,完全不感兴趣,每月多次,"收藏爱好,日常自用",文创展会,完全没听过,一般,非遗文化底蕴,"款式老旧,价格昂贵",愿意,中立,"优化款式设计,提升包装质感",可能会,大漆漆扇,简约现代风,介意，追求完美品,颜值外观,较低,定制专属款,非常喜欢,莫兰迪浅色系,非常愿意,师生赠礼,无影响,"华而不实无实用性,价格虚高",20-40元,50元以内,完全愿意,看价格款式决定,一定会了解购买,"文创展会,社群团购",反而降低,一定会复购,"非遗文化科普,市集线下体验",文具类,比较认可,希望增加年轻化配色和小件礼盒，方便送礼和收藏。
daqi-answer-021,2026-08-21T09:20:00+08:00,男,18岁以下,职场上班族,1000元以内,非常喜欢,季度1-2次,日常自用,"短视频平台,朋友推荐",非常了解,非常感兴趣,"手工工艺独特,非遗文化底蕴","工艺精致,适合收藏送礼",无所谓,强烈支持,"降低价格,提升包装质感",基本不会,"大漆钥匙扣,文创套装礼盒",小众艺术轻奢风,完全接受，更有特色,"价格性价比,工艺质感",极高,单品简约款,喜欢,经典黑金红传统色,愿意,"同学朋友送礼,商务小礼品",会，非常加分,款式同质化严重,20元以内,50元以内,不太接受,一定会买,会驻足了解,线上店铺,大幅提升,可能复购,工艺制作短视频,"配饰挂件类,定制专属类",无所谓,希望兼顾传统工艺和日常实用性，价格可以分档。
daqi-answer-022,2026-08-22T10:33:00+08:00,女,18-22岁,其他,2000-3500元,一般,每月多次,"送礼纪念,收藏爱好","电商店铺,短视频平台",略有耳闻,比较感兴趣,"国风颜值高,小众不撞款",价格昂贵,非常愿意,支持,优化款式设计,一定会,"大漆书签,大件漆艺摆件",简约现代风,可以接受,"独特小众性,价格性价比",较高,组合套装礼盒,非常喜欢,莫兰迪浅色系,随缘,"节日礼物,同学朋友送礼",略有影响,"价格虚高,款式同质化严重",20元以内,80-120元,完全愿意,大概率会,不会关注,"校园市集,线上店铺",小幅提升,一定会复购,"高颜值产品实拍图,优惠活动福利","礼盒套装类,桌面摆件类",非常认可，环保创新,建议多做短视频展示制作过程，并在线下市集提供体验。
daqi-answer-023,2026-08-23T11:46:00+08:00,男,40岁以上,在校学生,1000元以内,非常喜欢,每月1次,"收藏爱好,市集/展会随手购买",线下实体店,非常了解,兴趣较低,非遗文化底蕴,"款式老旧,适合收藏送礼",愿意,不支持,"适配日常使用,提升包装质感",不确定,大漆漆扇,传统国风古风,非常介意,颜值外观,极高,单品简约款,喜欢,撞色潮流色系,非常愿意,师生赠礼,会，非常加分,"华而不实无实用性,包装简陋",40-60元,50元以内,可以接受小幅溢价,基本不会,一定会了解购买,"文创展会,线下实体店",大幅提升,可能复购,"市集线下体验,非遗文化科普",文具类,比较认可,包装可以更精致，同时附上简明的非遗文化说明卡。
daqi-answer-024,2026-08-24T12:59:00+08:00,女,18岁以下,自由职业,1000-2000元,比较喜欢,季度1-2次,日常自用,"短视频平台,校园市集",略有耳闻,非常感兴趣,"手工工艺独特,小众不撞款","价格昂贵,适合收藏送礼",不愿意,强烈支持,"降低价格,加强科普宣传",一定会,"大件漆艺摆件,文创套装礼盒",可爱治愈风,完全接受，更有特色,"工艺质感,颜值外观",极高,组合套装礼盒,无所谓,经典黑金红传统色,愿意,"同学朋友送礼,师生赠礼",会，非常加分,包装简陋,20元以内,50-80元,完全不接受,一定会买,会驻足了解,线上店铺,小幅提升,不确定,工艺制作短视频,"配饰挂件类,礼盒套装类",非常认可，环保创新,希望增加年轻化配色和小件礼盒，方便送礼和收藏。
daqi-answer-025,2026-08-25T13:12:00+08:00,男,23-30岁,在校学生,2000-3500元,一般,每月多次,"送礼纪念,日常自用","校园市集,线下实体店",非常了解,比较感兴趣,"非遗文化底蕴,小众不撞款",款式老旧,非常愿意,中立,优化款式设计,可能会,"大漆书签,大漆钥匙扣",简约现代风,可以接受,"颜值外观,独特小众性",一般,盲盒款式,非常喜欢,莫兰迪浅色系,非常愿意,"节日礼物,纪念收藏",无影响,"价格虚高,华而不实无实用性",20-40元,120元以上,完全愿意,大概率会,一定会了解购买,"校园市集,社群团购",无变化,一定会复购,"高颜值产品实拍图,市集线下体验","文具类,礼盒套装类",非常认可，环保创新,希望兼顾传统工艺和日常实用性，价格可以分档。
daqi-answer-026,2026-08-26T14:25:00+08:00,女,18岁以下,职场上班族,1000元以内,非常喜欢,每月1次,"活动奖品,市集/展会随手购买",短视频平台,非常了解,非常感兴趣,手工工艺独特,"不适合日常使用,适合收藏送礼",无所谓,强烈支持,"加强科普宣传,提升包装质感",基本不会,大漆漆扇,传统国风古风,完全接受，更有特色,价格性价比,极高,单品简约款,喜欢,经典黑金红传统色,非常愿意,纪念收藏,会，非常加分,"款式同质化严重,包装简陋",60元以上,50元以内,可以接受小幅溢价,一定会买,会驻足了解,"线下实体店,文创展会",大幅提升,可能复购,"工艺制作短视频,市集线下体验",配饰挂件类,无所谓,建议多做短视频展示制作过程，并在线下市集提供体验。
daqi-answer-027,2026-08-27T15:38:00+08:00,男,18-22岁,自由职业,1000-2000元,比较喜欢,半年一次,日常自用,"电商店铺,短视频平台",完全没听过,比较感兴趣,"色泽质感高级,小众不撞款","价格昂贵,工艺精致",非常愿意,支持,"降低价格,适配日常使用",一定会,"大漆书签,文创套装礼盒",简约现代风,可以接受,"工艺质感,实用性",较高,组合套装礼盒,非常喜欢,经典黑金红传统色,随缘,"同学朋友送礼,节日礼物",略有影响,价格虚高,20元以内,50-80元,完全愿意,大概率会,随缘,线上店铺,小幅提升,一定会复购,高颜值产品实拍图,"桌面摆件类,礼盒套装类",非常认可，环保创新,包装可以更精致，同时附上简明的非遗文化说明卡。
daqi-answer-028,2026-08-28T16:51:00+08:00,女,23-30岁,在校学生,1000元以内,不太喜欢,每月多次,"送礼纪念,市集/展会随手购买","校园市集,文创展会",非常了解,一般,"非遗文化底蕴,国风颜值高",款式老旧,愿意,不支持,优化款式设计,可能会,"大漆书签,大漆漆扇",传统国风古风,介意，追求完美品,"颜值外观,文化寓意",一般,单品简约款,非常喜欢,撞色潮流色系,非常愿意,"师生赠礼,纪念收藏",不在意,"华而不实无实用性,价格虚高",20-40元,50元以内,可以接受小幅溢价,看价格款式决定,一定会了解购买,"校园市集,线下实体店",大幅提升,一定会复购,"非遗文化科普,市集线下体验","文具类,桌面摆件类",比较认可,希望增加年轻化配色和小件礼盒，方便送礼和收藏。
daqi-answer-029,2026-08-01T17:04:00+08:00,男,18岁以下,职场上班族,1000-2000元,非常喜欢,每月1次,"日常自用,市集/展会随手购买",短视频平台,略有耳闻,非常感兴趣,手工工艺独特,"工艺精致,适合收藏送礼",不愿意,强烈支持,"降低价格,提升包装质感",一定会,大漆钥匙扣,小众艺术轻奢风,完全接受，更有特色,价格性价比,极高,单品简约款,无所谓,经典黑金红传统色,愿意,同学朋友送礼,会，非常加分,"款式同质化严重,做工粗糙",20元以内,50-80元,不太接受,一定会买,会驻足了解,"线上店铺,线下实体店",大幅提升,不确定,"工艺制作短视频,非遗文化科普",配饰挂件类,不认可,希望兼顾传统工艺和日常实用性，价格可以分档。
daqi-answer-030,2026-08-02T18:17:00+08:00,男,18-22岁,个体经营者,2000-3500元,比较喜欢,每月多次,送礼纪念,"电商店铺,朋友推荐",非常了解,比较感兴趣,"国风颜值高,小众不撞款","价格昂贵,不适合日常使用",非常愿意,支持,"降低价格,优化款式设计",可能会,"大漆书签,大件漆艺摆件",简约现代风,可以接受,"文化寓意,工艺质感",较高,盲盒款式,非常喜欢,莫兰迪浅色系,不愿意,"节日礼物,同学朋友送礼",略有影响,价格虚高,20-40元,80-120元,完全愿意,大概率会,一定会了解购买,校园市集,无变化,一定会复购,高颜值产品实拍图,"礼盒套装类,桌面摆件类",非常认可，环保创新,建议多做短视频展示制作过程，并在线下市集提供体验。
daqi-answer-031,2026-08-03T09:30:00+08:00,男,31-40岁,在校学生,1000元以内,非常喜欢,每月1次,"收藏爱好,市集/展会随手购买","文创展会,电商店铺",略有耳闻,兴趣较低,"非遗文化底蕴,色泽质感高级",款式老旧,愿意,强烈支持,适配日常使用,不确定,"大漆漆扇,大漆书签",传统国风古风,完全接受，更有特色,"颜值外观,价格性价比",不看重,单品简约款,喜欢,自然原木底色,非常愿意,"师生赠礼,商务小礼品",会，非常加分,"华而不实无实用性,包装简陋",40-60元,50元以内,可以接受小幅溢价,一定会买,一定会了解购买,"文创展会,线下实体店",大幅提升,可能复购,"市集线下体验,非遗文化科普","文具类,配饰挂件类",比较认可,包装可以更精致，同时附上简明的非遗文化说明卡。
daqi-answer-032,2026-08-04T10:43:00+08:00,男,18岁以下,职场上班族,1000-2000元,比较喜欢,季度1-2次,"日常自用,活动奖品",短视频平台,完全没听过,非常感兴趣,手工工艺独特,"价格昂贵,适合收藏送礼",非常愿意,支持,"降低价格,加强科普宣传",一定会,大漆钥匙扣,简约现代风,完全接受，更有特色,价格性价比,极高,组合套装礼盒,不喜欢,经典黑金红传统色,愿意,同学朋友送礼,略有影响,"做工粗糙,款式同质化严重",20元以内,50-80元,完全愿意,一定会买,随缘,"线上店铺,文创展会",小幅提升,不会复购,"工艺制作短视频,高颜值产品实拍图",配饰挂件类,非常认可，环保创新,希望增加年轻化配色和小件礼盒，方便送礼和收藏。
daqi-answer-033,2026-08-05T11:56:00+08:00,女,18-22岁,在校学生,3500元以上,一般,每月多次,送礼纪念,"电商店铺,校园市集",非常了解,比较感兴趣,"非遗文化底蕴,小众不撞款","价格昂贵,款式老旧",愿意,中立,"优化款式设计,降低价格",可能会,"大漆书签,大漆钥匙扣",简约现代风,介意，追求完美品,"实用性,价格性价比",一般,定制专属款,非常喜欢,莫兰迪浅色系,非常愿意,"节日礼物,纪念收藏",无影响,价格虚高,20-40元,50元以内,完全愿意,看价格款式决定,一定会了解购买,校园市集,反而降低,一定会复购,高颜值产品实拍图,"文具类,礼盒套装类",比较认可,希望兼顾传统工艺和日常实用性，价格可以分档。
daqi-answer-034,2026-08-06T12:09:00+08:00,男,18岁以下,职场上班族,1000元以内,非常喜欢,每月1次,"活动奖品,市集/展会随手购买","线下实体店,电商店铺",略有耳闻,非常感兴趣,"非遗文化底蕴,手工工艺独特",不适合日常使用,无所谓,强烈支持,适配日常使用,一定会,"大漆漆扇,文创套装礼盒",小众艺术轻奢风,完全接受，更有特色,"颜值外观,实用性",极高,单品简约款,喜欢,经典黑金红传统色,愿意,"商务小礼品,师生赠礼",会，非常加分,"华而不实无实用性,做工粗糙",20元以内,50元以内,不太接受,一定会买,会驻足了解,"线下实体店,文创展会",大幅提升,可能复购,"工艺制作短视频,市集线下体验","文具类,定制专属类",无所谓,建议多做短视频展示制作过程，并在线下市集提供体验。
daqi-answer-035,2026-08-07T13:22:00+08:00,女,18-22岁,自由职业,2000-3500元,比较喜欢,半年一次,"日常自用,收藏爱好",短视频平台,非常了解,非常感兴趣,色泽质感高级,"价格昂贵,工艺精致",非常愿意,支持,"降低价格,适配日常使用",一定会,文创套装礼盒,简约现代风,可以接受,工艺质感,较高,组合套装礼盒,非常喜欢,莫兰迪浅色系,随缘,同学朋友送礼,略有影响,"价格虚高,做工粗糙",20元以内,80-120元,完全愿意,大概率会,不会关注,"线上店铺,校园市集",小幅提升,一定会复购,"工艺制作短视频,优惠活动福利",桌面摆件类,非常认可，环保创新,包装可以更精致，同时附上简明的非遗文化说明卡。
daqi-answer-036,2026-08-08T14:35:00+08:00,男,23-30岁,在校学生,1000元以内,不太喜欢,每月多次,送礼纪念,"校园市集,短视频平台",略有耳闻,一般,"非遗文化底蕴,国风颜值高","款式老旧,价格昂贵",愿意,强烈支持,"优化款式设计,提升包装质感",不确定,"大漆书签,大漆漆扇",传统国风古风,非常介意,"颜值外观,价格性价比",一般,单品简约款,喜欢,撞色潮流色系,非常愿意,"节日礼物,商务小礼品",会，非常加分,华而不实无实用性,40-60元,50元以内,可以接受小幅溢价,基本不会,一定会了解购买,校园市集,大幅提升,可能复购,非遗文化科普,"文具类,桌面摆件类",比较认可,希望增加年轻化配色和小件礼盒，方便送礼和收藏。
daqi-answer-037,2026-08-09T15:48:00+08:00,女,18岁以下,职场上班族,1000-2000元,非常喜欢,每月1次,"日常自用,市集/展会随手购买","短视频平台,线下实体店",非常了解,非常感兴趣,"手工工艺独特,非遗文化底蕴",不适合日常使用,非常愿意,强烈支持,提升包装质感,一定会,"大漆钥匙扣,文创套装礼盒",可爱治愈风,完全接受，更有特色,"价格性价比,文化寓意",极高,组合套装礼盒,无所谓,经典黑金红传统色,愿意,"同学朋友送礼,商务小礼品",会，非常加分,"款式同质化严重,做工粗糙",20元以内,50-80元,完全不接受,一定会买,会驻足了解,"线上店铺,线下实体店",小幅提升,不确定,"工艺制作短视频,非遗文化科普","配饰挂件类,定制专属类",非常认可，环保创新,希望兼顾传统工艺和日常实用性，价格可以分档。
daqi-answer-038,2026-08-10T16:01:00+08:00,男,18-22岁,个体经营者,3500元以上,比较喜欢,每月多次,"日常自用,送礼纪念",电商店铺,非常了解,比较感兴趣,色泽质感高级,"价格昂贵,不适合日常使用",非常愿意,中立,"降低价格,优化款式设计",可能会,大漆书签,简约现代风,可以接受,工艺质感,较高,盲盒款式,非常喜欢,莫兰迪浅色系,非常愿意,节日礼物,无影响,"价格虚高,款式同质化严重",20-40元,120元以上,完全愿意,大概率会,一定会了解购买,"线上店铺,社群团购",无变化,一定会复购,"高颜值产品实拍图,优惠活动福利",桌面摆件类,非常认可，环保创新,建议多做短视频展示制作过程，并在线下市集提供体验。
daqi-answer-039,2026-08-11T17:14:00+08:00,女,31-40岁,在校学生,1000元以内,非常喜欢,每月多次,收藏爱好,"校园市集,朋友推荐",完全没听过,一般,"非遗文化底蕴,色泽质感高级","款式老旧,适合收藏送礼",无所谓,强烈支持,"适配日常使用,提升包装质感",基本不会,"大漆漆扇,大漆书签",传统国风古风,完全接受，更有特色,"颜值外观,实用性",较低,单品简约款,喜欢,经典黑金红传统色,非常愿意,"师生赠礼,商务小礼品",会，非常加分,华而不实无实用性,60元以上,50元以内,可以接受小幅溢价,一定会买,会驻足了解,文创展会,大幅提升,可能复购,非遗文化科普,"文具类,配饰挂件类",无所谓,包装可以更精致，同时附上简明的非遗文化说明卡。
daqi-answer-040,2026-08-12T18:27:00+08:00,男,18岁以下,职场上班族,1000-2000元,非常喜欢,季度1-2次,"日常自用,活动奖品","短视频平台,文创展会",非常了解,非常感兴趣,"手工工艺独特,小众不撞款",适合收藏送礼,非常愿意,支持,降低价格,一定会,"大漆钥匙扣,大件漆艺摆件",简约现代风,可以接受,"价格性价比,颜值外观",极高,组合套装礼盒,非常喜欢,经典黑金红传统色,随缘,"同学朋友送礼,师生赠礼",略有影响,"做工粗糙,款式同质化严重",20元以内,50-80元,完全愿意,大概率会,随缘,"线上店铺,文创展会",小幅提升,一定会复购,"工艺制作短视频,高颜值产品实拍图","配饰挂件类,礼盒套装类",非常认可，环保创新,希望增加年轻化配色和小件礼盒，方便送礼和收藏。
daqi-answer-041,2026-08-13T09:40:00+08:00,女,18-22岁,在校学生,1000元以内,一般,每月多次,"送礼纪念,日常自用",电商店铺,略有耳闻,比较感兴趣,小众不撞款,"价格昂贵,款式老旧",愿意,不支持,"优化款式设计,降低价格",可能会,大漆书签,传统国风古风,介意，追求完美品,文化寓意,较高,单品简约款,非常喜欢,撞色潮流色系,非常愿意,节日礼物,不在意,"价格虚高,华而不实无实用性",20-40元,50元以内,可以接受小幅溢价,看价格款式决定,一定会了解购买,"校园市集,社群团购",大幅提升,一定会复购,"高颜值产品实拍图,市集线下体验",定制专属类,比较认可,希望兼顾传统工艺和日常实用性，价格可以分档。
daqi-answer-042,2026-08-14T10:53:00+08:00,男,18岁以下,在校学生,1000-2000元,非常喜欢,每月1次,收藏爱好,"文创展会,校园市集",非常了解,毫无兴趣,"非遗文化底蕴,手工工艺独特","不适合日常使用,适合收藏送礼",不愿意,强烈支持,"适配日常使用,加强科普宣传",一定会,"大漆漆扇,文创套装礼盒",小众艺术轻奢风,完全接受，更有特色,"颜值外观,工艺质感",极高,单品简约款,无所谓,经典黑金红传统色,愿意,"商务小礼品,师生赠礼",会，非常加分,华而不实无实用性,20元以内,50-80元,不太接受,一定会买,会驻足了解,文创展会,大幅提升,不确定,优惠活动福利,"文具类,定制专属类",不认可,建议多做短视频展示制作过程，并在线下市集提供体验。
daqi-answer-043,2026-08-15T11:06:00+08:00,女,18岁以下,自由职业,2000-3500元,比较喜欢,季度1-2次,"日常自用,收藏爱好","短视频平台,电商店铺",略有耳闻,非常感兴趣,"色泽质感高级,小众不撞款",价格昂贵,非常愿意,支持,降低价格,可能会,"大件漆艺摆件,大漆钥匙扣",简约现代风,可以接受,"价格性价比,实用性",较高,盲盒款式,非常喜欢,莫兰迪浅色系,不愿意,"同学朋友送礼,节日礼物",略有影响,"价格虚高,做工粗糙",20-40元,80-120元,完全愿意,大概率会,一定会了解购买,"线上店铺,校园市集",无变化,一定会复购,"工艺制作短视频,优惠活动福利","桌面摆件类,礼盒套装类",非常认可，环保创新,包装可以更精致，同时附上简明的非遗文化说明卡。
daqi-answer-044,2026-08-16T12:19:00+08:00,男,23-30岁,在校学生,1000元以内,一般,每月多次,"送礼纪念,市集/展会随手购买",电商店铺,完全没听过,一般,非遗文化底蕴,"款式老旧,价格昂贵",愿意,强烈支持,"优化款式设计,提升包装质感",不确定,大漆书签,传统国风古风,完全接受，更有特色,实用性,一般,单品简约款,喜欢,自然原木底色,非常愿意,节日礼物,会，非常加分,"价格虚高,包装简陋",40-60元,50元以内,可以接受小幅溢价,一定会买,一定会了解购买,"校园市集,线下实体店",大幅提升,可能复购,"非遗文化科普,市集线下体验",文具类,比较认可,希望增加年轻化配色和小件礼盒，方便送礼和收藏。
daqi-answer-045,2026-08-17T13:32:00+08:00,女,18岁以下,职场上班族,1000-2000元,非常喜欢,每月1次,市集/展会随手购买,"朋友推荐,电商店铺",非常了解,非常感兴趣,"手工工艺独特,非遗文化底蕴","不适合日常使用,工艺精致",非常愿意,支持,"加强科普宣传,适配日常使用",一定会,"大漆漆扇,大件漆艺摆件",简约现代风,完全接受，更有特色,"颜值外观,独特小众性",极高,组合套装礼盒,不喜欢,经典黑金红传统色,愿意,"同学朋友送礼,商务小礼品",略有影响,款式同质化严重,20元以内,50-80元,完全愿意,一定会买,随缘,社群团购,小幅提升,不会复购,工艺制作短视频,"配饰挂件类,定制专属类",非常认可，环保创新,希望兼顾传统工艺和日常实用性，价格可以分档。
daqi-answer-046,2026-08-18T14:45:00+08:00,男,18-22岁,自由职业,1000元以内,比较喜欢,几乎不买,"日常自用,送礼纪念","短视频平台,朋友推荐",完全没听过,比较感兴趣,"色泽质感高级,国风颜值高",价格昂贵,愿意,中立,降低价格,可能会,"大漆书签,大件漆艺摆件",简约现代风,介意，追求完美品,"工艺质感,文化寓意",较高,定制专属款,非常喜欢,莫兰迪浅色系,非常愿意,"同学朋友送礼,纪念收藏",无影响,"价格虚高,款式同质化严重",20-40元,50元以内,完全愿意,看价格款式决定,一定会了解购买,"线上店铺,社群团购",反而降低,一定会复购,"高颜值产品实拍图,优惠活动福利","桌面摆件类,配饰挂件类",比较认可,建议多做短视频展示制作过程，并在线下市集提供体验。
daqi-answer-047,2026-08-19T15:58:00+08:00,男,23-30岁,在校学生,1000元以内,完全不感兴趣,每月多次,"收藏爱好,市集/展会随手购买",校园市集,非常了解,一般,非遗文化底蕴,"款式老旧,适合收藏送礼",无所谓,强烈支持,"优化款式设计,加强科普宣传",一定会,大漆漆扇,小众艺术轻奢风,完全接受，更有特色,颜值外观,较低,单品简约款,喜欢,经典黑金红传统色,愿意,师生赠礼,会，非常加分,"华而不实无实用性,包装简陋",20元以内,50元以内,不太接受,一定会买,会驻足了解,"文创展会,线下实体店",大幅提升,可能复购,"非遗文化科普,高颜值产品实拍图",文具类,无所谓,包装可以更精致，同时附上简明的非遗文化说明卡。
daqi-answer-048,2026-08-20T16:11:00+08:00,男,18岁以下,职场上班族,2000-3500元,非常喜欢,季度1-2次,日常自用,"短视频平台,电商店铺",略有耳闻,非常感兴趣,"手工工艺独特,小众不撞款","工艺精致,不适合日常使用",非常愿意,支持,"降低价格,加强科普宣传",一定会,"大漆钥匙扣,大件漆艺摆件",简约现代风,可以接受,"价格性价比,实用性",极高,组合套装礼盒,非常喜欢,莫兰迪浅色系,随缘,"同学朋友送礼,师生赠礼",略有影响,款式同质化严重,20元以内,80-120元,完全愿意,大概率会,不会关注,线上店铺,小幅提升,一定会复购,工艺制作短视频,"配饰挂件类,礼盒套装类",非常认可，环保创新,希望增加年轻化配色和小件礼盒，方便送礼和收藏。
daqi-answer-049,2026-08-21T17:24:00+08:00,男,18-22岁,其他,1000元以内,一般,每月多次,"送礼纪念,日常自用","电商店铺,文创展会",非常了解,比较感兴趣,"国风颜值高,色泽质感高级",价格昂贵,愿意,强烈支持,优化款式设计,不确定,"大漆书签,大漆钥匙扣",传统国风古风,非常介意,"工艺质感,颜值外观",较高,单品简约款,喜欢,撞色潮流色系,非常愿意,"节日礼物,纪念收藏",会，非常加分,"价格虚高,华而不实无实用性",40-60元,50元以内,可以接受小幅溢价,基本不会,一定会了解购买,"校园市集,社群团购",大幅提升,可能复购,"高颜值产品实拍图,市集线下体验","礼盒套装类,配饰挂件类",比较认可,希望兼顾传统工艺和日常实用性，价格可以分档。
daqi-answer-050,2026-08-22T18:37:00+08:00,男,40岁以上,在校学生,1000-2000元,非常喜欢,每月1次,"收藏爱好,活动奖品",校园市集,略有耳闻,兴趣较低,非遗文化底蕴,"款式老旧,工艺精致",非常愿意,强烈支持,"适配日常使用,加强科普宣传",一定会,大漆漆扇,可爱治愈风,完全接受，更有特色,颜值外观,极高,组合套装礼盒,无所谓,经典黑金红传统色,愿意,师生赠礼,会，非常加分,"华而不实无实用性,做工粗糙",20元以内,50-80元,完全不接受,一定会买,会驻足了解,"文创展会,校园市集",小幅提升,不确定,"市集线下体验,高颜值产品实拍图",文具类,非常认可，环保创新,建议多做短视频展示制作过程，并在线下市集提供体验。
daqi-answer-051,2026-08-23T09:50:00+08:00,男,18岁以下,自由职业,3500元以上,比较喜欢,季度1-2次,日常自用,"短视频平台,朋友推荐",完全没听过,非常感兴趣,"手工工艺独特,国风颜值高","价格昂贵,工艺精致",非常愿意,中立,"降低价格,适配日常使用",可能会,"大件漆艺摆件,大漆钥匙扣",简约现代风,可以接受,"价格性价比,工艺质感",极高,盲盒款式,非常喜欢,莫兰迪浅色系,非常愿意,"同学朋友送礼,节日礼物",无影响,包装简陋,20-40元,120元以上,完全愿意,大概率会,一定会了解购买,线上店铺,无变化,一定会复购,工艺制作短视频,"配饰挂件类,桌面摆件类",非常认可，环保创新,包装可以更精致，同时附上简明的非遗文化说明卡。
daqi-answer-052,2026-08-24T10:03:00+08:00,女,23-30岁,在校学生,1000元以内,一般,每月多次,"送礼纪念,市集/展会随手购买","电商店铺,短视频平台",非常了解,比较感兴趣,"非遗文化底蕴,国风颜值高",款式老旧,无所谓,强烈支持,优化款式设计,基本不会,"大漆书签,大漆漆扇",传统国风古风,完全接受，更有特色,"文化寓意,独特小众性",一般,单品简约款,喜欢,经典黑金红传统色,非常愿意,"节日礼物,商务小礼品",会，非常加分,"价格虚高,包装简陋",60元以上,50元以内,可以接受小幅溢价,一定会买,会驻足了解,"校园市集,线下实体店",大幅提升,可能复购,"高颜值产品实拍图,非遗文化科普","文具类,桌面摆件类",无所谓,希望增加年轻化配色和小件礼盒，方便送礼和收藏。
daqi-answer-053,2026-08-25T11:16:00+08:00,男,18岁以下,职场上班族,1000-2000元,非常喜欢,每月1次,"活动奖品,收藏爱好",文创展会,略有耳闻,非常感兴趣,手工工艺独特,"不适合日常使用,工艺精致",非常愿意,支持,"加强科普宣传,适配日常使用",一定会,大漆漆扇,简约现代风,可以接受,颜值外观,极高,组合套装礼盒,非常喜欢,经典黑金红传统色,随缘,纪念收藏,略有影响,"款式同质化严重,做工粗糙",20元以内,50-80元,完全愿意,大概率会,随缘,"线下实体店,校园市集",小幅提升,一定会复购,"工艺制作短视频,非遗文化科普",文具类,非常认可，环保创新,希望兼顾传统工艺和日常实用性，价格可以分档。
daqi-answer-054,2026-08-26T12:29:00+08:00,女,18-22岁,自由职业,1000元以内,比较喜欢,半年一次,日常自用,"短视频平台,校园市集",非常了解,比较感兴趣,"色泽质感高级,国风颜值高","价格昂贵,不适合日常使用",愿意,不支持,"降低价格,优化款式设计",可能会,"大漆书签,大件漆艺摆件",传统国风古风,介意，追求完美品,"价格性价比,独特小众性",较高,单品简约款,非常喜欢,撞色潮流色系,非常愿意,"同学朋友送礼,纪念收藏",不在意,价格虚高,20-40元,50元以内,可以接受小幅溢价,看价格款式决定,一定会了解购买,线上店铺,大幅提升,一定会复购,工艺制作短视频,"桌面摆件类,配饰挂件类",比较认可,建议多做短视频展示制作过程，并在线下市集提供体验。
daqi-answer-055,2026-08-27T13:42:00+08:00,男,23-30岁,在校学生,1000-2000元,不太喜欢,每月多次,"送礼纪念,活动奖品","电商店铺,朋友推荐",略有耳闻,一般,"非遗文化底蕴,色泽质感高级",款式老旧,不愿意,强烈支持,优化款式设计,一定会,"大漆书签,文创套装礼盒",小众艺术轻奢风,完全接受，更有特色,"实用性,文化寓意",一般,单品简约款,无所谓,经典黑金红传统色,愿意,"师生赠礼,商务小礼品",会，非常加分,"华而不实无实用性,包装简陋",20元以内,50-80元,不太接受,一定会买,会驻足了解,"校园市集,文创展会",大幅提升,不确定,"非遗文化科普,高颜值产品实拍图","文具类,配饰挂件类",不认可,包装可以更精致，同时附上简明的非遗文化说明卡。
daqi-answer-056,2026-08-28T14:55:00+08:00,女,18岁以下,职场上班族,2000-3500元,非常喜欢,每月1次,"日常自用,活动奖品",朋友推荐,非常了解,非常感兴趣,手工工艺独特,"工艺精致,不适合日常使用",非常愿意,支持,"降低价格,加强科普宣传",可能会,大漆钥匙扣,简约现代风,可以接受,颜值外观,极高,盲盒款式,非常喜欢,莫兰迪浅色系,不愿意,同学朋友送礼,略有影响,"款式同质化严重,华而不实无实用性",20-40元,80-120元,完全愿意,大概率会,一定会了解购买,"线上店铺,文创展会",无变化,一定会复购,"工艺制作短视频,高颜值产品实拍图",配饰挂件类,非常认可，环保创新,希望增加年轻化配色和小件礼盒，方便送礼和收藏。
daqi-answer-057,2026-08-01T15:08:00+08:00,男,18-22岁,个体经营者,1000元以内,比较喜欢,每月多次,送礼纪念,"短视频平台,线下实体店",非常了解,比较感兴趣,"国风颜值高,色泽质感高级","价格昂贵,款式老旧",愿意,强烈支持,"降低价格,提升包装质感",不确定,"大漆书签,大漆钥匙扣",传统国风古风,完全接受，更有特色,"价格性价比,文化寓意",较高,单品简约款,喜欢,自然原木底色,非常愿意,"节日礼物,纪念收藏",会，非常加分,价格虚高,40-60元,50元以内,可以接受小幅溢价,一定会买,一定会了解购买,线上店铺,大幅提升,可能复购,高颜值产品实拍图,"礼盒套装类,配饰挂件类",无所谓,希望兼顾传统工艺和日常实用性，价格可以分档。
daqi-answer-058,2026-08-02T16:21:00+08:00,女,31-40岁,在校学生,1000-2000元,非常喜欢,每月1次,"收藏爱好,活动奖品","校园市集,文创展会",完全没听过,兴趣较低,"非遗文化底蕴,手工工艺独特",款式老旧,非常愿意,支持,适配日常使用,一定会,"大漆漆扇,文创套装礼盒",简约现代风,完全接受，更有特色,"颜值外观,文化寓意",不看重,组合套装礼盒,不喜欢,经典黑金红传统色,愿意,"师生赠礼,节日礼物",略有影响,"华而不实无实用性,做工粗糙",20元以内,50-80元,完全愿意,一定会买,随缘,"文创展会,校园市集",小幅提升,不会复购,"市集线下体验,高颜值产品实拍图","文具类,定制专属类",非常认可，环保创新,建议多做短视频展示制作过程，并在线下市集提供体验。
daqi-answer-059,2026-08-03T17:34:00+08:00,男,18岁以下,职场上班族,1000元以内,比较喜欢,季度1-2次,"日常自用,收藏爱好",短视频平台,非常了解,非常感兴趣,手工工艺独特,"价格昂贵,工艺精致",愿意,中立,"降低价格,适配日常使用",可能会,大漆钥匙扣,简约现代风,介意，追求完美品,颜值外观,极高,定制专属款,非常喜欢,莫兰迪浅色系,非常愿意,同学朋友送礼,无影响,"做工粗糙,华而不实无实用性",20-40元,50元以内,完全愿意,看价格款式决定,一定会了解购买,"线上店铺,校园市集",反而降低,一定会复购,"工艺制作短视频,优惠活动福利",配饰挂件类,比较认可,包装可以更精致，同时附上简明的非遗文化说明卡。
daqi-answer-060,2026-08-04T18:47:00+08:00,女,18-22岁,在校学生,1000元以内,一般,每月多次,送礼纪念,"电商店铺,朋友推荐",略有耳闻,比较感兴趣,"非遗文化底蕴,国风颜值高","价格昂贵,适合收藏送礼",无所谓,强烈支持,"优化款式设计,提升包装质感",一定会,"大漆书签,大漆漆扇",小众艺术轻奢风,完全接受，更有特色,"工艺质感,价格性价比",一般,单品简约款,喜欢,经典黑金红传统色,愿意,"节日礼物,商务小礼品",会，非常加分,价格虚高,20元以内,50元以内,不太接受,一定会买,会驻足了解,校园市集,大幅提升,不确定,高颜值产品实拍图,"文具类,桌面摆件类",无所谓,希望增加年轻化配色和小件礼盒，方便送礼和收藏。
daqi-answer-061,2026-08-05T09:00:00+08:00,男,18岁以下,职场上班族,2000-3500元,非常喜欢,每月1次,"活动奖品,收藏爱好","校园市集,短视频平台",非常了解,非常感兴趣,"非遗文化底蕴,小众不撞款",不适合日常使用,非常愿意,支持,适配日常使用,一定会,"大漆漆扇,大件漆艺摆件",简约现代风,可以接受,"颜值外观,价格性价比",极高,组合套装礼盒,非常喜欢,莫兰迪浅色系,随缘,"商务小礼品,节日礼物",略有影响,"华而不实无实用性,款式同质化严重",20元以内,80-120元,完全愿意,大概率会,不会关注,"线下实体店,校园市集",无变化,一定会复购,"工艺制作短视频,非遗文化科普","文具类,礼盒套装类",非常认可，环保创新,希望兼顾传统工艺和日常实用性，价格可以分档。
daqi-answer-062,2026-08-06T10:13:00+08:00,女,18-22岁,自由职业,1000元以内,比较喜欢,半年一次,"日常自用,送礼纪念",短视频平台,略有耳闻,非常感兴趣,色泽质感高级,"价格昂贵,不适合日常使用",愿意,强烈支持,"降低价格,优化款式设计",不确定,文创套装礼盒,传统国风古风,非常介意,价格性价比,较高,单品简约款,喜欢,撞色潮流色系,非常愿意,同学朋友送礼,会，非常加分,"价格虚高,款式同质化严重",40-60元,50元以内,可以接受小幅溢价,基本不会,一定会了解购买,"线上店铺,社群团购",大幅提升,可能复购,"工艺制作短视频,市集线下体验",桌面摆件类,比较认可,建议多做短视频展示制作过程，并在线下市集提供体验。
daqi-answer-063,2026-08-07T11:26:00+08:00,男,23-30岁,在校学生,1000-2000元,不太喜欢,每月多次,送礼纪念,"电商店铺,校园市集",完全没听过,一般,"非遗文化底蕴,色泽质感高级","款式老旧,适合收藏送礼",非常愿意,强烈支持,"优化款式设计,加强科普宣传",一定会,"大漆书签,文创套装礼盒",可爱治愈风,完全接受，更有特色,"工艺质感,独特小众性",一般,组合套装礼盒,无所谓,经典黑金红传统色,愿意,"节日礼物,师生赠礼",会，非常加分,价格虚高,20元以内,50-80元,完全不接受,一定会买,随缘,校园市集,小幅提升,不确定,非遗文化科普,"文具类,配饰挂件类",非常认可，环保创新,包装可以更精致，同时附上简明的非遗文化说明卡。
daqi-answer-064,2026-08-08T12:39:00+08:00,女,18岁以下,职场上班族,3500元以上,非常喜欢,每月1次,"日常自用,活动奖品","文创展会,线下实体店",非常了解,非常感兴趣,"手工工艺独特,小众不撞款",不适合日常使用,非常愿意,中立,提升包装质感,可能会,"大漆钥匙扣,大件漆艺摆件",简约现代风,可以接受,"颜值外观,实用性",极高,盲盒款式,非常喜欢,莫兰迪浅色系,非常愿意,"同学朋友送礼,师生赠礼",无影响,"款式同质化严重,华而不实无实用性",20-40元,120元以上,完全愿意,看价格款式决定,一定会了解购买,"线上店铺,文创展会",无变化,一定会复购,"工艺制作短视频,高颜值产品实拍图","配饰挂件类,礼盒套装类",非常认可，环保创新,希望增加年轻化配色和小件礼盒，方便送礼和收藏。
daqi-answer-065,2026-08-09T13:52:00+08:00,男,18-22岁,个体经营者,1000元以内,比较喜欢,每月多次,"日常自用,市集/展会随手购买",短视频平台,完全没听过,比较感兴趣,色泽质感高级,"价格昂贵,款式老旧",无所谓,强烈支持,"降低价格,提升包装质感",基本不会,大漆书签,传统国风古风,完全接受，更有特色,价格性价比,较高,单品简约款,喜欢,经典黑金红传统色,非常愿意,同学朋友送礼,会，非常加分,"价格虚高,华而不实无实用性",60元以上,50元以内,不太接受,一定会买,会驻足了解,"线上店铺,线下实体店",大幅提升,可能复购,"高颜值产品实拍图,市集线下体验",桌面摆件类,无所谓,希望兼顾传统工艺和日常实用性，价格可以分档。
daqi-answer-066,2026-08-10T14:05:00+08:00,男,31-40岁,在校学生,1000-2000元,非常喜欢,每月多次,收藏爱好,"电商店铺,线下实体店",非常了解,一般,"非遗文化底蕴,手工工艺独特","款式老旧,工艺精致",非常愿意,支持,"适配日常使用,加强科普宣传",一定会,"大漆漆扇,文创套装礼盒",简约现代风,可以接受,"实用性,独特小众性",较低,组合套装礼盒,非常喜欢,经典黑金红传统色,随缘,"师生赠礼,节日礼物",略有影响,华而不实无实用性,20元以内,80-120元,完全愿意,大概率会,随缘,文创展会,小幅提升,一定会复购,非遗文化科普,"文具类,定制专属类",非常认可，环保创新,建议多做短视频展示制作过程，并在线下市集提供体验。
daqi-answer-067,2026-08-11T15:18:00+08:00,男,18岁以下,职场上班族,1000元以内,非常喜欢,季度1-2次,"日常自用,收藏爱好","朋友推荐,文创展会",略有耳闻,非常感兴趣,"手工工艺独特,国风颜值高",适合收藏送礼,愿意,不支持,降低价格,可能会,"大漆钥匙扣,大漆漆扇",传统国风古风,介意，追求完美品,"颜值外观,工艺质感",极高,单品简约款,非常喜欢,撞色潮流色系,非常愿意,"同学朋友送礼,节日礼物",不在意,"做工粗糙,华而不实无实用性",40-60元,50元以内,可以接受小幅溢价,看价格款式决定,一定会了解购买,"线上店铺,校园市集",大幅提升,一定会复购,"工艺制作短视频,优惠活动福利","配饰挂件类,桌面摆件类",比较认可,包装可以更精致，同时附上简明的非遗文化说明卡。
daqi-answer-068,2026-08-12T16:31:00+08:00,男,18-22岁,在校学生,1000-2000元,一般,每月多次,"送礼纪念,市集/展会随手购买",短视频平台,非常了解,比较感兴趣,小众不撞款,"价格昂贵,适合收藏送礼",不愿意,强烈支持,"优化款式设计,提升包装质感",一定会,大漆书签,小众艺术轻奢风,完全接受，更有特色,价格性价比,较高,单品简约款,无所谓,经典黑金红传统色,愿意,节日礼物,会，非常加分,"价格虚高,包装简陋",20元以内,50-80元,不太接受,一定会买,会驻足了解,"校园市集,线下实体店",大幅提升,不确定,"高颜值产品实拍图,非遗文化科普",定制专属类,不认可,希望增加年轻化配色和小件礼盒，方便送礼和收藏。
daqi-answer-069,2026-08-13T17:44:00+08:00,女,18岁以下,在校学生,2000-3500元,非常喜欢,每月1次,收藏爱好,"电商店铺,文创展会",略有耳闻,毫无兴趣,"非遗文化底蕴,小众不撞款","不适合日常使用,工艺精致",非常愿意,支持,"适配日常使用,优化款式设计",可能会,"大漆漆扇,大件漆艺摆件",简约现代风,可以接受,"颜值外观,实用性",极高,盲盒款式,非常喜欢,莫兰迪浅色系,不愿意,"商务小礼品,节日礼物",无影响,华而不实无实用性,20-40元,80-120元,完全愿意,大概率会,一定会了解购买,文创展会,无变化,一定会复购,优惠活动福利,"文具类,礼盒套装类",非常认可，环保创新,希望兼顾传统工艺和日常实用性，价格可以分档。
daqi-answer-070,2026-08-14T18:57:00+08:00,男,18岁以下,自由职业,1000元以内,比较喜欢,季度1-2次,"日常自用,送礼纪念","短视频平台,文创展会",完全没听过,非常感兴趣,"色泽质感高级,国风颜值高",价格昂贵,愿意,强烈支持,降低价格,不确定,"大件漆艺摆件,大漆漆扇",传统国风古风,完全接受，更有特色,"颜值外观,独特小众性",极高,单品简约款,喜欢,自然原木底色,非常愿意,"同学朋友送礼,纪念收藏",会，非常加分,"价格虚高,款式同质化严重",40-60元,50元以内,可以接受小幅溢价,一定会买,一定会了解购买,"线上店铺,社群团购",大幅提升,可能复购,"工艺制作短视频,市集线下体验","桌面摆件类,配饰挂件类",无所谓,建议多做短视频展示制作过程，并在线下市集提供体验。
daqi-answer-071,2026-08-15T09:10:00+08:00,女,23-30岁,在校学生,1000-2000元,一般,每月多次,"送礼纪念,活动奖品",短视频平台,非常了解,一般,非遗文化底蕴,"款式老旧,适合收藏送礼",非常愿意,支持,"优化款式设计,加强科普宣传",一定会,大漆书签,简约现代风,完全接受，更有特色,工艺质感,一般,组合套装礼盒,不喜欢,经典黑金红传统色,随缘,节日礼物,略有影响,"价格虚高,做工粗糙",20元以内,50-80元,完全愿意,一定会买,随缘,"校园市集,文创展会",小幅提升,不会复购,"非遗文化科普,高颜值产品实拍图",文具类,非常认可，环保创新,包装可以更精致，同时附上简明的非遗文化说明卡。
daqi-answer-072,2026-08-16T10:23:00+08:00,男,18岁以下,职场上班族,1000元以内,非常喜欢,每月1次,市集/展会随手购买,"校园市集,电商店铺",略有耳闻,非常感兴趣,"手工工艺独特,小众不撞款","不适合日常使用,款式老旧",愿意,中立,"加强科普宣传,优化款式设计",可能会,"大漆漆扇,大漆钥匙扣",简约现代风,介意，追求完美品,"颜值外观,工艺质感",极高,定制专属款,非常喜欢,撞色潮流色系,非常愿意,"同学朋友送礼,师生赠礼",无影响,款式同质化严重,20-40元,50元以内,完全愿意,看价格款式决定,一定会了解购买,社群团购,反而降低,一定会复购,工艺制作短视频,"配饰挂件类,礼盒套装类",比较认可,希望增加年轻化配色和小件礼盒，方便送礼和收藏。
daqi-answer-073,2026-08-17T11:36:00+08:00,女,18-22岁,自由职业,1000元以内,比较喜欢,几乎不买,"日常自用,市集/展会随手购买","短视频平台,电商店铺",非常了解,比较感兴趣,"色泽质感高级,手工工艺独特",价格昂贵,无所谓,强烈支持,降低价格,一定会,"大漆书签,大漆钥匙扣",小众艺术轻奢风,完全接受，更有特色,"价格性价比,实用性",较高,单品简约款,无所谓,经典黑金红传统色,愿意,"同学朋友送礼,商务小礼品",会，非常加分,"价格虚高,华而不实无实用性",20元以内,50元以内,不太接受,一定会买,会驻足了解,"线上店铺,线下实体店",大幅提升,不确定,"高颜值产品实拍图,市集线下体验","桌面摆件类,文具类",无所谓,希望兼顾传统工艺和日常实用性，价格可以分档。
daqi-answer-074,2026-08-18T12:49:00+08:00,男,23-30岁,在校学生,2000-3500元,完全不感兴趣,每月多次,"收藏爱好,活动奖品",电商店铺,略有耳闻,一般,非遗文化底蕴,"款式老旧,工艺精致",非常愿意,支持,"优化款式设计,适配日常使用",一定会,大漆书签,简约现代风,可以接受,工艺质感,较低,盲盒款式,非常喜欢,莫兰迪浅色系,随缘,师生赠礼,略有影响,"华而不实无实用性,做工粗糙",20元以内,80-120元,完全愿意,大概率会,不会关注,"文创展会,校园市集",无变化,一定会复购,"非遗文化科普,工艺制作短视频",文具类,非常认可，环保创新,建议多做短视频展示制作过程，并在线下市集提供体验。
daqi-answer-075,2026-08-19T13:02:00+08:00,女,18岁以下,职场上班族,1000元以内,非常喜欢,季度1-2次,日常自用,"校园市集,线下实体店",非常了解,非常感兴趣,"手工工艺独特,国风颜值高","工艺精致,款式老旧",愿意,强烈支持,"降低价格,适配日常使用",不确定,"大漆钥匙扣,大漆漆扇",传统国风古风,非常介意,"颜值外观,独特小众性",极高,单品简约款,喜欢,撞色潮流色系,非常愿意,"同学朋友送礼,节日礼物",会，非常加分,款式同质化严重,40-60元,50元以内,可以接受小幅溢价,基本不会,一定会了解购买,线上店铺,大幅提升,可能复购,工艺制作短视频,"配饰挂件类,桌面摆件类",比较认可,包装可以更精致，同时附上简明的非遗文化说明卡。
daqi-answer-076,2026-08-20T14:15:00+08:00,男,18-22岁,其他,1000-2000元,一般,每月多次,"送礼纪念,市集/展会随手购买","短视频平台,朋友推荐",非常了解,比较感兴趣,"国风颜值高,手工工艺独特",价格昂贵,非常愿意,强烈支持,降低价格,一定会,"大漆书签,大漆漆扇",可爱治愈风,完全接受，更有特色,"价格性价比,工艺质感",较高,组合套装礼盒,无所谓,经典黑金红传统色,愿意,"节日礼物,商务小礼品",会，非常加分,"价格虚高,包装简陋",20元以内,50-80元,完全不接受,一定会买,随缘,"校园市集,线下实体店",小幅提升,不确定,"高颜值产品实拍图,非遗文化科普","礼盒套装类,文具类",非常认可，环保创新,希望增加年轻化配色和小件礼盒，方便送礼和收藏。
daqi-answer-077,2026-08-21T15:28:00+08:00,女,40岁以上,在校学生,3500元以上,非常喜欢,每月1次,"收藏爱好,送礼纪念",电商店铺,完全没听过,兴趣较低,非遗文化底蕴,"款式老旧,不适合日常使用",非常愿意,中立,"适配日常使用,优化款式设计",可能会,大漆漆扇,简约现代风,介意，追求完美品,文化寓意,极高,盲盒款式,非常喜欢,莫兰迪浅色系,非常愿意,师生赠礼,无影响,"华而不实无实用性,款式同质化严重",20-40元,120元以上,完全愿意,看价格款式决定,一定会了解购买,"文创展会,线上店铺",无变化,一定会复购,"市集线下体验,工艺制作短视频",文具类,比较认可,希望兼顾传统工艺和日常实用性，价格可以分档。
daqi-answer-078,2026-08-22T16:41:00+08:00,男,18岁以下,自由职业,1000元以内,比较喜欢,季度1-2次,日常自用,"朋友推荐,线下实体店",非常了解,非常感兴趣,"手工工艺独特,色泽质感高级","价格昂贵,不适合日常使用",无所谓,强烈支持,"降低价格,优化款式设计",基本不会,"大件漆艺摆件,大漆漆扇",小众艺术轻奢风,完全接受，更有特色,"颜值外观,文化寓意",极高,单品简约款,喜欢,经典黑金红传统色,非常愿意,"同学朋友送礼,纪念收藏",会，非常加分,包装简陋,60元以上,50元以内,不太接受,一定会买,会驻足了解,线上店铺,大幅提升,可能复购,工艺制作短视频,"配饰挂件类,文具类",无所谓,建议多做短视频展示制作过程，并在线下市集提供体验。
daqi-answer-079,2026-08-23T17:54:00+08:00,女,23-30岁,在校学生,1000-2000元,一般,每月多次,"送礼纪念,活动奖品","短视频平台,校园市集",略有耳闻,比较感兴趣,"非遗文化底蕴,色泽质感高级",价格昂贵,非常愿意,支持,优化款式设计,一定会,"大漆书签,文创套装礼盒",简约现代风,可以接受,"价格性价比,独特小众性",一般,组合套装礼盒,非常喜欢,经典黑金红传统色,随缘,"节日礼物,师生赠礼",略有影响,"价格虚高,做工粗糙",20元以内,80-120元,完全愿意,大概率会,随缘,"校园市集,文创展会",小幅提升,一定会复购,"高颜值产品实拍图,工艺制作短视频","文具类,配饰挂件类",非常认可，环保创新,包装可以更精致，同时附上简明的非遗文化说明卡。
daqi-answer-080,2026-08-24T18:07:00+08:00,男,18岁以下,职场上班族,1000元以内,非常喜欢,每月1次,"活动奖品,送礼纪念",电商店铺,非常了解,非常感兴趣,非遗文化底蕴,"不适合日常使用,款式老旧",愿意,不支持,"加强科普宣传,优化款式设计",不确定,大漆漆扇,传统国风古风,介意，追求完美品,颜值外观,极高,单品简约款,非常喜欢,撞色潮流色系,非常愿意,纪念收藏,不在意,"款式同质化严重,华而不实无实用性",40-60元,50元以内,可以接受小幅溢价,看价格款式决定,一定会了解购买,"线下实体店,线上店铺",大幅提升,可能复购,"工艺制作短视频,高颜值产品实拍图",文具类,比较认可,希望增加年轻化配色和小件礼盒，方便送礼和收藏。
daqi-answer-081,2026-08-25T09:20:00+08:00,女,18-22岁,自由职业,1000-2000元,比较喜欢,半年一次,日常自用,"短视频平台,朋友推荐",略有耳闻,非常感兴趣,"色泽质感高级,手工工艺独特","价格昂贵,款式老旧",不愿意,强烈支持,"降低价格,提升包装质感",一定会,"大漆书签,大漆钥匙扣",小众艺术轻奢风,完全接受，更有特色,"颜值外观,价格性价比",较高,单品简约款,无所谓,经典黑金红传统色,愿意,"同学朋友送礼,商务小礼品",会，非常加分,价格虚高,20元以内,50-80元,不太接受,一定会买,会驻足了解,线上店铺,小幅提升,不确定,工艺制作短视频,"桌面摆件类,文具类",不认可,希望兼顾传统工艺和日常实用性，价格可以分档。
daqi-answer-082,2026-08-26T10:33:00+08:00,男,23-30岁,在校学生,2000-3500元,不太喜欢,每月多次,"送礼纪念,收藏爱好","短视频平台,线下实体店",完全没听过,一般,"非遗文化底蕴,手工工艺独特",款式老旧,非常愿意,中立,优化款式设计,可能会,"大漆书签,大件漆艺摆件",简约现代风,可以接受,"工艺质感,实用性",一般,盲盒款式,非常喜欢,莫兰迪浅色系,不愿意,"师生赠礼,节日礼物",无影响,"华而不实无实用性,做工粗糙",20-40元,80-120元,完全愿意,大概率会,一定会了解购买,"校园市集,线上店铺",无变化,一定会复购,"非遗文化科普,工艺制作短视频","文具类,定制专属类",非常认可，环保创新,建议多做短视频展示制作过程，并在线下市集提供体验。
daqi-answer-083,2026-08-27T11:46:00+08:00,男,18岁以下,职场上班族,1000元以内,非常喜欢,每月1次,"日常自用,收藏爱好",校园市集,非常了解,非常感兴趣,手工工艺独特,"工艺精致,款式老旧",无所谓,强烈支持,"降低价格,适配日常使用",不确定,大漆钥匙扣,传统国风古风,完全接受，更有特色,颜值外观,极高,单品简约款,喜欢,自然原木底色,非常愿意,同学朋友送礼,会，非常加分,"款式同质化严重,价格虚高",40-60元,50元以内,可以接受小幅溢价,一定会买,会驻足了解,"线上店铺,校园市集",大幅提升,可能复购,"工艺制作短视频,优惠活动福利",配饰挂件类,无所谓,包装可以更精致，同时附上简明的非遗文化说明卡。
daqi-answer-084,2026-08-28T12:59:00+08:00,男,18-22岁,个体经营者,1000-2000元,比较喜欢,每月多次,日常自用,"短视频平台,校园市集",完全没听过,比较感兴趣,"国风颜值高,手工工艺独特","价格昂贵,适合收藏送礼",非常愿意,支持,"降低价格,加强科普宣传",一定会,"大漆书签,大漆漆扇",简约现代风,完全接受，更有特色,"价格性价比,独特小众性",较高,组合套装礼盒,不喜欢,经典黑金红传统色,随缘,"节日礼物,商务小礼品",略有影响,价格虚高,20元以内,50-80元,完全愿意,大概率会,随缘,线上店铺,小幅提升,不会复购,高颜值产品实拍图,"礼盒套装类,文具类",非常认可，环保创新,希望增加年轻化配色和小件礼盒，方便送礼和收藏。
daqi-answer-085,2026-08-01T13:12:00+08:00,男,31-40岁,在校学生,1000元以内,非常喜欢,每月多次,"收藏爱好,送礼纪念","电商店铺,朋友推荐",非常了解,兴趣较低,"非遗文化底蕴,小众不撞款",款式老旧,愿意,中立,适配日常使用,可能会,"大漆漆扇,大件漆艺摆件",简约现代风,介意，追求完美品,"工艺质感,价格性价比",不看重,定制专属款,非常喜欢,撞色潮流色系,非常愿意,"师生赠礼,同学朋友送礼",无影响,"华而不实无实用性,款式同质化严重",20-40元,50元以内,可以接受小幅溢价,看价格款式决定,一定会了解购买,"文创展会,线上店铺",反而降低,一定会复购,"市集线下体验,工艺制作短视频","文具类,礼盒套装类",比较认可,希望兼顾传统工艺和日常实用性，价格可以分档。
daqi-answer-086,2026-08-02T14:25:00+08:00,女,18岁以下,职场上班族,1000元以内,非常喜欢,季度1-2次,"日常自用,送礼纪念",校园市集,略有耳闻,非常感兴趣,手工工艺独特,"价格昂贵,不适合日常使用",无所谓,强烈支持,"降低价格,优化款式设计",一定会,大漆钥匙扣,小众艺术轻奢风,完全接受，更有特色,颜值外观,极高,单品简约款,无所谓,经典黑金红传统色,愿意,同学朋友送礼,会，非常加分,"做工粗糙,价格虚高",20元以内,50-80元,不太接受,一定会买,会驻足了解,"线上店铺,社群团购",大幅提升,不确定,"工艺制作短视频,市集线下体验",配饰挂件类,无所谓,建议多做短视频展示制作过程，并在线下市集提供体验。
daqi-answer-087,2026-08-03T15:38:00+08:00,男,18-22岁,在校学生,2000-3500元,一般,每月多次,送礼纪念,"短视频平台,线下实体店",非常了解,比较感兴趣,"非遗文化底蕴,色泽质感高级","价格昂贵,工艺精致",非常愿意,支持,"优化款式设计,加强科普宣传",一定会,"大漆书签,文创套装礼盒",简约现代风,可以接受,"价格性价比,文化寓意",一般,盲盒款式,非常喜欢,莫兰迪浅色系,随缘,"节日礼物,师生赠礼",略有影响,价格虚高,20-40元,80-120元,完全愿意,大概率会,不会关注,校园市集,无变化,一定会复购,高颜值产品实拍图,"定制专属类,文具类",非常认可，环保创新,包装可以更精致，同时附上简明的非遗文化说明卡。
daqi-answer-088,2026-08-04T16:51:00+08:00,女,18岁以下,在校学生,1000元以内,非常喜欢,每月1次,"活动奖品,送礼纪念","电商店铺,校园市集",略有耳闻,非常感兴趣,"非遗文化底蕴,国风颜值高",不适合日常使用,愿意,强烈支持,适配日常使用,不确定,"大漆漆扇,大漆钥匙扣",传统国风古风,非常介意,"文化寓意,颜值外观",极高,单品简约款,喜欢,撞色潮流色系,非常愿意,"商务小礼品,同学朋友送礼",会，非常加分,"华而不实无实用性,价格虚高",40-60元,50元以内,可以接受小幅溢价,基本不会,一定会了解购买,"线下实体店,线上店铺",大幅提升,可能复购,"优惠活动福利,工艺制作短视频","文具类,桌面摆件类",比较认可,希望增加年轻化配色和小件礼盒，方便送礼和收藏。
daqi-answer-089,2026-08-05T17:04:00+08:00,男,18岁以下,自由职业,1000-2000元,比较喜欢,半年一次,"日常自用,市集/展会随手购买",文创展会,完全没听过,非常感兴趣,色泽质感高级,"价格昂贵,款式老旧",非常愿意,强烈支持,"降低价格,提升包装质感",一定会,文创套装礼盒,可爱治愈风,完全接受，更有特色,颜值外观,较高,组合套装礼盒,无所谓,经典黑金红传统色,愿意,同学朋友送礼,略有影响,"价格虚高,华而不实无实用性",20元以内,50-80元,完全不接受,一定会买,随缘,"线上店铺,线下实体店",小幅提升,不确定,"工艺制作短视频,非遗文化科普",桌面摆件类,非常认可，环保创新,希望兼顾传统工艺和日常实用性，价格可以分档。
daqi-answer-090,2026-08-06T18:17:00+08:00,女,23-30岁,在校学生,3500元以上,不太喜欢,每月多次,送礼纪念,"短视频平台,文创展会",非常了解,一般,"非遗文化底蕴,手工工艺独特","款式老旧,工艺精致",非常愿意,中立,"优化款式设计,适配日常使用",可能会,"大漆书签,大件漆艺摆件",简约现代风,介意，追求完美品,"价格性价比,颜值外观",一般,盲盒款式,非常喜欢,莫兰迪浅色系,非常愿意,"节日礼物,同学朋友送礼",无影响,价格虚高,20-40元,120元以上,完全愿意,看价格款式决定,一定会了解购买,校园市集,无变化,一定会复购,非遗文化科普,"文具类,定制专属类",比较认可,建议多做短视频展示制作过程，并在线下市集提供体验。
daqi-answer-091,2026-08-07T09:30:00+08:00,男,18岁以下,职场上班族,1000元以内,非常喜欢,每月1次,"日常自用,收藏爱好","电商店铺,线下实体店",略有耳闻,非常感兴趣,"手工工艺独特,国风颜值高",不适合日常使用,无所谓,强烈支持,提升包装质感,基本不会,"大漆钥匙扣,大漆漆扇",小众艺术轻奢风,完全接受，更有特色,"颜值外观,价格性价比",极高,单品简约款,喜欢,经典黑金红传统色,愿意,"同学朋友送礼,节日礼物",会，非常加分,"款式同质化严重,价格虚高",60元以上,50元以内,不太接受,一定会买,会驻足了解,"社群团购,线上店铺",大幅提升,可能复购,"工艺制作短视频,优惠活动福利","配饰挂件类,桌面摆件类",无所谓,包装可以更精致，同时附上简明的非遗文化说明卡。
daqi-answer-092,2026-08-08T10:43:00+08:00,女,18-22岁,个体经营者,2000-3500元,比较喜欢,每月多次,"日常自用,活动奖品",短视频平台,非常了解,比较感兴趣,色泽质感高级,"价格昂贵,适合收藏送礼",非常愿意,支持,"降低价格,加强科普宣传",一定会,大漆书签,简约现代风,可以接受,颜值外观,较高,组合套装礼盒,非常喜欢,莫兰迪浅色系,随缘,同学朋友送礼,略有影响,"价格虚高,包装简陋",20元以内,80-120元,完全愿意,大概率会,随缘,"线上店铺,文创展会",小幅提升,一定会复购,"高颜值产品实拍图,非遗文化科普",桌面摆件类,非常认可，环保创新,希望增加年轻化配色和小件礼盒，方便送礼和收藏。
daqi-answer-093,2026-08-09T11:56:00+08:00,男,31-40岁,在校学生,1000元以内,非常喜欢,每月多次,收藏爱好,"短视频平台,电商店铺",略有耳闻,一般,"非遗文化底蕴,小众不撞款","款式老旧,不适合日常使用",愿意,不支持,"适配日常使用,优化款式设计",不确定,"大漆漆扇,大件漆艺摆件",传统国风古风,介意，追求完美品,"工艺质感,独特小众性",较低,单品简约款,喜欢,撞色潮流色系,非常愿意,"师生赠礼,同学朋友送礼",不在意,华而不实无实用性,40-60元,50元以内,可以接受小幅溢价,看价格款式决定,一定会了解购买,文创展会,大幅提升,可能复购,非遗文化科普,"文具类,礼盒套装类",比较认可,希望兼顾传统工艺和日常实用性，价格可以分档。
daqi-answer-094,2026-08-10T12:09:00+08:00,女,18岁以下,职场上班族,1000-2000元,非常喜欢,季度1-2次,"日常自用,送礼纪念","校园市集,朋友推荐",非常了解,非常感兴趣,"手工工艺独特,色泽质感高级",适合收藏送礼,不愿意,强烈支持,降低价格,一定会,"大漆钥匙扣,大漆书签",小众艺术轻奢风,完全接受，更有特色,"颜值外观,实用性",极高,组合套装礼盒,无所谓,经典黑金红传统色,愿意,"同学朋友送礼,纪念收藏",会，非常加分,"做工粗糙,价格虚高",20元以内,50-80元,不太接受,一定会买,会驻足了解,"线上店铺,社群团购",小幅提升,不确定,"工艺制作短视频,市集线下体验","配饰挂件类,文具类",不认可,建议多做短视频展示制作过程，并在线下市集提供体验。
daqi-answer-095,2026-08-11T13:22:00+08:00,男,18-22岁,在校学生,2000-3500元,一般,每月多次,"送礼纪念,活动奖品",短视频平台,非常了解,比较感兴趣,小众不撞款,"价格昂贵,工艺精致",非常愿意,中立,"优化款式设计,加强科普宣传",可能会,大漆书签,简约现代风,可以接受,价格性价比,较高,盲盒款式,非常喜欢,莫兰迪浅色系,不愿意,节日礼物,无影响,"价格虚高,做工粗糙",20-40元,80-120元,完全愿意,大概率会,一定会了解购买,"校园市集,文创展会",无变化,一定会复购,"高颜值产品实拍图,工艺制作短视频",礼盒套装类,非常认可，环保创新,包装可以更精致，同时附上简明的非遗文化说明卡。
daqi-answer-096,2026-08-12T14:35:00+08:00,女,18岁以下,在校学生,1000元以内,非常喜欢,每月1次,收藏爱好,"电商店铺,线下实体店",完全没听过,毫无兴趣,"非遗文化底蕴,国风颜值高","不适合日常使用,款式老旧",无所谓,强烈支持,"适配日常使用,降低价格",不确定,"大漆漆扇,大漆钥匙扣",传统国风古风,完全接受，更有特色,"工艺质感,文化寓意",极高,单品简约款,喜欢,自然原木底色,非常愿意,"商务小礼品,同学朋友送礼",会，非常加分,华而不实无实用性,40-60元,50元以内,可以接受小幅溢价,一定会买,会驻足了解,文创展会,大幅提升,可能复购,市集线下体验,"文具类,桌面摆件类",无所谓,希望增加年轻化配色和小件礼盒，方便送礼和收藏。
daqi-answer-097,2026-08-13T15:48:00+08:00,男,18岁以下,自由职业,1000-2000元,比较喜欢,季度1-2次,"日常自用,市集/展会随手购买","校园市集,电商店铺",非常了解,非常感兴趣,"色泽质感高级,手工工艺独特",价格昂贵,非常愿意,支持,降低价格,一定会,"大件漆艺摆件,大漆书签",简约现代风,可以接受,"颜值外观,工艺质感",极高,组合套装礼盒,不喜欢,经典黑金红传统色,随缘,"同学朋友送礼,商务小礼品",略有影响,"包装简陋,价格虚高",20元以内,50-80元,完全愿意,大概率会,随缘,"线上店铺,线下实体店",小幅提升,不会复购,"工艺制作短视频,非遗文化科普","配饰挂件类,定制专属类",非常认可，环保创新,希望兼顾传统工艺和日常实用性，价格可以分档。
daqi-answer-098,2026-08-14T16:01:00+08:00,女,23-30岁,在校学生,1000元以内,一般,每月多次,"送礼纪念,收藏爱好",短视频平台,略有耳闻,一般,非遗文化底蕴,"款式老旧,工艺精致",愿意,中立,"优化款式设计,适配日常使用",可能会,大漆书签,传统国风古风,介意，追求完美品,价格性价比,一般,定制专属款,非常喜欢,撞色潮流色系,非常愿意,节日礼物,无影响,"价格虚高,款式同质化严重",20-40元,50元以内,可以接受小幅溢价,看价格款式决定,一定会了解购买,"校园市集,线上店铺",反而降低,一定会复购,"高颜值产品实拍图,优惠活动福利",文具类,比较认可,建议多做短视频展示制作过程，并在线下市集提供体验。
daqi-answer-099,2026-08-15T17:14:00+08:00,男,18岁以下,职场上班族,1000元以内,非常喜欢,每月1次,市集/展会随手购买,"电商店铺,文创展会",非常了解,非常感兴趣,"手工工艺独特,国风颜值高","不适合日常使用,价格昂贵",无所谓,强烈支持,"加强科普宣传,降低价格",一定会,"大漆漆扇,大漆书签",小众艺术轻奢风,完全接受，更有特色,"文化寓意,价格性价比",极高,单品简约款,无所谓,经典黑金红传统色,愿意,"纪念收藏,同学朋友送礼",会，非常加分,款式同质化严重,20元以内,50-80元,不太接受,一定会买,会驻足了解,线下实体店,大幅提升,不确定,工艺制作短视频,"配饰挂件类,桌面摆件类",不认可,包装可以更精致，同时附上简明的非遗文化说明卡。
daqi-answer-100,2026-08-16T18:27:00+08:00,男,18-22岁,自由职业,2000-3500元,比较喜欢,几乎不买,"日常自用,活动奖品","文创展会,短视频平台",略有耳闻,比较感兴趣,"色泽质感高级,非遗文化底蕴",价格昂贵,非常愿意,支持,降低价格,可能会,"大漆书签,大漆漆扇",简约现代风,可以接受,"颜值外观,独特小众性",较高,盲盒款式,非常喜欢,莫兰迪浅色系,随缘,"同学朋友送礼,师生赠礼",略有影响,"价格虚高,包装简陋",20-40元,80-120元,完全愿意,大概率会,不会关注,"线上店铺,文创展会",无变化,一定会复购,"高颜值产品实拍图,非遗文化科普","桌面摆件类,定制专属类",非常认可，环保创新,希望增加年轻化配色和小件礼盒，方便送礼和收藏。
daqi-answer-101,2026-08-17T09:40:00+08:00,男,23-30岁,在校学生,1000元以内,完全不感兴趣,每月多次,"收藏爱好,送礼纪念",短视频平台,完全没听过,一般,非遗文化底蕴,"款式老旧,不适合日常使用",愿意,强烈支持,"优化款式设计,降低价格",不确定,大漆书签,传统国风古风,非常介意,价格性价比,较低,单品简约款,喜欢,撞色潮流色系,非常愿意,师生赠礼,会，非常加分,"华而不实无实用性,款式同质化严重",40-60元,50元以内,可以接受小幅溢价,基本不会,一定会了解购买,"校园市集,社群团购",大幅提升,可能复购,"非遗文化科普,优惠活动福利",文具类,比较认可,希望兼顾传统工艺和日常实用性，价格可以分档。
daqi-answer-102,2026-08-18T10:53:00+08:00,男,18岁以下,职场上班族,1000-2000元,非常喜欢,季度1-2次,日常自用,"电商店铺,短视频平台",非常了解,非常感兴趣,"手工工艺独特,色泽质感高级","工艺精致,价格昂贵",非常愿意,支持,"降低价格,优化款式设计",一定会,"大漆钥匙扣,大漆书签",可爱治愈风,完全接受，更有特色,"颜值外观,工艺质感",极高,组合套装礼盒,无所谓,经典黑金红传统色,愿意,"同学朋友送礼,纪念收藏",略有影响,款式同质化严重,20元以内,50-80元,完全不接受,一定会买,随缘,线上店铺,小幅提升,不会复购,工艺制作短视频,"配饰挂件类,文具类",非常认可，环保创新,建议多做短视频展示制作过程，并在线下市集提供体验。
daqi-answer-103,2026-08-19T11:06:00+08:00,女,18-22岁,其他,3500元以上,一般,每月多次,"送礼纪念,活动奖品","短视频平台,电商店铺",完全没听过,比较感兴趣,"国风颜值高,非遗文化底蕴",价格昂贵,愿意,中立,降低价格,可能会,"大漆书签,文创套装礼盒",简约现代风,介意，追求完美品,"颜值外观,文化寓意",较高,盲盒款式,非常喜欢,莫兰迪浅色系,非常愿意,"节日礼物,师生赠礼",无影响,"价格虚高,做工粗糙",20-40元,120元以上,完全愿意,看价格款式决定,一定会了解购买,"校园市集,文创展会",反而降低,一定会复购,"高颜值产品实拍图,工艺制作短视频","礼盒套装类,定制专属类",比较认可,包装可以更精致，同时附上简明的非遗文化说明卡。
daqi-answer-104,2026-08-20T12:19:00+08:00,男,40岁以上,在校学生,1000元以内,非常喜欢,每月1次,"收藏爱好,日常自用",短视频平台,非常了解,兴趣较低,非遗文化底蕴,"款式老旧,价格昂贵",无所谓,强烈支持,"适配日常使用,降低价格",基本不会,大漆漆扇,小众艺术轻奢风,完全接受，更有特色,工艺质感,不看重,单品简约款,喜欢,经典黑金红传统色,愿意,师生赠礼,会，非常加分,"华而不实无实用性,价格虚高",60元以上,50元以内,不太接受,一定会买,会驻足了解,"文创展会,社群团购",大幅提升,可能复购,"市集线下体验,优惠活动福利",文具类,无所谓,希望增加年轻化配色和小件礼盒，方便送礼和收藏。
daqi-answer-105,2026-08-21T13:32:00+08:00,女,18岁以下,自由职业,2000-3500元,比较喜欢,季度1-2次,日常自用,"校园市集,线下实体店",略有耳闻,非常感兴趣,"手工工艺独特,非遗文化底蕴","价格昂贵,款式老旧",非常愿意,支持,"降低价格,提升包装质感",一定会,"大件漆艺摆件,大漆书签",简约现代风,可以接受,"颜值外观,独特小众性",极高,组合套装礼盒,非常喜欢,莫兰迪浅色系,随缘,"同学朋友送礼,商务小礼品",略有影响,做工粗糙,20元以内,80-120元,完全愿意,大概率会,不会关注,线上店铺,小幅提升,一定会复购,工艺制作短视频,"配饰挂件类,定制专属类",非常认可，环保创新,希望兼顾传统工艺和日常实用性，价格可以分档。
daqi-answer-106,2026-08-22T14:45:00+08:00,男,23-30岁,在校学生,1000元以内,一般,每月多次,"送礼纪念,收藏爱好","短视频平台,朋友推荐",非常了解,比较感兴趣,"非遗文化底蕴,手工工艺独特",价格昂贵,愿意,不支持,优化款式设计,不确定,"大漆书签,大件漆艺摆件",传统国风古风,介意，追求完美品,"价格性价比,工艺质感",一般,单品简约款,喜欢,撞色潮流色系,非常愿意,"节日礼物,同学朋友送礼",不在意,"价格虚高,款式同质化严重",40-60元,50元以内,可以接受小幅溢价,基本不会,一定会了解购买,"校园市集,线上店铺",大幅提升,可能复购,"高颜值产品实拍图,优惠活动福利","文具类,定制专属类",比较认可,建议多做短视频展示制作过程，并在线下市集提供体验。
daqi-answer-107,2026-08-23T15:58:00+08:00,女,18岁以下,职场上班族,1000-2000元,非常喜欢,每月1次,"活动奖品,日常自用",电商店铺,略有耳闻,非常感兴趣,非遗文化底蕴,"不适合日常使用,价格昂贵",不愿意,强烈支持,"加强科普宣传,降低价格",一定会,大漆漆扇,小众艺术轻奢风,完全接受，更有特色,工艺质感,极高,组合套装礼盒,无所谓,经典黑金红传统色,愿意,商务小礼品,会，非常加分,"华而不实无实用性,包装简陋",20元以内,50-80元,完全不接受,一定会买,会驻足了解,"线下实体店,社群团购",小幅提升,不确定,"工艺制作短视频,优惠活动福利",文具类,非常认可，环保创新,包装可以更精致，同时附上简明的非遗文化说明卡。
daqi-answer-108,2026-08-24T16:11:00+08:00,男,18-22岁,自由职业,2000-3500元,比较喜欢,半年一次,日常自用,"校园市集,文创展会",完全没听过,非常感兴趣,"色泽质感高级,非遗文化底蕴","价格昂贵,适合收藏送礼",非常愿意,中立,"降低价格,加强科普宣传",可能会,"文创套装礼盒,大漆书签",简约现代风,可以接受,"颜值外观,文化寓意",较高,盲盒款式,非常喜欢,莫兰迪浅色系,不愿意,"同学朋友送礼,师生赠礼",无影响,价格虚高,20-40元,120元以上,完全愿意,大概率会,一定会了解购买,线上店铺,无变化,一定会复购,工艺制作短视频,"桌面摆件类,定制专属类",非常认可，环保创新,希望增加年轻化配色和小件礼盒，方便送礼和收藏。
daqi-answer-109,2026-08-25T17:24:00+08:00,女,23-30岁,在校学生,1000元以内,不太喜欢,每月多次,"送礼纪念,日常自用","短视频平台,校园市集",非常了解,一般,"非遗文化底蕴,小众不撞款",款式老旧,无所谓,强烈支持,优化款式设计,不确定,"大漆书签,大漆钥匙扣",传统国风古风,完全接受，更有特色,"价格性价比,独特小众性",一般,单品简约款,喜欢,自然原木底色,非常愿意,"节日礼物,纪念收藏",会，非常加分,"华而不实无实用性,款式同质化严重",60元以上,50元以内,可以接受小幅溢价,一定会买,会驻足了解,"校园市集,社群团购",大幅提升,可能复购,"非遗文化科普,优惠活动福利","文具类,礼盒套装类",无所谓,希望兼顾传统工艺和日常实用性，价格可以分档。
daqi-answer-110,2026-08-26T18:37:00+08:00,男,18岁以下,职场上班族,1000-2000元,非常喜欢,每月1次,"日常自用,送礼纪念",电商店铺,略有耳闻,非常感兴趣,手工工艺独特,"工艺精致,价格昂贵",非常愿意,支持,"提升包装质感,降低价格",一定会,大漆钥匙扣,简约现代风,可以接受,文化寓意,极高,组合套装礼盒,不喜欢,经典黑金红传统色,随缘,同学朋友送礼,略有影响,"款式同质化严重,包装简陋",20元以内,50-80元,完全愿意,大概率会,随缘,"线上店铺,社群团购",小幅提升,一定会复购,"工艺制作短视频,市集线下体验",配饰挂件类,非常认可，环保创新,建议多做短视频展示制作过程，并在线下市集提供体验。
daqi-answer-111,2026-08-27T09:50:00+08:00,女,18-22岁,个体经营者,1000元以内,比较喜欢,每月多次,日常自用,"文创展会,电商店铺",非常了解,比较感兴趣,"国风颜值高,非遗文化底蕴","价格昂贵,工艺精致",愿意,中立,"降低价格,适配日常使用",可能会,"大漆书签,文创套装礼盒",传统国风古风,介意，追求完美品,"颜值外观,价格性价比",较高,定制专属款,非常喜欢,撞色潮流色系,非常愿意,"节日礼物,师生赠礼",不在意,价格虚高,20-40元,50元以内,可以接受小幅溢价,看价格款式决定,一定会了解购买,线上店铺,大幅提升,一定会复购,高颜值产品实拍图,"桌面摆件类,礼盒套装类",比较认可,包装可以更精致，同时附上简明的非遗文化说明卡。
daqi-answer-112,2026-08-28T10:03:00+08:00,男,31-40岁,在校学生,1000-2000元,非常喜欢,每月多次,"收藏爱好,日常自用","短视频平台,线下实体店",略有耳闻,兴趣较低,"非遗文化底蕴,国风颜值高",款式老旧,无所谓,强烈支持,适配日常使用,一定会,"大漆漆扇,大漆钥匙扣",小众艺术轻奢风,完全接受，更有特色,"价格性价比,文化寓意",较低,单品简约款,无所谓,经典黑金红传统色,愿意,"师生赠礼,纪念收藏",会，非常加分,"华而不实无实用性,价格虚高",20元以内,50-80元,不太接受,一定会买,会驻足了解,"文创展会,社群团购",大幅提升,不确定,"非遗文化科普,市集线下体验","文具类,桌面摆件类",不认可,希望增加年轻化配色和小件礼盒，方便送礼和收藏。
daqi-answer-113,2026-08-01T11:16:00+08:00,女,18岁以下,职场上班族,2000-3500元,非常喜欢,季度1-2次,"日常自用,市集/展会随手购买",电商店铺,非常了解,非常感兴趣,手工工艺独特,"适合收藏送礼,价格昂贵",非常愿意,支持,"降低价格,提升包装质感",可能会,大漆钥匙扣,简约现代风,可以接受,独特小众性,极高,盲盒款式,非常喜欢,莫兰迪浅色系,不愿意,同学朋友送礼,略有影响,"做工粗糙,包装简陋",20-40元,80-120元,完全愿意,大概率会,一定会了解购买,"线上店铺,线下实体店",无变化,一定会复购,"工艺制作短视频,非遗文化科普",配饰挂件类,非常认可，环保创新,希望兼顾传统工艺和日常实用性，价格可以分档。
daqi-answer-114,2026-08-02T12:29:00+08:00,男,18-22岁,在校学生,1000元以内,一般,每月多次,送礼纪念,"短视频平台,校园市集",非常了解,比较感兴趣,"小众不撞款,非遗文化底蕴","价格昂贵,不适合日常使用",愿意,强烈支持,"优化款式设计,适配日常使用",不确定,"大漆书签,大件漆艺摆件",传统国风古风,非常介意,"颜值外观,实用性",较高,单品简约款,喜欢,自然原木底色,非常愿意,"节日礼物,同学朋友送礼",会，非常加分,价格虚高,40-60元,50元以内,可以接受小幅溢价,一定会买,一定会了解购买,校园市集,大幅提升,可能复购,高颜值产品实拍图,"定制专属类,礼盒套装类",比较认可,建议多做短视频展示制作过程，并在线下市集提供体验。
daqi-answer-115,2026-08-03T13:42:00+08:00,女,18岁以下,在校学生,1000-2000元,非常喜欢,每月1次,"活动奖品,日常自用","短视频平台,文创展会",完全没听过,毫无兴趣,"非遗文化底蕴,色泽质感高级",不适合日常使用,非常愿意,支持,适配日常使用,一定会,"大漆漆扇,大漆书签",可爱治愈风,完全接受，更有特色,"工艺质感,价格性价比",极高,组合套装礼盒,不喜欢,经典黑金红传统色,愿意,"商务小礼品,纪念收藏",略有影响,"华而不实无实用性,包装简陋",20元以内,50-80元,完全愿意,一定会买,随缘,"文创展会,线下实体店",小幅提升,不会复购,"优惠活动福利,市集线下体验","文具类,配饰挂件类",非常认可，环保创新,包装可以更精致，同时附上简明的非遗文化说明卡。
daqi-answer-116,2026-08-04T14:55:00+08:00,男,18岁以下,自由职业,3500元以上,比较喜欢,半年一次,"日常自用,活动奖品",校园市集,非常了解,非常感兴趣,色泽质感高级,"价格昂贵,适合收藏送礼",愿意,中立,"降低价格,加强科普宣传",可能会,大件漆艺摆件,简约现代风,介意，追求完美品,颜值外观,较高,定制专属款,非常喜欢,莫兰迪浅色系,非常愿意,同学朋友送礼,无影响,"价格虚高,包装简陋",20-40元,50元以内,完全愿意,看价格款式决定,一定会了解购买,"线上店铺,文创展会",反而降低,一定会复购,"工艺制作短视频,高颜值产品实拍图",桌面摆件类,比较认可,希望增加年轻化配色和小件礼盒，方便送礼和收藏。
daqi-answer-117,2026-08-05T15:08:00+08:00,男,23-30岁,在校学生,1000元以内,不太喜欢,每月多次,送礼纪念,"短视频平台,线下实体店",略有耳闻,一般,"非遗文化底蕴,小众不撞款","款式老旧,不适合日常使用",无所谓,强烈支持,"优化款式设计,降低价格",基本不会,"大漆书签,大漆钥匙扣",小众艺术轻奢风,完全接受，更有特色,"价格性价比,文化寓意",一般,单品简约款,喜欢,经典黑金红传统色,愿意,"节日礼物,纪念收藏",会，非常加分,价格虚高,20元以内,50元以内,不太接受,一定会买,会驻足了解,校园市集,大幅提升,可能复购,非遗文化科普,"文具类,礼盒套装类",无所谓,希望兼顾传统工艺和日常实用性，价格可以分档。
daqi-answer-118,2026-08-06T16:21:00+08:00,男,18岁以下,职场上班族,2000-3500元,非常喜欢,每月1次,"市集/展会随手购买,日常自用","电商店铺,校园市集",非常了解,非常感兴趣,"手工工艺独特,色泽质感高级",不适合日常使用,非常愿意,支持,加强科普宣传,一定会,"大漆漆扇,文创套装礼盒",简约现代风,可以接受,"工艺质感,独特小众性",极高,组合套装礼盒,非常喜欢,莫兰迪浅色系,随缘,"同学朋友送礼,纪念收藏",略有影响,"款式同质化严重,包装简陋",20元以内,80-120元,完全愿意,大概率会,不会关注,"社群团购,线下实体店",小幅提升,一定会复购,"工艺制作短视频,市集线下体验","配饰挂件类,文具类",非常认可，环保创新,建议多做短视频展示制作过程，并在线下市集提供体验。
daqi-answer-119,2026-08-07T17:34:00+08:00,男,18-22岁,个体经营者,1000元以内,比较喜欢,几乎不买,"日常自用,收藏爱好",校园市集,略有耳闻,比较感兴趣,色泽质感高级,"价格昂贵,工艺精致",愿意,不支持,"降低价格,适配日常使用",不确定,大漆书签,传统国风古风,非常介意,颜值外观,较高,单品简约款,喜欢,撞色潮流色系,非常愿意,同学朋友送礼,会，非常加分,"价格虚高,做工粗糙",40-60元,50元以内,可以接受小幅溢价,基本不会,一定会了解购买,"线上店铺,校园市集",大幅提升,可能复购,"高颜值产品实拍图,工艺制作短视频",桌面摆件类,比较认可,包装可以更精致，同时附上简明的非遗文化说明卡。
daqi-answer-120,2026-08-08T18:47:00+08:00,男,31-40岁,在校学生,1000-2000元,完全不感兴趣,每月多次,收藏爱好,"短视频平台,文创展会",完全没听过,一般,"非遗文化底蕴,国风颜值高","款式老旧,价格昂贵",不愿意,强烈支持,"优化款式设计,提升包装质感",一定会,"大漆漆扇,大漆钥匙扣",可爱治愈风,完全接受，更有特色,"价格性价比,颜值外观",较低,组合套装礼盒,无所谓,经典黑金红传统色,愿意,"师生赠礼,纪念收藏",会，非常加分,华而不实无实用性,20元以内,50-80元,完全不接受,一定会买,会驻足了解,文创展会,小幅提升,不确定,非遗文化科普,"文具类,桌面摆件类",非常认可，环保创新,希望增加年轻化配色和小件礼盒，方便送礼和收藏。
daqi-answer-121,2026-08-09T09:00:00+08:00,男,18岁以下,职场上班族,2000-3500元,非常喜欢,季度1-2次,"日常自用,市集/展会随手购买","电商店铺,线下实体店",非常了解,非常感兴趣,"手工工艺独特,非遗文化底蕴",工艺精致,非常愿意,中立,降低价格,可能会,"大漆钥匙扣,文创套装礼盒",简约现代风,可以接受,"文化寓意,实用性",极高,盲盒款式,非常喜欢,莫兰迪浅色系,非常愿意,"同学朋友送礼,商务小礼品",无影响,"款式同质化严重,做工粗糙",20-40元,120元以上,完全愿意,大概率会,一定会了解购买,"线上店铺,线下实体店",无变化,一定会复购,"工艺制作短视频,非遗文化科普","配饰挂件类,定制专属类",非常认可，环保创新,希望兼顾传统工艺和日常实用性，价格可以分档。
daqi-answer-122,2026-08-10T10:13:00+08:00,女,18-22岁,其他,1000元以内,一般,每月多次,"送礼纪念,收藏爱好",文创展会,略有耳闻,比较感兴趣,国风颜值高,"价格昂贵,不适合日常使用",无所谓,强烈支持,"优化款式设计,适配日常使用",基本不会,大漆书签,传统国风古风,完全接受，更有特色,颜值外观,较高,单品简约款,喜欢,经典黑金红传统色,非常愿意,节日礼物,会，非常加分,"价格虚高,款式同质化严重",60元以上,50元以内,可以接受小幅溢价,一定会买,会驻足了解,"校园市集,线上店铺",大幅提升,可能复购,"高颜值产品实拍图,优惠活动福利",礼盒套装类,无所谓,建议多做短视频展示制作过程，并在线下市集提供体验。
daqi-answer-123,2026-08-11T11:26:00+08:00,男,40岁以上,在校学生,1000-2000元,非常喜欢,每月1次,收藏爱好,"短视频平台,电商店铺",非常了解,兴趣较低,"非遗文化底蕴,色泽质感高级","款式老旧,适合收藏送礼",非常愿意,支持,"适配日常使用,提升包装质感",一定会,"大漆漆扇,大漆书签",简约现代风,可以接受,"价格性价比,实用性",极高,组合套装礼盒,非常喜欢,经典黑金红传统色,随缘,"师生赠礼,商务小礼品",略有影响,华而不实无实用性,20元以内,50-80元,完全愿意,大概率会,随缘,文创展会,小幅提升,一定会复购,市集线下体验,"文具类,配饰挂件类",非常认可，环保创新,包装可以更精致，同时附上简明的非遗文化说明卡。
daqi-answer-124,2026-08-12T12:39:00+08:00,女,18岁以下,自由职业,1000元以内,比较喜欢,季度1-2次,"日常自用,活动奖品","电商店铺,文创展会",略有耳闻,非常感兴趣,"手工工艺独特,小众不撞款",价格昂贵,愿意,不支持,降低价格,可能会,"大件漆艺摆件,文创套装礼盒",传统国风古风,介意，追求完美品,"独特小众性,文化寓意",极高,单品简约款,非常喜欢,撞色潮流色系,非常愿意,"同学朋友送礼,师生赠礼",不在意,"包装简陋,做工粗糙",20-40元,50元以内,可以接受小幅溢价,看价格款式决定,一定会了解购买,"线上店铺,文创展会",大幅提升,一定会复购,"工艺制作短视频,高颜值产品实拍图","配饰挂件类,礼盒套装类",比较认可,希望增加年轻化配色和小件礼盒，方便送礼和收藏。
daqi-answer-125,2026-08-13T13:52:00+08:00,男,23-30岁,在校学生,1000-2000元,一般,每月多次,"送礼纪念,日常自用",线下实体店,非常了解,比较感兴趣,非遗文化底蕴,"款式老旧,不适合日常使用",不愿意,强烈支持,"优化款式设计,降低价格",一定会,大漆书签,小众艺术轻奢风,完全接受，更有特色,颜值外观,一般,单品简约款,无所谓,经典黑金红传统色,愿意,节日礼物,会，非常加分,"价格虚高,华而不实无实用性",20元以内,50-80元,不太接受,一定会买,会驻足了解,"校园市集,社群团购",大幅提升,不确定,"高颜值产品实拍图,市集线下体验",文具类,不认可,希望兼顾传统工艺和日常实用性，价格可以分档。
daqi-answer-126,2026-08-14T14:05:00+08:00,女,18岁以下,职场上班族,2000-3500元,非常喜欢,每月1次,活动奖品,"短视频平台,朋友推荐",非常了解,非常感兴趣,"手工工艺独特,色泽质感高级","不适合日常使用,适合收藏送礼",非常愿意,支持,"加强科普宣传,提升包装质感",可能会,"大漆漆扇,文创套装礼盒",简约现代风,可以接受,"工艺质感,文化寓意",极高,盲盒款式,非常喜欢,莫兰迪浅色系,不愿意,"纪念收藏,商务小礼品",略有影响,款式同质化严重,20-40元,80-120元,完全愿意,大概率会,一定会了解购买,线下实体店,无变化,一定会复购,工艺制作短视频,"配饰挂件类,文具类",非常认可，环保创新,建议多做短视频展示制作过程，并在线下市集提供体验。
daqi-answer-127,2026-08-15T15:18:00+08:00,男,18-22岁,自由职业,1000元以内,比较喜欢,半年一次,"日常自用,收藏爱好","校园市集,电商店铺",完全没听过,比较感兴趣,"色泽质感高级,小众不撞款",价格昂贵,愿意,强烈支持,降低价格,不确定,"大漆书签,文创套装礼盒",传统国风古风,完全接受，更有特色,"颜值外观,工艺质感",较高,单品简约款,喜欢,自然原木底色,非常愿意,"同学朋友送礼,节日礼物",会，非常加分,"价格虚高,做工粗糙",40-60元,50元以内,可以接受小幅溢价,一定会买,一定会了解购买,"线上店铺,校园市集",大幅提升,可能复购,"高颜值产品实拍图,工艺制作短视频","桌面摆件类,礼盒套装类",比较认可,包装可以更精致，同时附上简明的非遗文化说明卡。
daqi-answer-128,2026-08-16T16:31:00+08:00,女,23-30岁,在校学生,1000-2000元,不太喜欢,每月多次,"送礼纪念,市集/展会随手购买",短视频平台,非常了解,一般,非遗文化底蕴,"款式老旧,价格昂贵",非常愿意,支持,"优化款式设计,提升包装质感",一定会,大漆书签,简约现代风,完全接受，更有特色,价格性价比,一般,组合套装礼盒,不喜欢,经典黑金红传统色,愿意,师生赠礼,略有影响,"华而不实无实用性,价格虚高",20元以内,50-80元,完全愿意,一定会买,随缘,"校园市集,线下实体店",小幅提升,不会复购,"非遗文化科普,市集线下体验",文具类,非常认可，环保创新,希望增加年轻化配色和小件礼盒，方便送礼和收藏。
daqi-answer-129,2026-08-17T17:44:00+08:00,男,18岁以下,职场上班族,3500元以上,非常喜欢,每月1次,日常自用,"电商店铺,文创展会",略有耳闻,非常感兴趣,"手工工艺独特,非遗文化底蕴","工艺精致,适合收藏送礼",愿意,中立,"降低价格,提升包装质感",可能会,"大漆钥匙扣,文创套装礼盒",简约现代风,介意，追求完美品,"工艺质感,颜值外观",极高,定制专属款,非常喜欢,莫兰迪浅色系,非常愿意,"同学朋友送礼,商务小礼品",无影响,款式同质化严重,20-40元,50元以内,完全愿意,看价格款式决定,一定会了解购买,线上店铺,反而降低,一定会复购,工艺制作短视频,"配饰挂件类,定制专属类",比较认可,希望兼顾传统工艺和日常实用性，价格可以分档。
daqi-answer-130,2026-08-18T18:57:00+08:00,女,18-22岁,个体经营者,1000元以内,比较喜欢,每月多次,"送礼纪念,收藏爱好","校园市集,线下实体店",非常了解,比较感兴趣,"国风颜值高,小众不撞款",价格昂贵,无所谓,强烈支持,降低价格,一定会,"大漆书签,大件漆艺摆件",小众艺术轻奢风,完全接受，更有特色,"颜值外观,独特小众性",较高,单品简约款,喜欢,经典黑金红传统色,愿意,"节日礼物,同学朋友送礼",会，非常加分,"价格虚高,款式同质化严重",20元以内,50元以内,不太接受,一定会买,会驻足了解,"校园市集,线上店铺",大幅提升,可能复购,"高颜值产品实拍图,优惠活动福利","礼盒套装类,桌面摆件类",无所谓,建议多做短视频展示制作过程，并在线下市集提供体验。
daqi-answer-131,2026-08-19T09:10:00+08:00,男,31-40岁,在校学生,2000-3500元,非常喜欢,每月1次,"收藏爱好,市集/展会随手购买",短视频平台,略有耳闻,兴趣较低,非遗文化底蕴,"款式老旧,适合收藏送礼",非常愿意,支持,"适配日常使用,提升包装质感",一定会,大漆漆扇,简约现代风,可以接受,价格性价比,不看重,组合套装礼盒,非常喜欢,莫兰迪浅色系,随缘,师生赠礼,略有影响,"华而不实无实用性,包装简陋",20元以内,80-120元,完全愿意,大概率会,不会关注,"文创展会,线下实体店",小幅提升,一定会复购,"市集线下体验,非遗文化科普",文具类,非常认可，环保创新,包装可以更精致，同时附上简明的非遗文化说明卡。
daqi-answer-132,2026-08-20T10:23:00+08:00,女,18岁以下,职场上班族,1000元以内,比较喜欢,季度1-2次,日常自用,"电商店铺,短视频平台",完全没听过,非常感兴趣,"手工工艺独特,小众不撞款","价格昂贵,适合收藏送礼",愿意,强烈支持,"降低价格,加强科普宣传",不确定,"大漆钥匙扣,大件漆艺摆件",传统国风古风,非常介意,"文化寓意,独特小众性",极高,单品简约款,喜欢,撞色潮流色系,非常愿意,"同学朋友送礼,师生赠礼",会，非常加分,做工粗糙,40-60元,50元以内,可以接受小幅溢价,基本不会,一定会了解购买,线上店铺,大幅提升,可能复购,工艺制作短视频,"配饰挂件类,礼盒套装类",比较认可,希望增加年轻化配色和小件礼盒，方便送礼和收藏。
daqi-answer-133,2026-08-21T11:36:00+08:00,男,18-22岁,在校学生,1000-2000元,一般,每月多次,"送礼纪念,日常自用","文创展会,朋友推荐",非常了解,比较感兴趣,"非遗文化底蕴,小众不撞款",价格昂贵,非常愿意,强烈支持,优化款式设计,一定会,"大漆书签,大漆钥匙扣",可爱治愈风,完全接受，更有特色,"颜值外观,文化寓意",一般,组合套装礼盒,无所谓,经典黑金红传统色,愿意,"节日礼物,纪念收藏",会，非常加分,"价格虚高,华而不实无实用性",20元以内,50-80元,完全不接受,一定会买,会驻足了解,"校园市集,社群团购",小幅提升,不确定,"高颜值产品实拍图,市集线下体验","文具类,礼盒套装类",非常认可，环保创新,希望兼顾传统工艺和日常实用性，价格可以分档。
daqi-answer-134,2026-08-22T12:49:00+08:00,女,18岁以下,职场上班族,3500元以上,非常喜欢,每月1次,"活动奖品,市集/展会随手购买",短视频平台,完全没听过,非常感兴趣,非遗文化底蕴,"不适合日常使用,适合收藏送礼",非常愿意,中立,"适配日常使用,加强科普宣传",可能会,大漆漆扇,简约现代风,可以接受,价格性价比,极高,盲盒款式,非常喜欢,莫兰迪浅色系,非常愿意,商务小礼品,无影响,"华而不实无实用性,做工粗糙",20-40元,120元以上,完全愿意,大概率会,一定会了解购买,"线下实体店,文创展会",无变化,一定会复购,"工艺制作短视频,市集线下体验",文具类,非常认可，环保创新,建议多做短视频展示制作过程，并在线下市集提供体验。
daqi-answer-135,2026-08-23T13:02:00+08:00,男,18-22岁,自由职业,1000元以内,比较喜欢,半年一次,日常自用,"电商店铺,朋友推荐",非常了解,非常感兴趣,"色泽质感高级,小众不撞款","价格昂贵,工艺精致",无所谓,强烈支持,"降低价格,适配日常使用",基本不会,"文创套装礼盒,大件漆艺摆件",传统国风古风,完全接受，更有特色,"实用性,文化寓意",较高,单品简约款,喜欢,经典黑金红传统色,非常愿意,"同学朋友送礼,节日礼物",会，非常加分,价格虚高,60元以上,50元以内,可以接受小幅溢价,一定会买,会驻足了解,线上店铺,大幅提升,可能复购,工艺制作短视频,"桌面摆件类,礼盒套装类",无所谓,包装可以更精致，同时附上简明的非遗文化说明卡。
daqi-answer-136,2026-08-24T14:15:00+08:00,男,23-30岁,在校学生,1000-2000元,不太喜欢,每月多次,"送礼纪念,市集/展会随手购买","线下实体店,文创展会",略有耳闻,一般,"非遗文化底蕴,国风颜值高",款式老旧,非常愿意,支持,优化款式设计,一定会,"大漆书签,大漆漆扇",简约现代风,可以接受,"颜值外观,价格性价比",一般,组合套装礼盒,非常喜欢,经典黑金红传统色,随缘,"节日礼物,商务小礼品",略有影响,"华而不实无实用性,价格虚高",20元以内,50-80元,完全愿意,大概率会,随缘,"校园市集,线下实体店",小幅提升,一定会复购,"非遗文化科普,市集线下体验","文具类,桌面摆件类",非常认可，环保创新,希望增加年轻化配色和小件礼盒，方便送礼和收藏。
daqi-answer-137,2026-08-25T15:28:00+08:00,男,18岁以下,职场上班族,1000元以内,非常喜欢,每月1次,"日常自用,市集/展会随手购买",短视频平台,非常了解,非常感兴趣,手工工艺独特,"不适合日常使用,工艺精致",愿意,不支持,"提升包装质感,加强科普宣传",可能会,大漆钥匙扣,传统国风古风,介意，追求完美品,工艺质感,极高,单品简约款,非常喜欢,撞色潮流色系,非常愿意,同学朋友送礼,不在意,"款式同质化严重,做工粗糙",20-40元,50元以内,可以接受小幅溢价,看价格款式决定,一定会了解购买,"线上店铺,线下实体店",大幅提升,一定会复购,"工艺制作短视频,非遗文化科普",配饰挂件类,比较认可,希望兼顾传统工艺和日常实用性，价格可以分档。
daqi-answer-138,2026-08-26T16:41:00+08:00,男,18-22岁,个体经营者,1000-2000元,比较喜欢,每月多次,日常自用,"校园市集,文创展会",略有耳闻,比较感兴趣,"色泽质感高级,国风颜值高","价格昂贵,不适合日常使用",不愿意,强烈支持,"降低价格,优化款式设计",一定会,"大漆书签,大件漆艺摆件",小众艺术轻奢风,完全接受，更有特色,"颜值外观,文化寓意",较高,单品简约款,无所谓,经典黑金红传统色,愿意,"节日礼物,同学朋友送礼",会，非常加分,价格虚高,20元以内,50-80元,不太接受,一定会买,会驻足了解,线上店铺,大幅提升,不确定,高颜值产品实拍图,"桌面摆件类,配饰挂件类",不认可,建议多做短视频展示制作过程，并在线下市集提供体验。
daqi-answer-139,2026-08-27T17:54:00+08:00,女,31-40岁,在校学生,2000-3500元,非常喜欢,每月多次,"收藏爱好,市集/展会随手购买","短视频平台,校园市集",完全没听过,一般,"非遗文化底蕴,色泽质感高级",款式老旧,非常愿意,支持,适配日常使用,可能会,"大漆漆扇,大漆书签",简约现代风,可以接受,"价格性价比,独特小众性",较低,盲盒款式,非常喜欢,莫兰迪浅色系,不愿意,"师生赠礼,商务小礼品",略有影响,"华而不实无实用性,包装简陋",20-40元,80-120元,完全愿意,大概率会,一定会了解购买,"文创展会,线下实体店",无变化,一定会复购,"非遗文化科普,高颜值产品实拍图","文具类,配饰挂件类",非常认可，环保创新,包装可以更精致，同时附上简明的非遗文化说明卡。
daqi-answer-140,2026-08-28T18:07:00+08:00,男,18岁以下,职场上班族,1000元以内,非常喜欢,季度1-2次,"日常自用,活动奖品",电商店铺,非常了解,非常感兴趣,手工工艺独特,"适合收藏送礼,工艺精致",愿意,强烈支持,"降低价格,加强科普宣传",不确定,大漆钥匙扣,传统国风古风,完全接受，更有特色,工艺质感,极高,单品简约款,喜欢,自然原木底色,非常愿意,同学朋友送礼,会，非常加分,"做工粗糙,款式同质化严重",40-60元,50元以内,可以接受小幅溢价,一定会买,一定会了解购买,"线上店铺,文创展会",大幅提升,可能复购,"工艺制作短视频,高颜值产品实拍图",配饰挂件类,比较认可,希望增加年轻化配色和小件礼盒，方便送礼和收藏。
daqi-answer-141,2026-08-01T09:20:00+08:00,女,18-22岁,在校学生,1000-2000元,一般,每月多次,送礼纪念,"校园市集,短视频平台",略有耳闻,比较感兴趣,"小众不撞款,国风颜值高","价格昂贵,款式老旧",非常愿意,支持,"优化款式设计,降低价格",一定会,"大漆书签,大漆钥匙扣",简约现代风,完全接受，更有特色,"颜值外观,价格性价比",较高,组合套装礼盒,不喜欢,经典黑金红传统色,愿意,"节日礼物,纪念收藏",略有影响,价格虚高,20元以内,50-80元,完全愿意,一定会买,随缘,校园市集,小幅提升,不会复购,高颜值产品实拍图,"定制专属类,桌面摆件类",非常认可，环保创新,希望兼顾传统工艺和日常实用性，价格可以分档。
daqi-answer-142,2026-08-02T10:33:00+08:00,男,18岁以下,在校学生,1000元以内,非常喜欢,每月1次,"收藏爱好,活动奖品","短视频平台,线下实体店",非常了解,毫无兴趣,"非遗文化底蕴,手工工艺独特",不适合日常使用,愿意,中立,适配日常使用,可能会,"大漆漆扇,文创套装礼盒",简约现代风,介意，追求完美品,"价格性价比,文化寓意",极高,定制专属款,非常喜欢,莫兰迪浅色系,非常愿意,"商务小礼品,师生赠礼",无影响,"华而不实无实用性,做工粗糙",20-40元,50元以内,完全愿意,看价格款式决定,一定会了解购买,"文创展会,校园市集",反而降低,一定会复购,"优惠活动福利,非遗文化科普","文具类,定制专属类",比较认可,建议多做短视频展示制作过程，并在线下市集提供体验。
daqi-answer-143,2026-08-03T11:46:00+08:00,女,18岁以下,自由职业,1000元以内,比较喜欢,季度1-2次,"日常自用,收藏爱好",电商店铺,略有耳闻,非常感兴趣,色泽质感高级,"价格昂贵,工艺精致",无所谓,强烈支持,"降低价格,适配日常使用",一定会,大件漆艺摆件,小众艺术轻奢风,完全接受，更有特色,文化寓意,较高,单品简约款,喜欢,经典黑金红传统色,愿意,同学朋友送礼,会，非常加分,"价格虚高,做工粗糙",20元以内,50元以内,不太接受,一定会买,会驻足了解,"线上店铺,校园市集",大幅提升,可能复购,"工艺制作短视频,优惠活动福利",桌面摆件类,无所谓,包装可以更精致，同时附上简明的非遗文化说明卡。
daqi-answer-144,2026-08-04T12:59:00+08:00,男,23-30岁,在校学生,2000-3500元,一般,每月多次,送礼纪念,"文创展会,线下实体店",非常了解,一般,"非遗文化底蕴,国风颜值高","款式老旧,价格昂贵",非常愿意,支持,"优化款式设计,提升包装质感",一定会,"大漆书签,大漆漆扇",简约现代风,可以接受,"颜值外观,实用性",一般,组合套装礼盒,非常喜欢,莫兰迪浅色系,随缘,"节日礼物,商务小礼品",略有影响,价格虚高,20元以内,80-120元,完全愿意,大概率会,不会关注,校园市集,小幅提升,一定会复购,非遗文化科普,"文具类,桌面摆件类",非常认可，环保创新,希望增加年轻化配色和小件礼盒，方便送礼和收藏。
daqi-answer-145,2026-08-05T13:12:00+08:00,女,18岁以下,职场上班族,1000元以内,非常喜欢,每月1次,"市集/展会随手购买,活动奖品","短视频平台,文创展会",非常了解,非常感兴趣,"手工工艺独特,非遗文化底蕴",不适合日常使用,愿意,强烈支持,加强科普宣传,不确定,"大漆漆扇,大件漆艺摆件",传统国风古风,非常介意,"价格性价比,颜值外观",极高,单品简约款,喜欢,撞色潮流色系,非常愿意,"同学朋友送礼,商务小礼品",会，非常加分,"款式同质化严重,做工粗糙",40-60元,50元以内,可以接受小幅溢价,基本不会,一定会了解购买,"社群团购,文创展会",大幅提升,可能复购,"工艺制作短视频,非遗文化科普","配饰挂件类,定制专属类",比较认可,希望兼顾传统工艺和日常实用性，价格可以分档。
daqi-answer-146,2026-08-06T14:25:00+08:00,男,18-22岁,自由职业,1000-2000元,比较喜欢,几乎不买,"日常自用,送礼纪念",电商店铺,完全没听过,比较感兴趣,色泽质感高级,"价格昂贵,不适合日常使用",非常愿意,强烈支持,"降低价格,优化款式设计",一定会,大漆书签,可爱治愈风,完全接受，更有特色,实用性,较高,组合套装礼盒,无所谓,经典黑金红传统色,愿意,同学朋友送礼,会，非常加分,"价格虚高,款式同质化严重",20元以内,50-80元,完全不接受,一定会买,会驻足了解,"线上店铺,社群团购",小幅提升,不确定,"高颜值产品实拍图,优惠活动福利",桌面摆件类,非常认可，环保创新,建议多做短视频展示制作过程，并在线下市集提供体验。
daqi-answer-147,2026-08-07T15:38:00+08:00,女,23-30岁,在校学生,3500元以上,完全不感兴趣,每月多次,收藏爱好,"朋友推荐,文创展会",非常了解,一般,"非遗文化底蕴,色泽质感高级","款式老旧,适合收藏送礼",非常愿意,中立,"优化款式设计,加强科普宣传",可能会,"大漆漆扇,大漆书签",简约现代风,可以接受,"颜值外观,工艺质感",较低,盲盒款式,非常喜欢,莫兰迪浅色系,非常愿意,"师生赠礼,商务小礼品",无影响,华而不实无实用性,20-40元,120元以上,完全愿意,大概率会,一定会了解购买,文创展会,无变化,一定会复购,非遗文化科普,"文具类,配饰挂件类",非常认可，环保创新,包装可以更精致，同时附上简明的非遗文化说明卡。
daqi-answer-148,2026-08-08T16:51:00+08:00,男,18岁以下,职场上班族,1000元以内,非常喜欢,季度1-2次,"日常自用,活动奖品","短视频平台,电商店铺",略有耳闻,非常感兴趣,"手工工艺独特,小众不撞款",工艺精致,无所谓,强烈支持,降低价格,基本不会,"大漆钥匙扣,大件漆艺摆件",传统国风古风,完全接受，更有特色,"工艺质感,独特小众性",极高,单品简约款,喜欢,经典黑金红传统色,非常愿意,"同学朋友送礼,师生赠礼",会，非常加分,"款式同质化严重,华而不实无实用性",60元以上,50元以内,可以接受小幅溢价,一定会买,会驻足了解,"线上店铺,文创展会",大幅提升,可能复购,"工艺制作短视频,高颜值产品实拍图","配饰挂件类,礼盒套装类",无所谓,希望增加年轻化配色和小件礼盒，方便送礼和收藏。
daqi-answer-149,2026-08-09T17:04:00+08:00,女,18-22岁,其他,1000-2000元,一般,每月多次,"送礼纪念,日常自用",校园市集,非常了解,比较感兴趣,国风颜值高,"价格昂贵,款式老旧",非常愿意,支持,"优化款式设计,降低价格",一定会,大漆书签,简约现代风,可以接受,颜值外观,较高,组合套装礼盒,非常喜欢,经典黑金红传统色,随缘,节日礼物,略有影响,"价格虚高,华而不实无实用性",20元以内,50-80元,完全愿意,大概率会,随缘,"校园市集,社群团购",小幅提升,一定会复购,"高颜值产品实拍图,市集线下体验",礼盒套装类,非常认可，环保创新,希望兼顾传统工艺和日常实用性，价格可以分档。
daqi-answer-150,2026-08-10T18:17:00+08:00,男,40岁以上,在校学生,1000元以内,非常喜欢,每月1次,收藏爱好,"短视频平台,文创展会",略有耳闻,兴趣较低,"非遗文化底蕴,手工工艺独特","款式老旧,工艺精致",愿意,不支持,"适配日常使用,加强科普宣传",可能会,"大漆漆扇,文创套装礼盒",传统国风古风,介意，追求完美品,"价格性价比,颜值外观",极高,单品简约款,非常喜欢,撞色潮流色系,非常愿意,"师生赠礼,节日礼物",不在意,华而不实无实用性,20-40元,50元以内,可以接受小幅溢价,看价格款式决定,一定会了解购买,文创展会,大幅提升,一定会复购,市集线下体验,"文具类,定制专属类",比较认可,建议多做短视频展示制作过程，并在线下市集提供体验。
daqi-answer-151,2026-08-11T09:30:00+08:00,女,18岁以下,自由职业,1000-2000元,比较喜欢,季度1-2次,"日常自用,收藏爱好","电商店铺,线下实体店",完全没听过,非常感兴趣,"手工工艺独特,国风颜值高",价格昂贵,不愿意,强烈支持,降低价格,一定会,"大件漆艺摆件,大漆钥匙扣",小众艺术轻奢风,完全接受，更有特色,"工艺质感,文化寓意",极高,单品简约款,无所谓,经典黑金红传统色,愿意,"同学朋友送礼,节日礼物",会，非常加分,"包装简陋,款式同质化严重",20元以内,50-80元,不太接受,一定会买,会驻足了解,"线上店铺,校园市集",大幅提升,不确定,"工艺制作短视频,优惠活动福利","配饰挂件类,桌面摆件类",不认可,包装可以更精致，同时附上简明的非遗文化说明卡。
daqi-answer-152,2026-08-12T10:43:00+08:00,男,23-30岁,在校学生,2000-3500元,一般,每月多次,"送礼纪念,市集/展会随手购买",校园市集,非常了解,比较感兴趣,非遗文化底蕴,"款式老旧,价格昂贵",非常愿意,支持,"优化款式设计,提升包装质感",可能会,大漆书签,简约现代风,可以接受,颜值外观,一般,盲盒款式,非常喜欢,莫兰迪浅色系,不愿意,节日礼物,略有影响,"价格虚高,包装简陋",20-40元,80-120元,完全愿意,大概率会,一定会了解购买,"校园市集,线下实体店",无变化,一定会复购,"高颜值产品实拍图,非遗文化科普",文具类,非常认可，环保创新,希望增加年轻化配色和小件礼盒，方便送礼和收藏。
daqi-answer-153,2026-08-13T11:56:00+08:00,男,18岁以下,职场上班族,1000元以内,非常喜欢,每月1次,活动奖品,"短视频平台,电商店铺",完全没听过,非常感兴趣,"手工工艺独特,非遗文化底蕴","不适合日常使用,工艺精致",愿意,强烈支持,"加强科普宣传,适配日常使用",不确定,"大漆漆扇,大件漆艺摆件",传统国风古风,完全接受，更有特色,"价格性价比,实用性",极高,单品简约款,喜欢,自然原木底色,非常愿意,"纪念收藏,师生赠礼",会，非常加分,款式同质化严重,40-60元,50元以内,可以接受小幅溢价,一定会买,一定会了解购买,线下实体店,大幅提升,可能复购,工艺制作短视频,"文具类,礼盒套装类",无所谓,希望兼顾传统工艺和日常实用性，价格可以分档。
daqi-answer-154,2026-08-14T12:09:00+08:00,男,18-22岁,自由职业,1000-2000元,比较喜欢,半年一次,"日常自用,送礼纪念","电商店铺,文创展会",非常了解,比较感兴趣,"色泽质感高级,国风颜值高",价格昂贵,非常愿意,支持,降低价格,一定会,"大漆书签,大件漆艺摆件",简约现代风,完全接受，更有特色,"文化寓意,价格性价比",较高,组合套装礼盒,不喜欢,经典黑金红传统色,愿意,"同学朋友送礼,纪念收藏",略有影响,"价格虚高,款式同质化严重",20元以内,50-80元,完全愿意,一定会买,随缘,"线上店铺,社群团购",小幅提升,不会复购,"工艺制作短视频,市集线下体验","桌面摆件类,配饰挂件类",非常认可，环保创新,建议多做短视频展示制作过程，并在线下市集提供体验。
daqi-answer-155,2026-08-15T13:22:00+08:00,男,23-30岁,在校学生,1000元以内,不太喜欢,每月多次,"送礼纪念,活动奖品",文创展会,略有耳闻,一般,非遗文化底蕴,"款式老旧,适合收藏送礼",愿意,中立,"优化款式设计,加强科普宣传",可能会,大漆书签,简约现代风,介意，追求完美品,颜值外观,一般,定制专属款,非常喜欢,莫兰迪浅色系,非常愿意,师生赠礼,无影响,"华而不实无实用性,包装简陋",20-40元,50元以内,完全愿意,看价格款式决定,一定会了解购买,"校园市集,文创展会",反而降低,一定会复购,"非遗文化科普,高颜值产品实拍图",文具类,比较认可,包装可以更精致，同时附上简明的非遗文化说明卡。
daqi-answer-156,2026-08-16T14:35:00+08:00,女,18岁以下,职场上班族,1000元以内,非常喜欢,每月1次,日常自用,"短视频平台,朋友推荐",非常了解,非常感兴趣,"手工工艺独特,小众不撞款","工艺精致,不适合日常使用",无所谓,强烈支持,"降低价格,加强科普宣传",一定会,"大漆钥匙扣,大件漆艺摆件",小众艺术轻奢风,完全接受，更有特色,"价格性价比,工艺质感",极高,单品简约款,喜欢,经典黑金红传统色,愿意,"同学朋友送礼,师生赠礼",会，非常加分,款式同质化严重,20元以内,50元以内,不太接受,一定会买,会驻足了解,线上店铺,大幅提升,不确定,工艺制作短视频,"配饰挂件类,礼盒套装类",无所谓,希望增加年轻化配色和小件礼盒，方便送礼和收藏。
daqi-answer-157,2026-08-17T15:48:00+08:00,男,18-22岁,个体经营者,2000-3500元,比较喜欢,每月多次,"送礼纪念,日常自用","电商店铺,短视频平台",略有耳闻,比较感兴趣,"国风颜值高,色泽质感高级",价格昂贵,非常愿意,支持,降低价格,一定会,"大漆书签,大漆钥匙扣",简约现代风,可以接受,"实用性,颜值外观",较高,组合套装礼盒,非常喜欢,莫兰迪浅色系,随缘,"节日礼物,纪念收藏",略有影响,"价格虚高,华而不实无实用性",20元以内,80-120元,完全愿意,大概率会,不会关注,"线上店铺,线下实体店",无变化,一定会复购,"高颜值产品实拍图,市集线下体验","礼盒套装类,配饰挂件类",非常认可，环保创新,希望兼顾传统工艺和日常实用性，价格可以分档。
daqi-answer-158,2026-08-18T16:01:00+08:00,女,31-40岁,在校学生,1000元以内,非常喜欢,每月1次,"收藏爱好,活动奖品",朋友推荐,完全没听过,兴趣较低,非遗文化底蕴,"款式老旧,工艺精致",愿意,强烈支持,"适配日常使用,加强科普宣传",不确定,大漆漆扇,传统国风古风,非常介意,颜值外观,不看重,单品简约款,喜欢,撞色潮流色系,非常愿意,师生赠礼,会，非常加分,"华而不实无实用性,做工粗糙",40-60元,50元以内,可以接受小幅溢价,基本不会,一定会了解购买,"文创展会,校园市集",大幅提升,可能复购,"市集线下体验,高颜值产品实拍图",文具类,比较认可,建议多做短视频展示制作过程，并在线下市集提供体验。
daqi-answer-159,2026-08-19T17:14:00+08:00,男,18岁以下,职场上班族,1000-2000元,比较喜欢,季度1-2次,日常自用,"短视频平台,校园市集",非常了解,非常感兴趣,"手工工艺独特,国风颜值高","价格昂贵,工艺精致",非常愿意,强烈支持,"降低价格,适配日常使用",一定会,"大漆钥匙扣,大漆漆扇",可爱治愈风,完全接受，更有特色,"价格性价比,独特小众性",极高,组合套装礼盒,无所谓,经典黑金红传统色,愿意,"同学朋友送礼,节日礼物",会，非常加分,做工粗糙,20元以内,50-80元,完全不接受,一定会买,随缘,线上店铺,小幅提升,不确定,工艺制作短视频,"配饰挂件类,桌面摆件类",非常认可，环保创新,包装可以更精致，同时附上简明的非遗文化说明卡。
daqi-answer-160,2026-08-20T18:27:00+08:00,女,18-22岁,在校学生,3500元以上,一般,每月多次,"送礼纪念,市集/展会随手购买","校园市集,线下实体店",略有耳闻,比较感兴趣,"非遗文化底蕴,国风颜值高",价格昂贵,非常愿意,中立,优化款式设计,可能会,"大漆书签,大漆漆扇",简约现代风,可以接受,"颜值外观,独特小众性",一般,盲盒款式,非常喜欢,莫兰迪浅色系,非常愿意,"节日礼物,商务小礼品",无影响,"价格虚高,包装简陋",20-40元,120元以上,完全愿意,看价格款式决定,一定会了解购买,"校园市集,线下实体店",无变化,一定会复购,"高颜值产品实拍图,非遗文化科普","文具类,桌面摆件类",非常认可，环保创新,希望增加年轻化配色和小件礼盒，方便送礼和收藏。
daqi-answer-161,2026-08-21T09:40:00+08:00,男,18岁以下,职场上班族,1000元以内,非常喜欢,每月1次,"活动奖品,收藏爱好",短视频平台,非常了解,非常感兴趣,非遗文化底蕴,"不适合日常使用,工艺精致",无所谓,强烈支持,"适配日常使用,优化款式设计",基本不会,大漆漆扇,传统国风古风,完全接受，更有特色,颜值外观,极高,单品简约款,喜欢,经典黑金红传统色,非常愿意,商务小礼品,会，非常加分,"华而不实无实用性,款式同质化严重",60元以上,50元以内,不太接受,一定会买,会驻足了解,"线下实体店,校园市集",大幅提升,可能复购,"工艺制作短视频,非遗文化科普",文具类,无所谓,希望兼顾传统工艺和日常实用性，价格可以分档。
daqi-answer-162,2026-08-22T10:53:00+08:00,女,18-22岁,自由职业,1000-2000元,比较喜欢,半年一次,日常自用,"电商店铺,短视频平台",略有耳闻,非常感兴趣,"色泽质感高级,国风颜值高","价格昂贵,不适合日常使用",非常愿意,支持,"降低价格,优化款式设计",一定会,"文创套装礼盒,大漆钥匙扣",简约现代风,可以接受,"工艺质感,实用性",较高,组合套装礼盒,非常喜欢,经典黑金红传统色,随缘,"同学朋友送礼,纪念收藏",略有影响,价格虚高,20元以内,80-120元,完全愿意,大概率会,随缘,线上店铺,小幅提升,一定会复购,工艺制作短视频,"桌面摆件类,配饰挂件类",非常认可，环保创新,建议多做短视频展示制作过程，并在线下市集提供体验。
daqi-answer-163,2026-08-23T11:06:00+08:00,男,23-30岁,在校学生,1000元以内,不太喜欢,每月多次,"送礼纪念,活动奖品","校园市集,文创展会",非常了解,一般,"非遗文化底蕴,色泽质感高级",款式老旧,愿意,不支持,优化款式设计,可能会,"大漆书签,文创套装礼盒",传统国风古风,介意，追求完美品,"颜值外观,文化寓意",一般,单品简约款,非常喜欢,撞色潮流色系,非常愿意,"节日礼物,师生赠礼",不在意,"价格虚高,做工粗糙",40-60元,50元以内,可以接受小幅溢价,看价格款式决定,一定会了解购买,"校园市集,文创展会",大幅提升,一定会复购,"非遗文化科普,高颜值产品实拍图","文具类,配饰挂件类",比较认可,包装可以更精致，同时附上简明的非遗文化说明卡。
daqi-answer-164,2026-08-24T12:19:00+08:00,女,18岁以下,职场上班族,1000-2000元,非常喜欢,每月1次,"日常自用,活动奖品",短视频平台,非常了解,非常感兴趣,手工工艺独特,"不适合日常使用,款式老旧",不愿意,强烈支持,"提升包装质感,适配日常使用",一定会,大漆钥匙扣,小众艺术轻奢风,完全接受，更有特色,价格性价比,极高,单品简约款,无所谓,经典黑金红传统色,愿意,同学朋友送礼,会，非常加分,"款式同质化严重,华而不实无实用性",20元以内,50-80元,不太接受,一定会买,会驻足了解,"线上店铺,文创展会",大幅提升,不确定,"工艺制作短视频,高颜值产品实拍图",配饰挂件类,不认可,希望增加年轻化配色和小件礼盒，方便送礼和收藏。
daqi-answer-165,2026-08-25T13:32:00+08:00,男,18-22岁,个体经营者,2000-3500元,比较喜欢,每月多次,日常自用,"电商店铺,朋友推荐",完全没听过,比较感兴趣,"色泽质感高级,手工工艺独特","价格昂贵,款式老旧",非常愿意,支持,"降低价格,提升包装质感",可能会,"大漆书签,大漆钥匙扣",简约现代风,可以接受,"工艺质感,价格性价比",较高,盲盒款式,非常喜欢,莫兰迪浅色系,不愿意,"同学朋友送礼,商务小礼品",无影响,价格虚高,20-40元,80-120元,完全愿意,大概率会,一定会了解购买,线上店铺,无变化,一定会复购,高颜值产品实拍图,"桌面摆件类,文具类",非常认可，环保创新,希望兼顾传统工艺和日常实用性，价格可以分档。
daqi-answer-166,2026-08-26T14:45:00+08:00,女,31-40岁,在校学生,1000元以内,非常喜欢,每月多次,"收藏爱好,活动奖品","文创展会,电商店铺",非常了解,一般,"非遗文化底蕴,手工工艺独特",款式老旧,愿意,强烈支持,适配日常使用,不确定,"大漆漆扇,文创套装礼盒",传统国风古风,完全接受，更有特色,"颜值外观,价格性价比",较低,单品简约款,喜欢,自然原木底色,非常愿意,"师生赠礼,节日礼物",会，非常加分,"华而不实无实用性,做工粗糙",40-60元,50元以内,可以接受小幅溢价,一定会买,一定会了解购买,"文创展会,校园市集",大幅提升,可能复购,"非遗文化科普,工艺制作短视频","文具类,定制专属类",无所谓,建议多做短视频展示制作过程，并在线下市集提供体验。
daqi-answer-167,2026-08-27T15:58:00+08:00,男,18岁以下,职场上班族,1000-2000元,非常喜欢,季度1-2次,"日常自用,收藏爱好",短视频平台,略有耳闻,非常感兴趣,手工工艺独特,"适合收藏送礼,不适合日常使用",非常愿意,支持,"降低价格,适配日常使用",一定会,大漆钥匙扣,简约现代风,完全接受，更有特色,价格性价比,极高,组合套装礼盒,不喜欢,经典黑金红传统色,随缘,同学朋友送礼,略有影响,"做工粗糙,华而不实无实用性",20元以内,50-80元,完全愿意,一定会买,随缘,"线上店铺,校园市集",小幅提升,不会复购,"工艺制作短视频,优惠活动福利",配饰挂件类,非常认可，环保创新,包装可以更精致，同时附上简明的非遗文化说明卡。
daqi-answer-168,2026-08-28T16:11:00+08:00,女,18-22岁,在校学生,1000元以内,一般,每月多次,送礼纪念,"电商店铺,校园市集",非常了解,比较感兴趣,"小众不撞款,色泽质感高级","价格昂贵,适合收藏送礼",愿意,中立,"优化款式设计,提升包装质感",可能会,"大漆书签,大漆漆扇",简约现代风,介意，追求完美品,"实用性,价格性价比",较高,定制专属款,非常喜欢,撞色潮流色系,非常愿意,"节日礼物,商务小礼品",无影响,价格虚高,20-40元,50元以内,完全愿意,看价格款式决定,一定会了解购买,校园市集,反而降低,一定会复购,高颜值产品实拍图,"定制专属类,配饰挂件类",比较认可,希望增加年轻化配色和小件礼盒，方便送礼和收藏。
daqi-answer-169,2026-08-01T17:24:00+08:00,男,18岁以下,在校学生,1000元以内,非常喜欢,每月1次,"收藏爱好,送礼纪念","朋友推荐,短视频平台",略有耳闻,毫无兴趣,"非遗文化底蕴,小众不撞款",不适合日常使用,无所谓,强烈支持,适配日常使用,一定会,"大漆漆扇,大件漆艺摆件",小众艺术轻奢风,完全接受，更有特色,"颜值外观,实用性",极高,单品简约款,无所谓,经典黑金红传统色,愿意,"商务小礼品,节日礼物",会，非常加分,"华而不实无实用性,款式同质化严重",20元以内,50元以内,不太接受,一定会买,会驻足了解,"文创展会,线上店铺",大幅提升,不确定,"优惠活动福利,高颜值产品实拍图","文具类,礼盒套装类",无所谓,希望兼顾传统工艺和日常实用性，价格可以分档。
daqi-answer-170,2026-08-02T18:37:00+08:00,男,18岁以下,自由职业,2000-3500元,比较喜欢,季度1-2次,"日常自用,送礼纪念",短视频平台,完全没听过,非常感兴趣,色泽质感高级,"价格昂贵,不适合日常使用",非常愿意,支持,"降低价格,优化款式设计",一定会,大件漆艺摆件,简约现代风,可以接受,价格性价比,极高,盲盒款式,非常喜欢,莫兰迪浅色系,随缘,同学朋友送礼,略有影响,"价格虚高,款式同质化严重",20元以内,80-120元,完全愿意,大概率会,不会关注,"线上店铺,社群团购",无变化,一定会复购,"工艺制作短视频,市集线下体验",桌面摆件类,非常认可，环保创新,建议多做短视频展示制作过程，并在线下市集提供体验。
daqi-answer-171,2026-08-03T09:50:00+08:00,男,23-30岁,在校学生,1000元以内,一般,每月多次,送礼纪念,"电商店铺,线下实体店",非常了解,一般,"非遗文化底蕴,色泽质感高级","款式老旧,适合收藏送礼",愿意,强烈支持,"优化款式设计,加强科普宣传",不确定,"大漆书签,文创套装礼盒",传统国风古风,非常介意,"颜值外观,价格性价比",一般,单品简约款,喜欢,撞色潮流色系,非常愿意,"节日礼物,师生赠礼",会，非常加分,价格虚高,40-60元,50元以内,可以接受小幅溢价,基本不会,一定会了解购买,校园市集,大幅提升,可能复购,非遗文化科普,"文具类,配饰挂件类",比较认可,包装可以更精致，同时附上简明的非遗文化说明卡。
daqi-answer-172,2026-08-04T10:03:00+08:00,男,18岁以下,职场上班族,1000-2000元,非常喜欢,每月1次,"市集/展会随手购买,收藏爱好","短视频平台,线下实体店",完全没听过,非常感兴趣,"手工工艺独特,小众不撞款",不适合日常使用,非常愿意,强烈支持,加强科普宣传,一定会,"大漆漆扇,大漆钥匙扣",可爱治愈风,完全接受，更有特色,"颜值外观,工艺质感",极高,组合套装礼盒,无所谓,经典黑金红传统色,愿意,"同学朋友送礼,师生赠礼",会，非常加分,"款式同质化严重,华而不实无实用性",20元以内,50-80元,完全不接受,一定会买,随缘,"社群团购,校园市集",小幅提升,不确定,"工艺制作短视频,高颜值产品实拍图","配饰挂件类,礼盒套装类",非常认可，环保创新,希望增加年轻化配色和小件礼盒，方便送礼和收藏。
daqi-answer-173,2026-08-05T11:16:00+08:00,女,18-22岁,自由职业,3500元以上,比较喜欢,几乎不买,"日常自用,市集/展会随手购买",短视频平台,非常了解,比较感兴趣,色泽质感高级,"价格昂贵,款式老旧",非常愿意,中立,"降低价格,提升包装质感",可能会,大漆书签,简约现代风,介意，追求完美品,工艺质感,较高,盲盒款式,非常喜欢,莫兰迪浅色系,非常愿意,同学朋友送礼,无影响,"价格虚高,华而不实无实用性",20-40元,120元以上,完全愿意,看价格款式决定,一定会了解购买,"线上店铺,线下实体店",无变化,一定会复购,"高颜值产品实拍图,市集线下体验",桌面摆件类,比较认可,希望兼顾传统工艺和日常实用性，价格可以分档。
daqi-answer-174,2026-08-06T12:29:00+08:00,男,23-30岁,在校学生,1000元以内,完全不感兴趣,每月多次,收藏爱好,"校园市集,朋友推荐",略有耳闻,一般,"非遗文化底蕴,手工工艺独特","款式老旧,工艺精致",无所谓,强烈支持,"优化款式设计,适配日常使用",基本不会,"大漆书签,大件漆艺摆件",小众艺术轻奢风,完全接受，更有特色,"颜值外观,实用性",较低,单品简约款,喜欢,经典黑金红传统色,非常愿意,"师生赠礼,节日礼物",会，非常加分,华而不实无实用性,60元以上,50元以内,不太接受,一定会买,会驻足了解,文创展会,大幅提升,可能复购,非遗文化科普,"文具类,定制专属类",无所谓,建议多做短视频展示制作过程，并在线下市集提供体验。
daqi-answer-175,2026-08-07T13:42:00+08:00,女,18岁以下,职场上班族,1000-2000元,非常喜欢,季度1-2次,"日常自用,收藏爱好","短视频平台,文创展会",非常了解,非常感兴趣,"手工工艺独特,国风颜值高",工艺精致,非常愿意,支持,降低价格,一定会,"大漆钥匙扣,大漆漆扇",简约现代风,可以接受,"价格性价比,颜值外观",极高,组合套装礼盒,非常喜欢,经典黑金红传统色,随缘,"同学朋友送礼,节日礼物",略有影响,"款式同质化严重,价格虚高",20元以内,80-120元,完全愿意,大概率会,随缘,"线上店铺,校园市集",小幅提升,一定会复购,"工艺制作短视频,优惠活动福利","配饰挂件类,桌面摆件类",非常认可，环保创新,包装可以更精致，同时附上简明的非遗文化说明卡。
daqi-answer-176,2026-08-08T14:55:00+08:00,男,18-22岁,其他,1000元以内,一般,每月多次,"送礼纪念,市集/展会随手购买",电商店铺,略有耳闻,比较感兴趣,国风颜值高,"价格昂贵,适合收藏送礼",愿意,不支持,"降低价格,加强科普宣传",不确定,大漆书签,传统国风古风,介意，追求完美品,工艺质感,较高,单品简约款,非常喜欢,撞色潮流色系,非常愿意,节日礼物,不在意,"价格虚高,包装简陋",40-60元,50元以内,可以接受小幅溢价,看价格款式决定,一定会了解购买,"校园市集,线下实体店",大幅提升,可能复购,"高颜值产品实拍图,非遗文化科普",礼盒套装类,比较认可,希望增加年轻化配色和小件礼盒，方便送礼和收藏。
daqi-answer-177,2026-08-09T15:08:00+08:00,女,40岁以上,在校学生,1000-2000元,非常喜欢,每月1次,收藏爱好,"校园市集,电商店铺",完全没听过,兴趣较低,"非遗文化底蕴,小众不撞款","款式老旧,不适合日常使用",不愿意,强烈支持,"适配日常使用,优化款式设计",一定会,"大漆漆扇,大件漆艺摆件",小众艺术轻奢风,完全接受，更有特色,"颜值外观,工艺质感",极高,单品简约款,无所谓,经典黑金红传统色,愿意,"师生赠礼,同学朋友送礼",会，非常加分,华而不实无实用性,20元以内,50-80元,不太接受,一定会买,会驻足了解,文创展会,小幅提升,不确定,市集线下体验,"文具类,礼盒套装类",不认可,希望兼顾传统工艺和日常实用性，价格可以分档。
daqi-answer-178,2026-08-10T16:21:00+08:00,男,18岁以下,自由职业,2000-3500元,比较喜欢,季度1-2次,"日常自用,送礼纪念","短视频平台,电商店铺",非常了解,非常感兴趣,"手工工艺独特,色泽质感高级",价格昂贵,非常愿意,中立,降低价格,可能会,"大件漆艺摆件,大漆漆扇",简约现代风,可以接受,"价格性价比,实用性",极高,盲盒款式,非常喜欢,莫兰迪浅色系,不愿意,"同学朋友送礼,纪念收藏",无影响,"包装简陋,华而不实无实用性",20-40元,80-120元,完全愿意,大概率会,一定会了解购买,"线上店铺,社群团购",无变化,一定会复购,"工艺制作短视频,市集线下体验","配饰挂件类,文具类",非常认可，环保创新,建议多做短视频展示制作过程，并在线下市集提供体验。
daqi-answer-179,2026-08-11T17:34:00+08:00,女,23-30岁,在校学生,1000元以内,一般,每月多次,"送礼纪念,活动奖品",电商店铺,略有耳闻,比较感兴趣,非遗文化底蕴,"价格昂贵,工艺精致",无所谓,强烈支持,"优化款式设计,加强科普宣传",不确定,大漆书签,传统国风古风,完全接受，更有特色,文化寓意,一般,单品简约款,喜欢,自然原木底色,非常愿意,节日礼物,会，非常加分,"价格虚高,做工粗糙",40-60元,50元以内,可以接受小幅溢价,一定会买,会驻足了解,"校园市集,文创展会",大幅提升,可能复购,"高颜值产品实拍图,工艺制作短视频",文具类,无所谓,包装可以更精致，同时附上简明的非遗文化说明卡。
daqi-answer-180,2026-08-12T18:47:00+08:00,男,18岁以下,职场上班族,1000-2000元,非常喜欢,每月1次,活动奖品,"朋友推荐,电商店铺",非常了解,非常感兴趣,"非遗文化底蕴,国风颜值高","不适合日常使用,款式老旧",非常愿意,支持,"加强科普宣传,优化款式设计",一定会,"大漆漆扇,大漆钥匙扣",简约现代风,完全接受，更有特色,"颜值外观,独特小众性",极高,组合套装礼盒,不喜欢,经典黑金红传统色,随缘,"纪念收藏,节日礼物",略有影响,款式同质化严重,20元以内,50-80元,完全愿意,大概率会,随缘,线下实体店,小幅提升,不会复购,工艺制作短视频,"文具类,桌面摆件类",非常认可，环保创新,希望增加年轻化配色和小件礼盒，方便送礼和收藏。
daqi-answer-181,2026-08-13T09:00:00+08:00,女,18-22岁,自由职业,1000元以内,比较喜欢,半年一次,"日常自用,市集/展会随手购买","短视频平台,朋友推荐",略有耳闻,非常感兴趣,"色泽质感高级,手工工艺独特",价格昂贵,愿意,中立,降低价格,可能会,"大漆书签,大漆钥匙扣",简约现代风,介意，追求完美品,"价格性价比,工艺质感",较高,定制专属款,非常喜欢,撞色潮流色系,非常愿意,"同学朋友送礼,商务小礼品",无影响,"价格虚高,华而不实无实用性",20-40元,50元以内,可以接受小幅溢价,看价格款式决定,一定会了解购买,"线上店铺,线下实体店",反而降低,一定会复购,"工艺制作短视频,非遗文化科普","桌面摆件类,文具类",比较认可,希望兼顾传统工艺和日常实用性，价格可以分档。
daqi-answer-182,2026-08-14T10:13:00+08:00,男,23-30岁,在校学生,1000元以内,不太喜欢,每月多次,"送礼纪念,收藏爱好",电商店铺,非常了解,一般,非遗文化底蕴,"款式老旧,工艺精致",无所谓,强烈支持,"优化款式设计,适配日常使用",一定会,大漆书签,小众艺术轻奢风,完全接受，更有特色,颜值外观,一般,单品简约款,无所谓,经典黑金红传统色,愿意,师生赠礼,会，非常加分,"华而不实无实用性,做工粗糙",20元以内,50-80元,不太接受,一定会买,会驻足了解,"校园市集,线上店铺",大幅提升,不确定,"非遗文化科普,工艺制作短视频",文具类,无所谓,建议多做短视频展示制作过程，并在线下市集提供体验。
daqi-answer-183,2026-08-15T11:26:00+08:00,女,18岁以下,职场上班族,2000-3500元,非常喜欢,每月1次,日常自用,"短视频平台,电商店铺",非常了解,非常感兴趣,"手工工艺独特,国风颜值高","工艺精致,款式老旧",非常愿意,支持,"降低价格,适配日常使用",一定会,"大漆钥匙扣,大漆漆扇",简约现代风,可以接受,"颜值外观,文化寓意",极高,盲盒款式,非常喜欢,莫兰迪浅色系,随缘,"同学朋友送礼,节日礼物",略有影响,款式同质化严重,20-40元,80-120元,完全愿意,大概率会,不会关注,线上店铺,无变化,一定会复购,工艺制作短视频,"配饰挂件类,桌面摆件类",非常认可，环保创新,包装可以更精致，同时附上简明的非遗文化说明卡。
daqi-answer-184,2026-08-16T12:39:00+08:00,男,18-22岁,个体经营者,1000元以内,比较喜欢,每月多次,"日常自用,活动奖品","短视频平台,校园市集",完全没听过,比较感兴趣,"国风颜值高,手工工艺独特",价格昂贵,愿意,强烈支持,降低价格,不确定,"大漆书签,大漆漆扇",传统国风古风,非常介意,"工艺质感,颜值外观",较高,单品简约款,喜欢,撞色潮流色系,非常愿意,"节日礼物,商务小礼品",会，非常加分,"价格虚高,包装简陋",40-60元,50元以内,可以接受小幅溢价,基本不会,一定会了解购买,"线上店铺,文创展会",大幅提升,可能复购,"高颜值产品实拍图,非遗文化科普","礼盒套装类,文具类",比较认可,希望增加年轻化配色和小件礼盒，方便送礼和收藏。
daqi-answer-185,2026-08-17T13:52:00+08:00,女,31-40岁,在校学生,1000-2000元,非常喜欢,每月多次,"收藏爱好,送礼纪念",校园市集,非常了解,兴趣较低,非遗文化底蕴,"款式老旧,不适合日常使用",非常愿意,强烈支持,"适配日常使用,优化款式设计",一定会,大漆漆扇,可爱治愈风,完全接受，更有特色,颜值外观,不看重,组合套装礼盒,无所谓,经典黑金红传统色,愿意,师生赠礼,略有影响,"华而不实无实用性,款式同质化严重",20元以内,50-80元,完全不接受,一定会买,随缘,"文创展会,线上店铺",小幅提升,不确定,"市集线下体验,工艺制作短视频",文具类,非常认可，环保创新,希望兼顾传统工艺和日常实用性，价格可以分档。
daqi-answer-186,2026-08-18T14:05:00+08:00,男,18岁以下,职场上班族,3500元以上,非常喜欢,季度1-2次,日常自用,"短视频平台,朋友推荐",略有耳闻,非常感兴趣,"手工工艺独特,色泽质感高级","价格昂贵,不适合日常使用",非常愿意,中立,"降低价格,优化款式设计",可能会,"大漆钥匙扣,大漆书签",简约现代风,介意，追求完美品,"价格性价比,工艺质感",极高,盲盒款式,非常喜欢,莫兰迪浅色系,非常愿意,"同学朋友送礼,纪念收藏",无影响,做工粗糙,20-40元,120元以上,完全愿意,看价格款式决定,一定会了解购买,线上店铺,无变化,一定会复购,工艺制作短视频,"配饰挂件类,文具类",比较认可,建议多做短视频展示制作过程，并在线下市集提供体验。
daqi-answer-187,2026-08-19T15:18:00+08:00,男,18-22岁,在校学生,1000元以内,一般,每月多次,"送礼纪念,活动奖品","电商店铺,短视频平台",非常了解,比较感兴趣,"非遗文化底蕴,色泽质感高级",价格昂贵,无所谓,强烈支持,优化款式设计,基本不会,"大漆书签,文创套装礼盒",小众艺术轻奢风,完全接受，更有特色,"工艺质感,实用性",一般,单品简约款,喜欢,经典黑金红传统色,愿意,"节日礼物,师生赠礼",会，非常加分,"价格虚高,做工粗糙",60元以上,50元以内,不太接受,一定会买,会驻足了解,"校园市集,文创展会",大幅提升,可能复购,"高颜值产品实拍图,工艺制作短视频","定制专属类,文具类",无所谓,包装可以更精致，同时附上简明的非遗文化说明卡。
daqi-answer-188,2026-08-20T16:31:00+08:00,男,18岁以下,在校学生,2000-3500元,非常喜欢,每月1次,"活动奖品,送礼纪念",校园市集,略有耳闻,非常感兴趣,非遗文化底蕴,"不适合日常使用,款式老旧",非常愿意,支持,"适配日常使用,降低价格",一定会,大漆漆扇,简约现代风,可以接受,颜值外观,极高,组合套装礼盒,非常喜欢,莫兰迪浅色系,随缘,商务小礼品,略有影响,"华而不实无实用性,价格虚高",20元以内,80-120元,完全愿意,大概率会,随缘,"线下实体店,线上店铺",小幅提升,一定会复购,"优惠活动福利,工艺制作短视频",文具类,非常认可，环保创新,希望增加年轻化配色和小件礼盒，方便送礼和收藏。
daqi-answer-189,2026-08-21T17:44:00+08:00,男,18岁以下,自由职业,1000元以内,比较喜欢,半年一次,日常自用,"短视频平台,校园市集",完全没听过,非常感兴趣,"色泽质感高级,手工工艺独特","价格昂贵,款式老旧",愿意,不支持,"降低价格,提升包装质感",不确定,"文创套装礼盒,大漆漆扇",传统国风古风,介意，追求完美品,"价格性价比,独特小众性",较高,单品简约款,喜欢,撞色潮流色系,非常愿意,"同学朋友送礼,商务小礼品",不在意,价格虚高,40-60元,50元以内,可以接受小幅溢价,看价格款式决定,一定会了解购买,线上店铺,大幅提升,可能复购,工艺制作短视频,"桌面摆件类,文具类",比较认可,希望兼顾传统工艺和日常实用性，价格可以分档。
daqi-answer-190,2026-08-22T18:57:00+08:00,男,23-30岁,在校学生,1000-2000元,不太喜欢,每月多次,"送礼纪念,收藏爱好","电商店铺,朋友推荐",非常了解,一般,"非遗文化底蕴,手工工艺独特",款式老旧,不愿意,强烈支持,优化款式设计,一定会,"大漆书签,大件漆艺摆件",小众艺术轻奢风,完全接受，更有特色,"文化寓意,工艺质感",一般,组合套装礼盒,无所谓,经典黑金红传统色,愿意,"节日礼物,同学朋友送礼",会，非常加分,"价格虚高,款式同质化严重",20元以内,50-80元,不太接受,一定会买,会驻足了解,"校园市集,线上店铺",小幅提升,不确定,"非遗文化科普,工艺制作短视频","文具类,定制专属类",不认可,建议多做短视频展示制作过程，并在线下市集提供体验。
daqi-answer-191,2026-08-23T09:10:00+08:00,男,18岁以下,职场上班族,2000-3500元,非常喜欢,每月1次,"日常自用,收藏爱好",文创展会,完全没听过,非常感兴趣,手工工艺独特,"不适合日常使用,价格昂贵",非常愿意,中立,"提升包装质感,优化款式设计",可能会,大漆钥匙扣,简约现代风,可以接受,颜值外观,极高,盲盒款式,非常喜欢,莫兰迪浅色系,不愿意,同学朋友送礼,无影响,"款式同质化严重,价格虚高",20-40元,80-120元,完全愿意,大概率会,一定会了解购买,"社群团购,线上店铺",无变化,一定会复购,"工艺制作短视频,优惠活动福利",配饰挂件类,非常认可，环保创新,包装可以更精致，同时附上简明的非遗文化说明卡。
daqi-answer-192,2026-08-24T10:23:00+08:00,女,18-22岁,个体经营者,1000元以内,比较喜欢,每月多次,日常自用,"短视频平台,线下实体店",非常了解,比较感兴趣,"色泽质感高级,非遗文化底蕴","价格昂贵,适合收藏送礼",无所谓,强烈支持,"降低价格,加强科普宣传",不确定,"大漆书签,大漆漆扇",传统国风古风,完全接受，更有特色,"价格性价比,文化寓意",较高,单品简约款,喜欢,自然原木底色,非常愿意,"同学朋友送礼,师生赠礼",会，非常加分,价格虚高,40-60元,50元以内,可以接受小幅溢价,一定会买,会驻足了解,线上店铺,大幅提升,可能复购,高颜值产品实拍图,"桌面摆件类,定制专属类",无所谓,希望增加年轻化配色和小件礼盒，方便送礼和收藏。
daqi-answer-193,2026-08-25T11:36:00+08:00,男,31-40岁,在校学生,1000-2000元,非常喜欢,每月多次,"收藏爱好,送礼纪念","电商店铺,校园市集",略有耳闻,一般,"非遗文化底蕴,小众不撞款",款式老旧,非常愿意,支持,适配日常使用,一定会,"大漆漆扇,大件漆艺摆件",简约现代风,可以接受,"颜值外观,文化寓意",较低,组合套装礼盒,不喜欢,经典黑金红传统色,随缘,"师生赠礼,同学朋友送礼",略有影响,"华而不实无实用性,款式同质化严重",20元以内,50-80元,完全愿意,大概率会,随缘,"文创展会,线上店铺",小幅提升,不会复购,"非遗文化科普,优惠活动福利","文具类,礼盒套装类",非常认可，环保创新,希望兼顾传统工艺和日常实用性，价格可以分档。
daqi-answer-194,2026-08-26T12:49:00+08:00,女,18岁以下,职场上班族,1000元以内,非常喜欢,季度1-2次,"日常自用,送礼纪念",短视频平台,非常了解,非常感兴趣,手工工艺独特,"适合收藏送礼,款式老旧",愿意,中立,"降低价格,优化款式设计",可能会,大漆钥匙扣,传统国风古风,介意，追求完美品,颜值外观,极高,定制专属款,非常喜欢,撞色潮流色系,非常愿意,同学朋友送礼,无影响,"做工粗糙,价格虚高",20-40元,50元以内,可以接受小幅溢价,看价格款式决定,一定会了解购买,"线上店铺,社群团购",反而降低,一定会复购,"工艺制作短视频,市集线下体验",配饰挂件类,比较认可,建议多做短视频展示制作过程，并在线下市集提供体验。
daqi-answer-195,2026-08-27T13:02:00+08:00,男,18-22岁,在校学生,1000元以内,一般,每月多次,送礼纪念,"短视频平台,文创展会",略有耳闻,比较感兴趣,"小众不撞款,手工工艺独特","价格昂贵,工艺精致",无所谓,强烈支持,"优化款式设计,加强科普宣传",一定会,"大漆书签,文创套装礼盒",小众艺术轻奢风,完全接受，更有特色,"工艺质感,价格性价比",较高,单品简约款,无所谓,经典黑金红传统色,愿意,"节日礼物,师生赠礼",会，非常加分,价格虚高,20元以内,50-80元,不太接受,一定会买,会驻足了解,校园市集,大幅提升,不确定,高颜值产品实拍图,"礼盒套装类,定制专属类",不认可,包装可以更精致，同时附上简明的非遗文化说明卡。
daqi-answer-196,2026-08-28T14:15:00+08:00,女,18岁以下,在校学生,2000-3500元,非常喜欢,每月1次,"收藏爱好,日常自用","校园市集,短视频平台",完全没听过,毫无兴趣,"非遗文化底蕴,国风颜值高",不适合日常使用,非常愿意,支持,适配日常使用,可能会,"大漆漆扇,大漆钥匙扣",简约现代风,可以接受,"颜值外观,价格性价比",极高,盲盒款式,非常喜欢,莫兰迪浅色系,随缘,"商务小礼品,同学朋友送礼",略有影响,"华而不实无实用性,价格虚高",20-40元,80-120元,完全愿意,大概率会,不会关注,"文创展会,社群团购",无变化,一定会复购,"市集线下体验,优惠活动福利","文具类,桌面摆件类",非常认可，环保创新,希望增加年轻化配色和小件礼盒，方便送礼和收藏。
daqi-answer-197,2026-08-01T15:28:00+08:00,男,18岁以下,自由职业,1000元以内,比较喜欢,季度1-2次,"日常自用,市集/展会随手购买",短视频平台,非常了解,非常感兴趣,色泽质感高级,"价格昂贵,款式老旧",愿意,强烈支持,"降低价格,提升包装质感",不确定,大件漆艺摆件,传统国风古风,非常介意,价格性价比,极高,单品简约款,喜欢,撞色潮流色系,非常愿意,同学朋友送礼,会，非常加分,"包装简陋,价格虚高",40-60元,50元以内,可以接受小幅溢价,基本不会,一定会了解购买,"线上店铺,线下实体店",大幅提升,可能复购,"工艺制作短视频,非遗文化科普",配饰挂件类,比较认可,希望兼顾传统工艺和日常实用性，价格可以分档。
daqi-answer-198,2026-08-02T16:41:00+08:00,女,23-30岁,在校学生,1000-2000元,一般,每月多次,送礼纪念,"电商店铺,校园市集",略有耳闻,一般,"非遗文化底蕴,手工工艺独特","款式老旧,工艺精致",非常愿意,支持,"优化款式设计,适配日常使用",一定会,"大漆书签,大件漆艺摆件",可爱治愈风,完全接受，更有特色,"工艺质感,独特小众性",一般,组合套装礼盒,无所谓,经典黑金红传统色,愿意,"节日礼物,同学朋友送礼",略有影响,价格虚高,20元以内,50-80元,完全不接受,一定会买,随缘,校园市集,小幅提升,不会复购,高颜值产品实拍图,"文具类,定制专属类",非常认可，环保创新,建议多做短视频展示制作过程，并在线下市集提供体验。
daqi-answer-199,2026-08-03T17:54:00+08:00,男,18岁以下,职场上班族,3500元以上,非常喜欢,每月1次,"市集/展会随手购买,送礼纪念","校园市集,朋友推荐",非常了解,非常感兴趣,"手工工艺独特,国风颜值高",不适合日常使用,愿意,中立,加强科普宣传,可能会,"大漆漆扇,大漆书签",简约现代风,介意，追求完美品,"颜值外观,实用性",极高,盲盒款式,非常喜欢,莫兰迪浅色系,非常愿意,"纪念收藏,同学朋友送礼",无影响,"款式同质化严重,价格虚高",20-40元,120元以上,完全愿意,看价格款式决定,一定会了解购买,"线下实体店,社群团购",反而降低,一定会复购,"工艺制作短视频,优惠活动福利","配饰挂件类,桌面摆件类",比较认可,包装可以更精致，同时附上简明的非遗文化说明卡。
daqi-answer-200,2026-08-04T18:07:00+08:00,女,18-22岁,自由职业,1000元以内,比较喜欢,几乎不买,"日常自用,活动奖品",短视频平台,略有耳闻,比较感兴趣,色泽质感高级,"价格昂贵,适合收藏送礼",无所谓,强烈支持,"降低价格,加强科普宣传",基本不会,大漆书签,小众艺术轻奢风,完全接受，更有特色,价格性价比,较高,单品简约款,喜欢,经典黑金红传统色,愿意,同学朋友送礼,会，非常加分,"价格虚高,包装简陋",60元以上,50元以内,不太接受,一定会买,会驻足了解,"线上店铺,文创展会",大幅提升,可能复购,"高颜值产品实拍图,非遗文化科普",桌面摆件类,无所谓,希望增加年轻化配色和小件礼盒，方便送礼和收藏。
daqi-answer-201,2026-08-05T09:20:00+08:00,男,23-30岁,在校学生,2000-3500元,完全不感兴趣,每月多次,收藏爱好,"电商店铺,线下实体店",非常了解,一般,"非遗文化底蕴,小众不撞款","款式老旧,不适合日常使用",非常愿意,支持,"优化款式设计,降低价格",一定会,"大漆书签,大漆钥匙扣",简约现代风,可以接受,"文化寓意,实用性",较低,组合套装礼盒,非常喜欢,莫兰迪浅色系,随缘,"师生赠礼,同学朋友送礼",略有影响,华而不实无实用性,20元以内,80-120元,完全愿意,大概率会,不会关注,校园市集,小幅提升,一定会复购,非遗文化科普,"文具类,礼盒套装类",非常认可，环保创新,希望兼顾传统工艺和日常实用性，价格可以分档。
daqi-answer-202,2026-08-06T10:33:00+08:00,女,18岁以下,职场上班族,1000元以内,非常喜欢,季度1-2次,"日常自用,送礼纪念","文创展会,校园市集",非常了解,非常感兴趣,"手工工艺独特,色泽质感高级",工艺精致,愿意,不支持,降低价格,不确定,"大漆钥匙扣,大漆书签",传统国风古风,介意，追求完美品,"颜值外观,工艺质感",极高,单品简约款,喜欢,撞色潮流色系,非常愿意,"同学朋友送礼,纪念收藏",不在意,"款式同质化严重,包装简陋",40-60元,50元以内,可以接受小幅溢价,基本不会,一定会了解购买,"线上店铺,社群团购",大幅提升,可能复购,"工艺制作短视频,市集线下体验","配饰挂件类,文具类",比较认可,建议多做短视频展示制作过程，并在线下市集提供体验。
daqi-answer-203,2026-08-07T11:46:00+08:00,男,18-22岁,其他,1000-2000元,一般,每月多次,"送礼纪念,活动奖品",短视频平台,完全没听过,比较感兴趣,国风颜值高,"价格昂贵,工艺精致",不愿意,强烈支持,"降低价格,适配日常使用",一定会,大漆书签,小众艺术轻奢风,完全接受，更有特色,价格性价比,较高,组合套装礼盒,无所谓,经典黑金红传统色,愿意,节日礼物,会，非常加分,"价格虚高,做工粗糙",20元以内,50-80元,完全不接受,一定会买,会驻足了解,"校园市集,文创展会",小幅提升,不确定,"高颜值产品实拍图,工艺制作短视频",礼盒套装类,非常认可，环保创新,包装可以更精致，同时附上简明的非遗文化说明卡。
daqi-answer-204,2026-08-08T12:59:00+08:00,女,40岁以上,在校学生,2000-3500元,非常喜欢,每月1次,收藏爱好,"电商店铺,文创展会",非常了解,兴趣较低,"非遗文化底蕴,国风颜值高","款式老旧,价格昂贵",非常愿意,中立,"适配日常使用,降低价格",可能会,"大漆漆扇,大漆钥匙扣",简约现代风,可以接受,"颜值外观,实用性",不看重,盲盒款式,非常喜欢,莫兰迪浅色系,不愿意,"师生赠礼,纪念收藏",无影响,华而不实无实用性,20-40元,120元以上,完全愿意,大概率会,一定会了解购买,文创展会,无变化,一定会复购,市集线下体验,"文具类,桌面摆件类",非常认可，环保创新,希望增加年轻化配色和小件礼盒，方便送礼和收藏。
daqi-answer-205,2026-08-09T13:12:00+08:00,男,18岁以下,自由职业,1000元以内,比较喜欢,季度1-2次,"日常自用,市集/展会随手购买","短视频平台,文创展会",略有耳闻,非常感兴趣,"手工工艺独特,非遗文化底蕴",价格昂贵,无所谓,强烈支持,降低价格,不确定,"大件漆艺摆件,大漆书签",传统国风古风,完全接受，更有特色,"颜值外观,独特小众性",极高,单品简约款,喜欢,自然原木底色,非常愿意,"同学朋友送礼,商务小礼品",会，非常加分,"做工粗糙,包装简陋",60元以上,50元以内,可以接受小幅溢价,一定会买,会驻足了解,"线上店铺,线下实体店",大幅提升,可能复购,"工艺制作短视频,非遗文化科普","配饰挂件类,定制专属类",无所谓,希望兼顾传统工艺和日常实用性，价格可以分档。
daqi-answer-206,2026-08-10T14:25:00+08:00,男,23-30岁,在校学生,1000-2000元,一般,每月多次,"送礼纪念,收藏爱好",短视频平台,非常了解,比较感兴趣,非遗文化底蕴,"价格昂贵,不适合日常使用",非常愿意,支持,"优化款式设计,适配日常使用",一定会,大漆书签,简约现代风,可以接受,工艺质感,一般,组合套装礼盒,不喜欢,经典黑金红传统色,随缘,节日礼物,略有影响,"价格虚高,款式同质化严重",20元以内,50-80元,完全愿意,大概率会,随缘,"校园市集,线上店铺",小幅提升,一定会复购,"高颜值产品实拍图,优惠活动福利",文具类,非常认可，环保创新,建议多做短视频展示制作过程，并在线下市集提供体验。
daqi-answer-207,2026-08-11T15:38:00+08:00,男,18岁以下,职场上班族,1000元以内,非常喜欢,每月1次,活动奖品,"校园市集,电商店铺",略有耳闻,非常感兴趣,"非遗文化底蕴,色泽质感高级","不适合日常使用,价格昂贵",愿意,中立,"加强科普宣传,降低价格",可能会,"大漆漆扇,大漆书签",传统国风古风,介意，追求完美品,"颜值外观,工艺质感",极高,定制专属款,非常喜欢,撞色潮流色系,非常愿意,"商务小礼品,纪念收藏",不在意,华而不实无实用性,20-40元,50元以内,可以接受小幅溢价,看价格款式决定,一定会了解购买,线下实体店,大幅提升,一定会复购,工艺制作短视频,"文具类,配饰挂件类",比较认可,包装可以更精致，同时附上简明的非遗文化说明卡。
daqi-answer-208,2026-08-12T16:51:00+08:00,男,18-22岁,自由职业,1000-2000元,比较喜欢,半年一次,"日常自用,活动奖品","短视频平台,电商店铺",完全没听过,非常感兴趣,"色泽质感高级,非遗文化底蕴",价格昂贵,无所谓,强烈支持,降低价格,一定会,"文创套装礼盒,大漆书签",小众艺术轻奢风,完全接受，更有特色,"价格性价比,实用性",较高,单品简约款,无所谓,经典黑金红传统色,愿意,"同学朋友送礼,师生赠礼",会，非常加分,"价格虚高,包装简陋",20元以内,50-80元,不太接受,一定会买,会驻足了解,"线上店铺,文创展会",大幅提升,不确定,"工艺制作短视频,高颜值产品实拍图","桌面摆件类,定制专属类",不认可,希望增加年轻化配色和小件礼盒，方便送礼和收藏。
daqi-answer-209,2026-08-13T17:04:00+08:00,女,23-30岁,在校学生,2000-3500元,不太喜欢,每月多次,"送礼纪念,日常自用",电商店铺,非常了解,一般,非遗文化底蕴,"款式老旧,不适合日常使用",非常愿意,支持,"优化款式设计,降低价格",可能会,大漆书签,简约现代风,可以接受,工艺质感,一般,盲盒款式,非常喜欢,莫兰迪浅色系,不愿意,节日礼物,略有影响,"华而不实无实用性,款式同质化严重",20-40元,80-120元,完全愿意,大概率会,一定会了解购买,"校园市集,社群团购",无变化,一定会复购,"非遗文化科普,优惠活动福利",文具类,非常认可，环保创新,希望兼顾传统工艺和日常实用性，价格可以分档。
daqi-answer-210,2026-08-14T18:17:00+08:00,男,18岁以下,职场上班族,1000元以内,非常喜欢,每月1次,日常自用,"校园市集,线下实体店",略有耳闻,非常感兴趣,"手工工艺独特,色泽质感高级","工艺精致,价格昂贵",愿意,强烈支持,"提升包装质感,降低价格",不确定,"大漆钥匙扣,大漆书签",传统国风古风,非常介意,"颜值外观,独特小众性",极高,单品简约款,喜欢,自然原木底色,非常愿意,"同学朋友送礼,纪念收藏",会，非常加分,款式同质化严重,40-60元,50元以内,可以接受小幅溢价,一定会买,一定会了解购买,线上店铺,大幅提升,可能复购,工艺制作短视频,"配饰挂件类,文具类",比较认可,建议多做短视频展示制作过程，并在线下市集提供体验。
daqi-answer-211,2026-08-15T09:30:00+08:00,女,18-22岁,个体经营者,1000-2000元,比较喜欢,每月多次,"日常自用,收藏爱好","短视频平台,朋友推荐",非常了解,比较感兴趣,"国风颜值高,非遗文化底蕴",价格昂贵,非常愿意,支持,降低价格,一定会,"大漆书签,文创套装礼盒",可爱治愈风,完全接受，更有特色,"价格性价比,工艺质感",较高,组合套装礼盒,不喜欢,经典黑金红传统色,愿意,"节日礼物,师生赠礼",略有影响,"价格虚高,做工粗糙",20元以内,50-80元,完全愿意,一定会买,随缘,"线上店铺,校园市集",小幅提升,不会复购,"高颜值产品实拍图,工艺制作短视频","桌面摆件类,礼盒套装类",非常认可，环保创新,包装可以更精致，同时附上简明的非遗文化说明卡。
daqi-answer-212,2026-08-16T10:43:00+08:00,男,31-40岁,在校学生,3500元以上,非常喜欢,每月多次,"收藏爱好,日常自用",电商店铺,略有耳闻,兴趣较低,非遗文化底蕴,"款式老旧,价格昂贵",愿意,中立,"适配日常使用,降低价格",可能会,大漆漆扇,简约现代风,介意，追求完美品,文化寓意,较低,定制专属款,非常喜欢,莫兰迪浅色系,非常愿意,师生赠礼,无影响,"华而不实无实用性,价格虚高",20-40元,50元以内,完全愿意,看价格款式决定,一定会了解购买,"文创展会,社群团购",反而降低,一定会复购,"非遗文化科普,市集线下体验",文具类,比较认可,希望增加年轻化配色和小件礼盒，方便送礼和收藏。
daqi-answer-213,2026-08-17T11:56:00+08:00,女,18岁以下,职场上班族,1000元以内,非常喜欢,季度1-2次,日常自用,"文创展会,朋友推荐",非常了解,非常感兴趣,"手工工艺独特,非遗文化底蕴","适合收藏送礼,价格昂贵",无所谓,强烈支持,"降低价格,提升包装质感",基本不会,"大漆钥匙扣,文创套装礼盒",小众艺术轻奢风,完全接受，更有特色,"颜值外观,文化寓意",极高,单品简约款,喜欢,经典黑金红传统色,愿意,"同学朋友送礼,商务小礼品",会，非常加分,做工粗糙,20元以内,50元以内,不太接受,一定会买,会驻足了解,线上店铺,大幅提升,可能复购,工艺制作短视频,"配饰挂件类,定制专属类",无所谓,希望兼顾传统工艺和日常实用性，价格可以分档。
daqi-answer-214,2026-08-18T12:09:00+08:00,男,18-22岁,在校学生,2000-3500元,一般,每月多次,"送礼纪念,收藏爱好","短视频平台,校园市集",非常了解,比较感兴趣,"小众不撞款,非遗文化底蕴",价格昂贵,非常愿意,支持,优化款式设计,一定会,"大漆书签,大件漆艺摆件",简约现代风,可以接受,"价格性价比,独特小众性",较高,组合套装礼盒,非常喜欢,莫兰迪浅色系,随缘,"节日礼物,同学朋友送礼",略有影响,"价格虚高,款式同质化严重",20元以内,80-120元,完全愿意,大概率会,不会关注,"校园市集,线上店铺",小幅提升,一定会复购,"高颜值产品实拍图,优惠活动福利","定制专属类,礼盒套装类",非常认可，环保创新,建议多做短视频展示制作过程，并在线下市集提供体验。
daqi-answer-215,2026-08-19T13:22:00+08:00,女,18岁以下,在校学生,1000元以内,非常喜欢,每月1次,"活动奖品,日常自用",电商店铺,完全没听过,毫无兴趣,非遗文化底蕴,"不适合日常使用,价格昂贵",愿意,不支持,"适配日常使用,提升包装质感",不确定,大漆漆扇,传统国风古风,非常介意,独特小众性,极高,单品简约款,喜欢,撞色潮流色系,非常愿意,商务小礼品,会，非常加分,"华而不实无实用性,包装简陋",40-60元,50元以内,可以接受小幅溢价,基本不会,一定会了解购买,"文创展会,线下实体店",大幅提升,可能复购,"优惠活动福利,市集线下体验",文具类,比较认可,包装可以更精致，同时附上简明的非遗文化说明卡。
daqi-answer-216,2026-08-20T14:35:00+08:00,男,18岁以下,自由职业,1000-2000元,比较喜欢,半年一次,日常自用,"短视频平台,朋友推荐",非常了解,非常感兴趣,"色泽质感高级,非遗文化底蕴","价格昂贵,适合收藏送礼",不愿意,强烈支持,"降低价格,加强科普宣传",一定会,"大件漆艺摆件,文创套装礼盒",可爱治愈风,完全接受，更有特色,"颜值外观,价格性价比",较高,组合套装礼盒,无所谓,经典黑金红传统色,愿意,"同学朋友送礼,师生赠礼",会，非常加分,价格虚高,20元以内,50-80元,完全不接受,一定会买,会驻足了解,线上店铺,小幅提升,不确定,工艺制作短视频,"桌面摆件类,定制专属类",非常认可，环保创新,希望增加年轻化配色和小件礼盒，方便送礼和收藏。
daqi-answer-217,2026-08-21T15:48:00+08:00,女,23-30岁,在校学生,2000-3500元,不太喜欢,每月多次,"送礼纪念,日常自用","短视频平台,线下实体店",略有耳闻,一般,"非遗文化底蕴,小众不撞款",款式老旧,非常愿意,中立,优化款式设计,可能会,"大漆书签,大漆钥匙扣",简约现代风,可以接受,"工艺质感,实用性",一般,盲盒款式,非常喜欢,莫兰迪浅色系,非常愿意,"节日礼物,纪念收藏",无影响,"价格虚高,华而不实无实用性",20-40元,120元以上,完全愿意,大概率会,一定会了解购买,"校园市集,社群团购",无变化,一定会复购,"非遗文化科普,优惠活动福利","文具类,礼盒套装类",非常认可，环保创新,希望兼顾传统工艺和日常实用性，价格可以分档。
daqi-answer-218,2026-08-22T16:01:00+08:00,男,18岁以下,职场上班族,1000元以内,非常喜欢,每月1次,"市集/展会随手购买,日常自用",校园市集,非常了解,非常感兴趣,手工工艺独特,"不适合日常使用,适合收藏送礼",无所谓,强烈支持,"加强科普宣传,提升包装质感",基本不会,大漆漆扇,传统国风古风,完全接受，更有特色,颜值外观,极高,单品简约款,喜欢,经典黑金红传统色,非常愿意,同学朋友送礼,会，非常加分,"款式同质化严重,包装简陋",60元以上,50元以内,可以接受小幅溢价,一定会买,会驻足了解,"社群团购,线下实体店",大幅提升,可能复购,"工艺制作短视频,市集线下体验",配饰挂件类,无所谓,建议多做短视频展示制作过程，并在线下市集提供体验。
daqi-answer-219,2026-08-23T17:14:00+08:00,女,18-22岁,个体经营者,1000-2000元,比较喜欢,几乎不买,日常自用,"短视频平台,校园市集",略有耳闻,比较感兴趣,"色泽质感高级,小众不撞款","价格昂贵,工艺精致",非常愿意,支持,"降低价格,适配日常使用",一定会,"大漆书签,文创套装礼盒",简约现代风,可以接受,"价格性价比,独特小众性",较高,组合套装礼盒,非常喜欢,经典黑金红传统色,随缘,"同学朋友送礼,节日礼物",略有影响,价格虚高,20元以内,50-80元,完全愿意,大概率会,随缘,线上店铺,小幅提升,一定会复购,高颜值产品实拍图,"桌面摆件类,礼盒套装类",非常认可，环保创新,包装可以更精致，同时附上简明的非遗文化说明卡。
daqi-answer-220,2026-08-24T18:27:00+08:00,男,31-40岁,在校学生,1000元以内,完全不感兴趣,每月多次,"收藏爱好,日常自用","电商店铺,朋友推荐",完全没听过,一般,"非遗文化底蕴,国风颜值高",款式老旧,愿意,不支持,优化款式设计,可能会,"大漆漆扇,大漆钥匙扣",传统国风古风,介意，追求完美品,"工艺质感,价格性价比",较低,单品简约款,非常喜欢,撞色潮流色系,非常愿意,"师生赠礼,纪念收藏",不在意,"华而不实无实用性,价格虚高",20-40元,50元以内,可以接受小幅溢价,看价格款式决定,一定会了解购买,"文创展会,社群团购",大幅提升,一定会复购,"非遗文化科普,市集线下体验","文具类,桌面摆件类",比较认可,希望增加年轻化配色和小件礼盒，方便送礼和收藏。
daqi-answer-221,2026-08-25T09:40:00+08:00,女,18岁以下,职场上班族,1000-2000元,非常喜欢,季度1-2次,"日常自用,市集/展会随手购买",校园市集,非常了解,非常感兴趣,手工工艺独特,"工艺精致,适合收藏送礼",不愿意,强烈支持,"降低价格,提升包装质感",一定会,大漆钥匙扣,小众艺术轻奢风,完全接受，更有特色,颜值外观,极高,单品简约款,无所谓,经典黑金红传统色,愿意,同学朋友送礼,会，非常加分,"款式同质化严重,做工粗糙",20元以内,50-80元,不太接受,一定会买,会驻足了解,"线上店铺,线下实体店",大幅提升,不确定,"工艺制作短视频,非遗文化科普",配饰挂件类,不认可,希望兼顾传统工艺和日常实用性，价格可以分档。
daqi-answer-222,2026-08-26T10:53:00+08:00,男,18-22岁,其他,2000-3500元,一般,每月多次,送礼纪念,"短视频平台,线下实体店",完全没听过,比较感兴趣,"国风颜值高,小众不撞款","价格昂贵,不适合日常使用",非常愿意,支持,"优化款式设计,适配日常使用",可能会,"大漆书签,大件漆艺摆件",简约现代风,可以接受,"价格性价比,文化寓意",较高,盲盒款式,非常喜欢,莫兰迪浅色系,不愿意,"节日礼物,同学朋友送礼",略有影响,价格虚高,20-40元,80-120元,完全愿意,大概率会,一定会了解购买,校园市集,无变化,一定会复购,高颜值产品实拍图,"礼盒套装类,桌面摆件类",非常认可，环保创新,建议多做短视频展示制作过程，并在线下市集提供体验。
daqi-answer-223,2026-08-27T11:06:00+08:00,男,40岁以上,在校学生,1000元以内,非常喜欢,每月1次,"收藏爱好,市集/展会随手购买","电商店铺,校园市集",非常了解,兴趣较低,"非遗文化底蕴,色泽质感高级",款式老旧,愿意,强烈支持,适配日常使用,不确定,"大漆漆扇,大漆书签",传统国风古风,完全接受，更有特色,"文化寓意,颜值外观",极高,单品简约款,喜欢,自然原木底色,非常愿意,"师生赠礼,商务小礼品",会，非常加分,"华而不实无实用性,包装简陋",40-60元,50元以内,可以接受小幅溢价,一定会买,一定会了解购买,"文创展会,线下实体店",大幅提升,可能复购,"市集线下体验,非遗文化科普","文具类,配饰挂件类",比较认可,包装可以更精致，同时附上简明的非遗文化说明卡。
daqi-answer-224,2026-08-28T12:19:00+08:00,男,18岁以下,自由职业,1000-2000元,比较喜欢,季度1-2次,"日常自用,活动奖品",文创展会,略有耳闻,非常感兴趣,手工工艺独特,"价格昂贵,适合收藏送礼",非常愿意,支持,"降低价格,加强科普宣传",一定会,大件漆艺摆件,简约现代风,完全接受，更有特色,颜值外观,极高,组合套装礼盒,不喜欢,经典黑金红传统色,愿意,同学朋友送礼,略有影响,"包装简陋,做工粗糙",20元以内,50-80元,完全愿意,一定会买,随缘,"线上店铺,文创展会",小幅提升,不会复购,"工艺制作短视频,高颜值产品实拍图",配饰挂件类,非常认可，环保创新,希望增加年轻化配色和小件礼盒，方便送礼和收藏。
daqi-answer-225,2026-08-01T13:32:00+08:00,男,23-30岁,在校学生,3500元以上,一般,每月多次,送礼纪念,"短视频平台,文创展会",非常了解,比较感兴趣,"非遗文化底蕴,小众不撞款","款式老旧,不适合日常使用",愿意,中立,"优化款式设计,降低价格",可能会,"大漆书签,大漆钥匙扣",简约现代风,介意，追求完美品,"价格性价比,颜值外观",一般,定制专属款,非常喜欢,莫兰迪浅色系,非常愿意,"节日礼物,纪念收藏",无影响,价格虚高,20-40元,50元以内,完全愿意,看价格款式决定,一定会了解购买,校园市集,反而降低,一定会复购,高颜值产品实拍图,"文具类,礼盒套装类",比较认可,希望兼顾传统工艺和日常实用性，价格可以分档。
daqi-answer-226,2026-08-02T14:45:00+08:00,女,18岁以下,职场上班族,1000元以内,非常喜欢,每月1次,"活动奖品,市集/展会随手购买","电商店铺,线下实体店",略有耳闻,非常感兴趣,"手工工艺独特,色泽质感高级",不适合日常使用,无所谓,强烈支持,加强科普宣传,一定会,"大漆漆扇,文创套装礼盒",小众艺术轻奢风,完全接受，更有特色,"独特小众性,颜值外观",极高,单品简约款,喜欢,经典黑金红传统色,愿意,"纪念收藏,商务小礼品",会，非常加分,"款式同质化严重,包装简陋",20元以内,50元以内,不太接受,一定会买,会驻足了解,"线下实体店,文创展会",大幅提升,可能复购,"工艺制作短视频,市集线下体验","配饰挂件类,文具类",无所谓,建议多做短视频展示制作过程，并在线下市集提供体验。
daqi-answer-227,2026-08-03T15:58:00+08:00,男,18-22岁,自由职业,2000-3500元,比较喜欢,半年一次,"日常自用,收藏爱好",线下实体店,完全没听过,比较感兴趣,色泽质感高级,"价格昂贵,工艺精致",非常愿意,支持,"降低价格,适配日常使用",一定会,大漆书签,简约现代风,可以接受,颜值外观,较高,组合套装礼盒,非常喜欢,莫兰迪浅色系,随缘,同学朋友送礼,略有影响,"价格虚高,做工粗糙",20元以内,80-120元,完全愿意,大概率会,不会关注,"线上店铺,校园市集",小幅提升,一定会复购,"高颜值产品实拍图,工艺制作短视频",桌面摆件类,非常认可，环保创新,包装可以更精致，同时附上简明的非遗文化说明卡。
daqi-answer-228,2026-08-04T16:11:00+08:00,女,23-30岁,在校学生,1000元以内,不太喜欢,每月多次,送礼纪念,"短视频平台,电商店铺",非常了解,一般,"非遗文化底蕴,国风颜值高","款式老旧,价格昂贵",愿意,强烈支持,"优化款式设计,提升包装质感",不确定,"大漆书签,大漆漆扇",传统国风古风,非常介意,"工艺质感,独特小众性",一般,单品简约款,喜欢,撞色潮流色系,非常愿意,"师生赠礼,纪念收藏",会，非常加分,华而不实无实用性,40-60元,50元以内,可以接受小幅溢价,基本不会,一定会了解购买,校园市集,大幅提升,可能复购,非遗文化科普,"文具类,桌面摆件类",比较认可,希望增加年轻化配色和小件礼盒，方便送礼和收藏。
daqi-answer-229,2026-08-05T17:24:00+08:00,男,18岁以下,职场上班族,1000-2000元,非常喜欢,每月1次,"日常自用,市集/展会随手购买","校园市集,朋友推荐",略有耳闻,非常感兴趣,"手工工艺独特,非遗文化底蕴",工艺精致,非常愿意,强烈支持,降低价格,一定会,"大漆钥匙扣,文创套装礼盒",可爱治愈风,完全接受，更有特色,"颜值外观,实用性",极高,组合套装礼盒,无所谓,经典黑金红传统色,愿意,"同学朋友送礼,商务小礼品",会，非常加分,"款式同质化严重,做工粗糙",20元以内,50-80元,完全不接受,一定会买,会驻足了解,"线上店铺,线下实体店",小幅提升,不确定,"工艺制作短视频,非遗文化科普","配饰挂件类,定制专属类",非常认可，环保创新,希望兼顾传统工艺和日常实用性，价格可以分档。
daqi-answer-230,2026-08-06T18:37:00+08:00,女,18-22岁,个体经营者,3500元以上,比较喜欢,每月多次,"送礼纪念,收藏爱好",短视频平台,非常了解,比较感兴趣,国风颜值高,"价格昂贵,不适合日常使用",非常愿意,中立,"降低价格,优化款式设计",可能会,大漆书签,简约现代风,可以接受,价格性价比,较高,盲盒款式,非常喜欢,莫兰迪浅色系,非常愿意,节日礼物,无影响,"价格虚高,款式同质化严重",20-40元,120元以上,完全愿意,大概率会,一定会了解购买,"校园市集,线上店铺",无变化,一定会复购,"高颜值产品实拍图,优惠活动福利",礼盒套装类,非常认可，环保创新,建议多做短视频展示制作过程，并在线下市集提供体验。
daqi-answer-231,2026-08-07T09:50:00+08:00,男,31-40岁,在校学生,1000元以内,非常喜欢,每月1次,收藏爱好,"电商店铺,线下实体店",略有耳闻,兴趣较低,"非遗文化底蕴,色泽质感高级","款式老旧,适合收藏送礼",无所谓,强烈支持,"适配日常使用,提升包装质感",基本不会,"大漆漆扇,大漆书签",传统国风古风,完全接受，更有特色,"工艺质感,文化寓意",不看重,单品简约款,喜欢,经典黑金红传统色,非常愿意,"师生赠礼,商务小礼品",会，非常加分,华而不实无实用性,60元以上,50元以内,可以接受小幅溢价,一定会买,会驻足了解,文创展会,大幅提升,可能复购,市集线下体验,"文具类,配饰挂件类",无所谓,包装可以更精致，同时附上简明的非遗文化说明卡。
daqi-answer-232,2026-08-08T10:03:00+08:00,女,18岁以下,职场上班族,1000-2000元,比较喜欢,季度1-2次,"日常自用,活动奖品","校园市集,电商店铺",非常了解,非常感兴趣,"手工工艺独特,小众不撞款",价格昂贵,非常愿意,支持,降低价格,一定会,"大漆钥匙扣,大件漆艺摆件",简约现代风,可以接受,"颜值外观,工艺质感",极高,组合套装礼盒,非常喜欢,经典黑金红传统色,随缘,"同学朋友送礼,师生赠礼",略有影响,"做工粗糙,款式同质化严重",20元以内,50-80元,完全愿意,大概率会,随缘,"线上店铺,文创展会",小幅提升,一定会复购,"工艺制作短视频,高颜值产品实拍图","配饰挂件类,礼盒套装类",非常认可，环保创新,希望增加年轻化配色和小件礼盒，方便送礼和收藏。
daqi-answer-233,2026-08-09T11:16:00+08:00,男,18-22岁,在校学生,1000元以内,一般,每月多次,"送礼纪念,日常自用",短视频平台,非常了解,比较感兴趣,非遗文化底蕴,"价格昂贵,款式老旧",愿意,不支持,"优化款式设计,降低价格",可能会,大漆书签,传统国风古风,介意，追求完美品,价格性价比,一般,单品简约款,非常喜欢,撞色潮流色系,非常愿意,节日礼物,不在意,"价格虚高,华而不实无实用性",20-40元,50元以内,可以接受小幅溢价,看价格款式决定,一定会了解购买,"校园市集,社群团购",大幅提升,一定会复购,"高颜值产品实拍图,市集线下体验",文具类,比较认可,希望兼顾传统工艺和日常实用性，价格可以分档。
daqi-answer-234,2026-08-10T12:29:00+08:00,女,18岁以下,职场上班族,1000-2000元,非常喜欢,每月1次,活动奖品,"电商店铺,文创展会",完全没听过,非常感兴趣,"非遗文化底蕴,手工工艺独特","不适合日常使用,适合收藏送礼",不愿意,强烈支持,"适配日常使用,加强科普宣传",一定会,"大漆漆扇,文创套装礼盒",小众艺术轻奢风,完全接受，更有特色,"文化寓意,价格性价比",极高,单品简约款,无所谓,经典黑金红传统色,愿意,"商务小礼品,师生赠礼",会，非常加分,华而不实无实用性,20元以内,50-80元,不太接受,一定会买,会驻足了解,线下实体店,大幅提升,不确定,工艺制作短视频,"文具类,定制专属类",不认可,建议多做短视频展示制作过程，并在线下市集提供体验。
daqi-answer-235,2026-08-11T13:42:00+08:00,男,18-22岁,自由职业,2000-3500元,比较喜欢,半年一次,"日常自用,收藏爱好","文创展会,短视频平台",非常了解,非常感兴趣,"色泽质感高级,小众不撞款",价格昂贵,非常愿意,支持,降低价格,可能会,"文创套装礼盒,大件漆艺摆件",简约现代风,可以接受,"颜值外观,独特小众性",较高,盲盒款式,非常喜欢,莫兰迪浅色系,不愿意,"同学朋友送礼,节日礼物",略有影响,"价格虚高,做工粗糙",20-40元,80-120元,完全愿意,大概率会,一定会了解购买,"线上店铺,校园市集",无变化,一定会复购,"工艺制作短视频,优惠活动福利","桌面摆件类,礼盒套装类",非常认可，环保创新,包装可以更精致，同时附上简明的非遗文化说明卡。
daqi-answer-236,2026-08-12T14:55:00+08:00,女,23-30岁,在校学生,1000元以内,不太喜欢,每月多次,"送礼纪念,市集/展会随手购买",短视频平台,略有耳闻,一般,非遗文化底蕴,"款式老旧,价格昂贵",愿意,强烈支持,"优化款式设计,提升包装质感",不确定,大漆书签,传统国风古风,完全接受，更有特色,价格性价比,一般,单品简约款,喜欢,自然原木底色,非常愿意,节日礼物,会，非常加分,"华而不实无实用性,价格虚高",40-60元,50元以内,可以接受小幅溢价,一定会买,一定会了解购买,"校园市集,线下实体店",大幅提升,可能复购,"非遗文化科普,市集线下体验",文具类,比较认可,希望增加年轻化配色和小件礼盒，方便送礼和收藏。
daqi-answer-237,2026-08-13T15:08:00+08:00,男,18岁以下,职场上班族,1000-2000元,非常喜欢,每月1次,日常自用,"电商店铺,短视频平台",非常了解,非常感兴趣,"手工工艺独特,非遗文化底蕴","不适合日常使用,工艺精致",非常愿意,支持,"提升包装质感,加强科普宣传",一定会,"大漆钥匙扣,文创套装礼盒",简约现代风,完全接受，更有特色,"实用性,颜值外观",极高,组合套装礼盒,不喜欢,经典黑金红传统色,愿意,"同学朋友送礼,商务小礼品",略有影响,款式同质化严重,20元以内,50-80元,完全愿意,一定会买,随缘,线上店铺,小幅提升,不会复购,工艺制作短视频,"配饰挂件类,定制专属类",非常认可，环保创新,希望兼顾传统工艺和日常实用性，价格可以分档。
daqi-answer-238,2026-08-14T16:21:00+08:00,女,18-22岁,个体经营者,1000元以内,比较喜欢,每月多次,"日常自用,送礼纪念","线下实体店,短视频平台",略有耳闻,比较感兴趣,"色泽质感高级,国风颜值高",价格昂贵,愿意,中立,降低价格,可能会,"大漆书签,大件漆艺摆件",简约现代风,介意，追求完美品,"颜值外观,文化寓意",较高,定制专属款,非常喜欢,莫兰迪浅色系,非常愿意,"节日礼物,同学朋友送礼",无影响,"价格虚高,款式同质化严重",20-40元,50元以内,完全愿意,看价格款式决定,一定会了解购买,"线上店铺,社群团购",反而降低,一定会复购,"高颜值产品实拍图,优惠活动福利","桌面摆件类,配饰挂件类",比较认可,建议多做短视频展示制作过程，并在线下市集提供体验。
daqi-answer-239,2026-08-15T17:34:00+08:00,男,31-40岁,在校学生,1000元以内,非常喜欢,每月多次,"收藏爱好,市集/展会随手购买",短视频平台,完全没听过,一般,非遗文化底蕴,"款式老旧,适合收藏送礼",无所谓,强烈支持,"适配日常使用,提升包装质感",一定会,大漆漆扇,小众艺术轻奢风,完全接受，更有特色,工艺质感,较低,单品简约款,喜欢,经典黑金红传统色,愿意,师生赠礼,会，非常加分,"华而不实无实用性,包装简陋",20元以内,50元以内,不太接受,一定会买,会驻足了解,"文创展会,线下实体店",大幅提升,可能复购,"非遗文化科普,高颜值产品实拍图",文具类,无所谓,包装可以更精致，同时附上简明的非遗文化说明卡。
daqi-answer-240,2026-08-16T18:47:00+08:00,男,18岁以下,职场上班族,2000-3500元,非常喜欢,季度1-2次,日常自用,"校园市集,线下实体店",非常了解,非常感兴趣,"手工工艺独特,小众不撞款","适合收藏送礼,工艺精致",非常愿意,支持,"降低价格,加强科普宣传",一定会,"大漆钥匙扣,大件漆艺摆件",简约现代风,可以接受,"颜值外观,独特小众性",极高,组合套装礼盒,非常喜欢,莫兰迪浅色系,随缘,"同学朋友送礼,师生赠礼",略有影响,做工粗糙,20元以内,80-120元,完全愿意,大概率会,不会关注,线上店铺,小幅提升,一定会复购,工艺制作短视频,"配饰挂件类,礼盒套装类",非常认可，环保创新,希望增加年轻化配色和小件礼盒，方便送礼和收藏。
daqi-answer-241,2026-08-17T09:00:00+08:00,男,18-22岁,在校学生,1000元以内,一般,每月多次,"送礼纪念,日常自用","短视频平台,朋友推荐",完全没听过,比较感兴趣,"小众不撞款,国风颜值高",价格昂贵,愿意,强烈支持,优化款式设计,不确定,"大漆书签,大漆钥匙扣",传统国风古风,非常介意,"价格性价比,工艺质感",较高,单品简约款,喜欢,撞色潮流色系,非常愿意,"节日礼物,纪念收藏",会，非常加分,"价格虚高,华而不实无实用性",40-60元,50元以内,可以接受小幅溢价,基本不会,一定会了解购买,"校园市集,社群团购",大幅提升,可能复购,"高颜值产品实拍图,市集线下体验","定制专属类,桌面摆件类",比较认可,希望兼顾传统工艺和日常实用性，价格可以分档。
daqi-answer-242,2026-08-18T10:13:00+08:00,男,18岁以下,在校学生,1000-2000元,非常喜欢,每月1次,"收藏爱好,活动奖品",电商店铺,非常了解,毫无兴趣,非遗文化底蕴,"不适合日常使用,适合收藏送礼",非常愿意,强烈支持,"适配日常使用,加强科普宣传",一定会,大漆漆扇,可爱治愈风,完全接受，更有特色,工艺质感,极高,组合套装礼盒,无所谓,经典黑金红传统色,愿意,商务小礼品,会，非常加分,"华而不实无实用性,做工粗糙",20元以内,50-80元,完全不接受,一定会买,会驻足了解,"文创展会,校园市集",小幅提升,不确定,"优惠活动福利,非遗文化科普",文具类,非常认可，环保创新,建议多做短视频展示制作过程，并在线下市集提供体验。
daqi-answer-243,2026-08-19T11:26:00+08:00,女,18岁以下,自由职业,3500元以上,比较喜欢,季度1-2次,日常自用,"校园市集,文创展会",略有耳闻,非常感兴趣,"色泽质感高级,小众不撞款","价格昂贵,工艺精致",非常愿意,中立,"降低价格,适配日常使用",可能会,"大件漆艺摆件,大漆钥匙扣",简约现代风,可以接受,"颜值外观,文化寓意",较高,盲盒款式,非常喜欢,莫兰迪浅色系,非常愿意,"同学朋友送礼,节日礼物",无影响,价格虚高,20-40元,120元以上,完全愿意,大概率会,一定会了解购买,线上店铺,无变化,一定会复购,工艺制作短视频,"桌面摆件类,礼盒套装类",非常认可，环保创新,包装可以更精致，同时附上简明的非遗文化说明卡。
daqi-answer-244,2026-08-20T12:39:00+08:00,男,23-30岁,在校学生,1000元以内,一般,每月多次,"送礼纪念,市集/展会随手购买","短视频平台,校园市集",非常了解,一般,"非遗文化底蕴,国风颜值高",款式老旧,无所谓,强烈支持,优化款式设计,基本不会,"大漆书签,大漆漆扇",传统国风古风,完全接受，更有特色,"价格性价比,独特小众性",一般,单品简约款,喜欢,经典黑金红传统色,非常愿意,"节日礼物,商务小礼品",会，非常加分,"价格虚高,包装简陋",60元以上,50元以内,可以接受小幅溢价,一定会买,会驻足了解,"校园市集,线下实体店",大幅提升,可能复购,"非遗文化科普,市集线下体验","文具类,桌面摆件类",无所谓,希望增加年轻化配色和小件礼盒，方便送礼和收藏。
daqi-answer-245,2026-08-21T13:52:00+08:00,女,18岁以下,职场上班族,1000-2000元,非常喜欢,每月1次,"市集/展会随手购买,活动奖品",电商店铺,略有耳闻,非常感兴趣,手工工艺独特,"不适合日常使用,工艺精致",非常愿意,支持,"加强科普宣传,适配日常使用",一定会,大漆漆扇,简约现代风,可以接受,文化寓意,极高,组合套装礼盒,非常喜欢,经典黑金红传统色,随缘,同学朋友送礼,略有影响,"款式同质化严重,做工粗糙",20元以内,50-80元,完全愿意,大概率会,随缘,"社群团购,文创展会",小幅提升,一定会复购,"工艺制作短视频,非遗文化科普",配饰挂件类,非常认可，环保创新,希望兼顾传统工艺和日常实用性，价格可以分档。
daqi-answer-246,2026-08-22T14:05:00+08:00,男,18-22岁,自由职业,1000元以内,比较喜欢,几乎不买,日常自用,"文创展会,电商店铺",完全没听过,比较感兴趣,"色泽质感高级,国风颜值高","价格昂贵,不适合日常使用",愿意,不支持,"降低价格,优化款式设计",可能会,"大漆书签,大件漆艺摆件",传统国风古风,介意，追求完美品,"颜值外观,价格性价比",较高,单品简约款,非常喜欢,撞色潮流色系,非常愿意,"同学朋友送礼,纪念收藏",不在意,价格虚高,20-40元,50元以内,可以接受小幅溢价,看价格款式决定,一定会了解购买,线上店铺,大幅提升,一定会复购,高颜值产品实拍图,"桌面摆件类,配饰挂件类",比较认可,建议多做短视频展示制作过程，并在线下市集提供体验。
daqi-answer-247,2026-08-23T15:18:00+08:00,女,23-30岁,在校学生,1000-2000元,完全不感兴趣,每月多次,"收藏爱好,市集/展会随手购买","短视频平台,线下实体店",非常了解,一般,"非遗文化底蕴,色泽质感高级",款式老旧,不愿意,强烈支持,优化款式设计,一定会,"大漆漆扇,大漆书签",小众艺术轻奢风,完全接受，更有特色,"价格性价比,文化寓意",较低,单品简约款,无所谓,经典黑金红传统色,愿意,"师生赠礼,商务小礼品",会，非常加分,"华而不实无实用性,包装简陋",20元以内,50-80元,不太接受,一定会买,会驻足了解,"文创展会,线下实体店",大幅提升,不确定,"非遗文化科普,高颜值产品实拍图","文具类,配饰挂件类",不认可,包装可以更精致，同时附上简明的非遗文化说明卡。
daqi-answer-248,2026-08-24T16:31:00+08:00,男,18岁以下,职场上班族,2000-3500元,非常喜欢,季度1-2次,"日常自用,活动奖品",电商店铺,略有耳闻,非常感兴趣,手工工艺独特,"工艺精致,不适合日常使用",非常愿意,支持,"降低价格,加强科普宣传",可能会,大漆钥匙扣,简约现代风,可以接受,实用性,极高,盲盒款式,非常喜欢,莫兰迪浅色系,不愿意,同学朋友送礼,略有影响,"款式同质化严重,华而不实无实用性",20-40元,80-120元,完全愿意,大概率会,一定会了解购买,"线上店铺,文创展会",无变化,一定会复购,"工艺制作短视频,高颜值产品实拍图",配饰挂件类,非常认可，环保创新,希望增加年轻化配色和小件礼盒，方便送礼和收藏。
daqi-answer-249,2026-08-25T17:44:00+08:00,女,18-22岁,其他,1000元以内,一般,每月多次,送礼纪念,"朋友推荐,短视频平台",非常了解,比较感兴趣,"国风颜值高,色泽质感高级","价格昂贵,款式老旧",愿意,强烈支持,"优化款式设计,降低价格",不确定,"大漆书签,大漆钥匙扣",传统国风古风,完全接受，更有特色,"颜值外观,实用性",较高,单品简约款,喜欢,自然原木底色,非常愿意,"节日礼物,纪念收藏",会，非常加分,价格虚高,40-60元,50元以内,可以接受小幅溢价,一定会买,一定会了解购买,校园市集,大幅提升,可能复购,高颜值产品实拍图,"礼盒套装类,配饰挂件类",无所谓,希望兼顾传统工艺和日常实用性，价格可以分档。
daqi-answer-250,2026-08-26T18:57:00+08:00,男,40岁以上,在校学生,1000-2000元,非常喜欢,每月1次,"收藏爱好,活动奖品","短视频平台,文创展会",略有耳闻,兴趣较低,"非遗文化底蕴,手工工艺独特",款式老旧,非常愿意,支持,适配日常使用,一定会,"大漆漆扇,文创套装礼盒",简约现代风,完全接受，更有特色,"工艺质感,价格性价比",极高,组合套装礼盒,不喜欢,经典黑金红传统色,愿意,"师生赠礼,节日礼物",略有影响,"华而不实无实用性,做工粗糙",20元以内,50-80元,完全愿意,一定会买,随缘,"文创展会,校园市集",小幅提升,不会复购,"市集线下体验,高颜值产品实拍图","文具类,定制专属类",非常认可，环保创新,建议多做短视频展示制作过程，并在线下市集提供体验。
daqi-answer-251,2026-08-27T09:10:00+08:00,女,18岁以下,自由职业,1000元以内,比较喜欢,季度1-2次,"日常自用,收藏爱好",校园市集,非常了解,非常感兴趣,手工工艺独特,"价格昂贵,工艺精致",愿意,中立,"降低价格,适配日常使用",可能会,大件漆艺摆件,简约现代风,介意，追求完美品,颜值外观,极高,定制专属款,非常喜欢,莫兰迪浅色系,非常愿意,同学朋友送礼,无影响,"包装简陋,款式同质化严重",20-40元,50元以内,完全愿意,看价格款式决定,一定会了解购买,"线上店铺,校园市集",反而降低,一定会复购,"工艺制作短视频,优惠活动福利",配饰挂件类,比较认可,包装可以更精致，同时附上简明的非遗文化说明卡。
daqi-answer-252,2026-08-28T10:23:00+08:00,男,23-30岁,在校学生,1000元以内,一般,每月多次,送礼纪念,"短视频平台,线下实体店",非常了解,比较感兴趣,"非遗文化底蕴,国风颜值高","款式老旧,价格昂贵",无所谓,强烈支持,"优化款式设计,提升包装质感",一定会,"大漆书签,大漆漆扇",小众艺术轻奢风,完全接受，更有特色,"价格性价比,文化寓意",一般,单品简约款,喜欢,经典黑金红传统色,愿意,"节日礼物,商务小礼品",会，非常加分,价格虚高,20元以内,50元以内,不太接受,一定会买,会驻足了解,校园市集,大幅提升,不确定,高颜值产品实拍图,"文具类,桌面摆件类",无所谓,希望增加年轻化配色和小件礼盒，方便送礼和收藏。
daqi-answer-253,2026-08-01T11:36:00+08:00,女,18岁以下,职场上班族,2000-3500元,非常喜欢,每月1次,"活动奖品,收藏爱好","电商店铺,校园市集",完全没听过,非常感兴趣,"手工工艺独特,非遗文化底蕴",不适合日常使用,非常愿意,支持,加强科普宣传,一定会,"大漆漆扇,大件漆艺摆件",简约现代风,可以接受,"工艺质感,独特小众性",极高,组合套装礼盒,非常喜欢,莫兰迪浅色系,随缘,"纪念收藏,师生赠礼",略有影响,"款式同质化严重,做工粗糙",20元以内,80-120元,完全愿意,大概率会,不会关注,"线下实体店,校园市集",无变化,一定会复购,"工艺制作短视频,非遗文化科普","文具类,礼盒套装类",非常认可，环保创新,希望兼顾传统工艺和日常实用性，价格可以分档。
daqi-answer-254,2026-08-02T12:49:00+08:00,男,18-22岁,自由职业,1000元以内,比较喜欢,半年一次,"日常自用,送礼纪念",校园市集,非常了解,比较感兴趣,色泽质感高级,"价格昂贵,不适合日常使用",愿意,强烈支持,"降低价格,优化款式设计",不确定,大漆书签,传统国风古风,非常介意,颜值外观,较高,单品简约款,喜欢,撞色潮流色系,非常愿意,同学朋友送礼,会，非常加分,"价格虚高,款式同质化严重",40-60元,50元以内,可以接受小幅溢价,基本不会,一定会了解购买,"线上店铺,社群团购",大幅提升,可能复购,"工艺制作短视频,市集线下体验",桌面摆件类,比较认可,建议多做短视频展示制作过程，并在线下市集提供体验。
daqi-answer-255,2026-08-03T13:02:00+08:00,女,23-30岁,在校学生,1000-2000元,不太喜欢,每月多次,送礼纪念,"短视频平台,文创展会",略有耳闻,一般,"非遗文化底蕴,色泽质感高级","款式老旧,适合收藏送礼",非常愿意,强烈支持,"优化款式设计,加强科普宣传",一定会,"大漆书签,文创套装礼盒",可爱治愈风,完全接受，更有特色,"价格性价比,颜值外观",一般,组合套装礼盒,无所谓,经典黑金红传统色,愿意,"师生赠礼,商务小礼品",会，非常加分,华而不实无实用性,20元以内,50-80元,完全不接受,一定会买,随缘,校园市集,小幅提升,不确定,非遗文化科普,"文具类,配饰挂件类",非常认可，环保创新,包装可以更精致，同时附上简明的非遗文化说明卡。
daqi-answer-256,2026-08-04T14:15:00+08:00,男,18岁以下,职场上班族,3500元以上,非常喜欢,每月1次,"日常自用,活动奖品","电商店铺,线下实体店",非常了解,非常感兴趣,"手工工艺独特,小众不撞款",工艺精致,非常愿意,中立,降低价格,可能会,"大漆钥匙扣,大件漆艺摆件",简约现代风,可以接受,"文化寓意,实用性",极高,盲盒款式,非常喜欢,莫兰迪浅色系,非常愿意,"同学朋友送礼,师生赠礼",无影响,"款式同质化严重,华而不实无实用性",20-40元,120元以上,完全愿意,看价格款式决定,一定会了解购买,"线上店铺,文创展会",无变化,一定会复购,"工艺制作短视频,高颜值产品实拍图","配饰挂件类,礼盒套装类",非常认可，环保创新,希望增加年轻化配色和小件礼盒，方便送礼和收藏。
daqi-answer-257,2026-08-05T15:28:00+08:00,男,18-22岁,个体经营者,1000元以内,比较喜欢,每月多次,"送礼纪念,日常自用",文创展会,略有耳闻,比较感兴趣,国风颜值高,"价格昂贵,款式老旧",无所谓,强烈支持,"降低价格,提升包装质感",基本不会,大漆书签,传统国风古风,完全接受，更有特色,颜值外观,较高,单品简约款,喜欢,经典黑金红传统色,非常愿意,节日礼物,会，非常加分,"价格虚高,华而不实无实用性",60元以上,50元以内,不太接受,一定会买,会驻足了解,"线上店铺,线下实体店",大幅提升,可能复购,"高颜值产品实拍图,市集线下体验",礼盒套装类,无所谓,希望兼顾传统工艺和日常实用性，价格可以分档。
daqi-answer-258,2026-08-06T16:41:00+08:00,男,31-40岁,在校学生,1000-2000元,非常喜欢,每月1次,收藏爱好,"短视频平台,电商店铺",完全没听过,兴趣较低,"非遗文化底蕴,手工工艺独特","款式老旧,工艺精致",非常愿意,支持,"适配日常使用,加强科普宣传",一定会,"大漆漆扇,文创套装礼盒",简约现代风,可以接受,"价格性价比,实用性",不看重,组合套装礼盒,非常喜欢,经典黑金红传统色,随缘,"师生赠礼,节日礼物",略有影响,华而不实无实用性,20元以内,80-120元,完全愿意,大概率会,随缘,文创展会,小幅提升,一定会复购,市集线下体验,"文具类,定制专属类",非常认可，环保创新,建议多做短视频展示制作过程，并在线下市集提供体验。
daqi-answer-259,2026-08-07T17:54:00+08:00,男,18岁以下,职场上班族,1000元以内,比较喜欢,季度1-2次,"日常自用,收藏爱好","电商店铺,文创展会",非常了解,非常感兴趣,"手工工艺独特,国风颜值高",价格昂贵,愿意,不支持,降低价格,可能会,"大漆钥匙扣,大漆漆扇",传统国风古风,介意，追求完美品,"实用性,工艺质感",极高,单品简约款,非常喜欢,撞色潮流色系,非常愿意,"同学朋友送礼,节日礼物",不在意,"做工粗糙,华而不实无实用性",40-60元,50元以内,可以接受小幅溢价,看价格款式决定,一定会了解购买,"线上店铺,校园市集",大幅提升,一定会复购,"工艺制作短视频,优惠活动福利","配饰挂件类,桌面摆件类",比较认可,包装可以更精致，同时附上简明的非遗文化说明卡。
daqi-answer-260,2026-08-08T18:07:00+08:00,男,18-22岁,在校学生,1000-2000元,一般,每月多次,"送礼纪念,市集/展会随手购买",朋友推荐,完全没听过,比较感兴趣,非遗文化底蕴,"价格昂贵,适合收藏送礼",不愿意,强烈支持,"优化款式设计,提升包装质感",一定会,大漆书签,小众艺术轻奢风,完全接受，更有特色,颜值外观,一般,单品简约款,无所谓,经典黑金红传统色,愿意,节日礼物,会，非常加分,"价格虚高,包装简陋",20元以内,50-80元,不太接受,一定会买,会驻足了解,"校园市集,线下实体店",大幅提升,不确定,"高颜值产品实拍图,非遗文化科普",文具类,不认可,希望增加年轻化配色和小件礼盒，方便送礼和收藏。
daqi-answer-261,2026-08-09T09:20:00+08:00,男,18岁以下,职场上班族,2000-3500元,非常喜欢,每月1次,活动奖品,"短视频平台,朋友推荐",非常了解,非常感兴趣,"非遗文化底蕴,小众不撞款","不适合日常使用,工艺精致",非常愿意,支持,"适配日常使用,优化款式设计",可能会,"大漆漆扇,大件漆艺摆件",简约现代风,可以接受,"价格性价比,工艺质感",极高,盲盒款式,非常喜欢,莫兰迪浅色系,不愿意,"商务小礼品,节日礼物",无影响,华而不实无实用性,20-40元,80-120元,完全愿意,大概率会,一定会了解购买,线下实体店,无变化,一定会复购,工艺制作短视频,"文具类,礼盒套装类",非常认可，环保创新,希望兼顾传统工艺和日常实用性，价格可以分档。
daqi-answer-262,2026-08-10T10:33:00+08:00,女,18-22岁,自由职业,1000元以内,比较喜欢,半年一次,"日常自用,送礼纪念","校园市集,电商店铺",略有耳闻,非常感兴趣,"色泽质感高级,国风颜值高",价格昂贵,愿意,强烈支持,降低价格,不确定,"文创套装礼盒,大漆钥匙扣",传统国风古风,完全接受，更有特色,"颜值外观,工艺质感",较高,单品简约款,喜欢,自然原木底色,非常愿意,"同学朋友送礼,纪念收藏",会，非常加分,"价格虚高,款式同质化严重",40-60元,50元以内,可以接受小幅溢价,一定会买,一定会了解购买,"线上店铺,社群团购",大幅提升,可能复购,"工艺制作短视频,市集线下体验","桌面摆件类,配饰挂件类",无所谓,建议多做短视频展示制作过程，并在线下市集提供体验。
daqi-answer-263,2026-08-11T11:46:00+08:00,男,23-30岁,在校学生,1000-2000元,不太喜欢,每月多次,"送礼纪念,活动奖品",短视频平台,非常了解,一般,非遗文化底蕴,"款式老旧,适合收藏送礼",非常愿意,支持,"优化款式设计,加强科普宣传",一定会,大漆书签,简约现代风,完全接受，更有特色,颜值外观,一般,组合套装礼盒,不喜欢,经典黑金红传统色,随缘,节日礼物,略有影响,"价格虚高,做工粗糙",20元以内,50-80元,完全愿意,一定会买,随缘,"校园市集,文创展会",小幅提升,不会复购,"非遗文化科普,高颜值产品实拍图",文具类,非常认可，环保创新,包装可以更精致，同时附上简明的非遗文化说明卡。
daqi-answer-264,2026-08-12T12:59:00+08:00,女,18岁以下,职场上班族,1000元以内,非常喜欢,每月1次,日常自用,"电商店铺,文创展会",略有耳闻,非常感兴趣,"手工工艺独特,小众不撞款","不适合日常使用,款式老旧",愿意,中立,"提升包装质感,适配日常使用",可能会,"大漆钥匙扣,大件漆艺摆件",简约现代风,介意，追求完美品,"工艺质感,颜值外观",极高,定制专属款,非常喜欢,撞色潮流色系,非常愿意,"同学朋友送礼,师生赠礼",无影响,款式同质化严重,20-40元,50元以内,完全愿意,看价格款式决定,一定会了解购买,线上店铺,反而降低,一定会复购,工艺制作短视频,"配饰挂件类,礼盒套装类",比较认可,希望增加年轻化配色和小件礼盒，方便送礼和收藏。
daqi-answer-265,2026-08-13T13:12:00+08:00,男,18-22岁,个体经营者,1000元以内,比较喜欢,每月多次,"日常自用,市集/展会随手购买","校园市集,线下实体店",完全没听过,比较感兴趣,"色泽质感高级,手工工艺独特",价格昂贵,无所谓,强烈支持,降低价格,一定会,"大漆书签,大漆钥匙扣",小众艺术轻奢风,完全接受，更有特色,"颜值外观,独特小众性",较高,单品简约款,无所谓,经典黑金红传统色,愿意,"同学朋友送礼,商务小礼品",会，非常加分,"价格虚高,华而不实无实用性",20元以内,50元以内,不太接受,一定会买,会驻足了解,"线上店铺,线下实体店",大幅提升,不确定,"高颜值产品实拍图,市集线下体验","桌面摆件类,文具类",无所谓,希望兼顾传统工艺和日常实用性，价格可以分档。
daqi-answer-266,2026-08-14T14:25:00+08:00,女,31-40岁,在校学生,2000-3500元,非常喜欢,每月多次,"收藏爱好,活动奖品",短视频平台,非常了解,一般,非遗文化底蕴,"款式老旧,工艺精致",非常愿意,支持,"适配日常使用,加强科普宣传",一定会,大漆漆扇,简约现代风,可以接受,价格性价比,较低,盲盒款式,非常喜欢,莫兰迪浅色系,随缘,师生赠礼,略有影响,"华而不实无实用性,做工粗糙",20元以内,80-120元,完全愿意,大概率会,不会关注,"文创展会,校园市集",无变化,一定会复购,"非遗文化科普,工艺制作短视频",文具类,非常认可，环保创新,建议多做短视频展示制作过程，并在线下市集提供体验。
daqi-answer-267,2026-08-15T15:38:00+08:00,男,18岁以下,职场上班族,1000元以内,非常喜欢,季度1-2次,日常自用,"电商店铺,短视频平台",略有耳闻,非常感兴趣,"手工工艺独特,国风颜值高","适合收藏送礼,不适合日常使用",愿意,强烈支持,"降低价格,适配日常使用",不确定,"大漆钥匙扣,大漆漆扇",传统国风古风,非常介意,"工艺质感,实用性",极高,单品简约款,喜欢,撞色潮流色系,非常愿意,"同学朋友送礼,节日礼物",会，非常加分,做工粗糙,40-60元,50元以内,可以接受小幅溢价,基本不会,一定会了解购买,线上店铺,大幅提升,可能复购,工艺制作短视频,"配饰挂件类,桌面摆件类",比较认可,包装可以更精致，同时附上简明的非遗文化说明卡。
daqi-answer-268,2026-08-16T16:51:00+08:00,女,18-22岁,在校学生,1000-2000元,一般,每月多次,"送礼纪念,市集/展会随手购买","文创展会,朋友推荐",非常了解,比较感兴趣,"小众不撞款,色泽质感高级",价格昂贵,非常愿意,强烈支持,优化款式设计,一定会,"大漆书签,大漆漆扇",可爱治愈风,完全接受，更有特色,"颜值外观,文化寓意",较高,组合套装礼盒,无所谓,经典黑金红传统色,愿意,"节日礼物,商务小礼品",会，非常加分,"价格虚高,包装简陋",20元以内,50-80元,完全不接受,一定会买,随缘,"校园市集,线下实体店",小幅提升,不确定,"高颜值产品实拍图,非遗文化科普","定制专属类,配饰挂件类",非常认可，环保创新,希望增加年轻化配色和小件礼盒，方便送礼和收藏。
daqi-answer-269,2026-08-17T17:04:00+08:00,男,18岁以下,在校学生,3500元以上,非常喜欢,每月1次,"收藏爱好,送礼纪念",短视频平台,略有耳闻,毫无兴趣,非遗文化底蕴,"不适合日常使用,工艺精致",非常愿意,中立,"适配日常使用,优化款式设计",可能会,大漆漆扇,简约现代风,介意，追求完美品,价格性价比,极高,盲盒款式,非常喜欢,莫兰迪浅色系,非常愿意,商务小礼品,无影响,"华而不实无实用性,款式同质化严重",20-40元,120元以上,完全愿意,看价格款式决定,一定会了解购买,"文创展会,线上店铺",无变化,一定会复购,"优惠活动福利,高颜值产品实拍图",文具类,比较认可,希望兼顾传统工艺和日常实用性，价格可以分档。
daqi-answer-270,2026-08-18T18:17:00+08:00,女,18岁以下,自由职业,1000元以内,比较喜欢,季度1-2次,日常自用,"电商店铺,朋友推荐",非常了解,非常感兴趣,"色泽质感高级,国风颜值高","价格昂贵,不适合日常使用",无所谓,强烈支持,"降低价格,优化款式设计",基本不会,"大件漆艺摆件,大漆漆扇",小众艺术轻奢风,完全接受，更有特色,"实用性,文化寓意",极高,单品简约款,喜欢,经典黑金红传统色,非常愿意,"同学朋友送礼,纪念收藏",会，非常加分,价格虚高,60元以上,50元以内,不太接受,一定会买,会驻足了解,线上店铺,大幅提升,可能复购,工艺制作短视频,"桌面摆件类,配饰挂件类",无所谓,建议多做短视频展示制作过程，并在线下市集提供体验。
daqi-answer-271,2026-08-19T09:30:00+08:00,男,23-30岁,在校学生,1000-2000元,一般,每月多次,"送礼纪念,活动奖品","朋友推荐,校园市集",非常了解,一般,"非遗文化底蕴,色泽质感高级",款式老旧,非常愿意,支持,优化款式设计,一定会,"大漆书签,文创套装礼盒",简约现代风,可以接受,"颜值外观,价格性价比",一般,组合套装礼盒,非常喜欢,经典黑金红传统色,随缘,"节日礼物,师生赠礼",略有影响,"价格虚高,做工粗糙",20元以内,80-120元,完全愿意,大概率会,随缘,"校园市集,文创展会",小幅提升,一定会复购,"非遗文化科普,高颜值产品实拍图","文具类,配饰挂件类",非常认可，环保创新,包装可以更精致，同时附上简明的非遗文化说明卡。
daqi-answer-272,2026-08-20T10:43:00+08:00,女,18岁以下,职场上班族,1000元以内,非常喜欢,每月1次,"市集/展会随手购买,收藏爱好",短视频平台,完全没听过,非常感兴趣,手工工艺独特,"不适合日常使用,款式老旧",愿意,不支持,"加强科普宣传,优化款式设计",不确定,大漆漆扇,传统国风古风,介意，追求完美品,价格性价比,极高,单品简约款,非常喜欢,撞色潮流色系,非常愿意,同学朋友送礼,不在意,"款式同质化严重,华而不实无实用性",40-60元,50元以内,可以接受小幅溢价,看价格款式决定,一定会了解购买,"社群团购,校园市集",大幅提升,可能复购,"工艺制作短视频,高颜值产品实拍图",配饰挂件类,比较认可,希望增加年轻化配色和小件礼盒，方便送礼和收藏。
daqi-answer-273,2026-08-21T11:56:00+08:00,男,18-22岁,自由职业,1000-2000元,比较喜欢,几乎不买,日常自用,"电商店铺,校园市集",非常了解,比较感兴趣,"色泽质感高级,手工工艺独特","价格昂贵,款式老旧",不愿意,强烈支持,"降低价格,提升包装质感",一定会,"大漆书签,大漆钥匙扣",小众艺术轻奢风,完全接受，更有特色,"颜值外观,文化寓意",较高,单品简约款,无所谓,经典黑金红传统色,愿意,"同学朋友送礼,商务小礼品",会，非常加分,价格虚高,20元以内,50-80元,不太接受,一定会买,会驻足了解,线上店铺,小幅提升,不确定,高颜值产品实拍图,"桌面摆件类,文具类",不认可,希望兼顾传统工艺和日常实用性，价格可以分档。
daqi-answer-274,2026-08-22T12:09:00+08:00,女,23-30岁,在校学生,2000-3500元,完全不感兴趣,每月多次,"收藏爱好,活动奖品","短视频平台,校园市集",略有耳闻,一般,"非遗文化底蕴,手工工艺独特",款式老旧,非常愿意,中立,优化款式设计,可能会,"大漆书签,大件漆艺摆件",简约现代风,可以接受,"颜值外观,实用性",较低,盲盒款式,非常喜欢,莫兰迪浅色系,不愿意,"师生赠礼,节日礼物",无影响,"华而不实无实用性,做工粗糙",20-40元,80-120元,完全愿意,大概率会,一定会了解购买,"文创展会,校园市集",无变化,一定会复购,"非遗文化科普,工艺制作短视频","文具类,定制专属类",非常认可，环保创新,建议多做短视频展示制作过程，并在线下市集提供体验。
daqi-answer-275,2026-08-23T13:22:00+08:00,男,18岁以下,职场上班族,1000元以内,非常喜欢,季度1-2次,"日常自用,收藏爱好",短视频平台,非常了解,非常感兴趣,手工工艺独特,"工艺精致,款式老旧",无所谓,强烈支持,"降低价格,适配日常使用",不确定,大漆钥匙扣,传统国风古风,完全接受，更有特色,工艺质感,极高,单品简约款,喜欢,自然原木底色,非常愿意,同学朋友送礼,会，非常加分,"款式同质化严重,价格虚高",40-60元,50元以内,可以接受小幅溢价,一定会买,会驻足了解,"线上店铺,校园市集",大幅提升,可能复购,"工艺制作短视频,优惠活动福利",配饰挂件类,无所谓,包装可以更精致，同时附上简明的非遗文化说明卡。
daqi-answer-276,2026-08-24T14:35:00+08:00,男,18-22岁,其他,1000-2000元,一般,每月多次,送礼纪念,"校园市集,短视频平台",略有耳闻,比较感兴趣,"国风颜值高,手工工艺独特","价格昂贵,适合收藏送礼",非常愿意,支持,"降低价格,加强科普宣传",一定会,"大漆书签,大漆漆扇",简约现代风,完全接受，更有特色,"颜值外观,价格性价比",较高,组合套装礼盒,不喜欢,经典黑金红传统色,随缘,"节日礼物,商务小礼品",略有影响,价格虚高,20元以内,50-80元,完全愿意,大概率会,随缘,校园市集,小幅提升,不会复购,高颜值产品实拍图,"礼盒套装类,文具类",非常认可，环保创新,希望增加年轻化配色和小件礼盒，方便送礼和收藏。
daqi-answer-277,2026-08-25T15:48:00+08:00,男,40岁以上,在校学生,1000元以内,非常喜欢,每月1次,"收藏爱好,送礼纪念","短视频平台,线下实体店",完全没听过,兴趣较低,"非遗文化底蕴,小众不撞款",款式老旧,愿意,中立,适配日常使用,可能会,"大漆漆扇,大件漆艺摆件",简约现代风,介意，追求完美品,"价格性价比,文化寓意",极高,定制专属款,非常喜欢,撞色潮流色系,非常愿意,"师生赠礼,同学朋友送礼",无影响,"华而不实无实用性,款式同质化严重",20-40元,50元以内,可以接受小幅溢价,看价格款式决定,一定会了解购买,"文创展会,线上店铺",反而降低,一定会复购,"市集线下体验,工艺制作短视频","文具类,礼盒套装类",比较认可,希望兼顾传统工艺和日常实用性，价格可以分档。
daqi-answer-278,2026-08-26T16:01:00+08:00,男,18岁以下,自由职业,1000元以内,比较喜欢,季度1-2次,"日常自用,送礼纪念",电商店铺,非常了解,非常感兴趣,手工工艺独特,"价格昂贵,不适合日常使用",无所谓,强烈支持,"降低价格,优化款式设计",一定会,大件漆艺摆件,小众艺术轻奢风,完全接受，更有特色,工艺质感,极高,单品简约款,无所谓,经典黑金红传统色,愿意,同学朋友送礼,会，非常加分,"包装简陋,华而不实无实用性",20元以内,50-80元,不太接受,一定会买,会驻足了解,"线上店铺,社群团购",大幅提升,不确定,"工艺制作短视频,市集线下体验",配饰挂件类,无所谓,建议多做短视频展示制作过程，并在线下市集提供体验。
daqi-answer-279,2026-08-27T17:14:00+08:00,女,23-30岁,在校学生,2000-3500元,一般,每月多次,送礼纪念,"校园市集,朋友推荐",完全没听过,比较感兴趣,"非遗文化底蕴,色泽质感高级","价格昂贵,工艺精致",非常愿意,支持,"优化款式设计,加强科普宣传",一定会,"大漆书签,文创套装礼盒",简约现代风,可以接受,"颜值外观,实用性",一般,盲盒款式,非常喜欢,莫兰迪浅色系,随缘,"节日礼物,师生赠礼",略有影响,价格虚高,20-40元,80-120元,完全愿意,大概率会,不会关注,校园市集,无变化,一定会复购,高颜值产品实拍图,"文具类,配饰挂件类",非常认可，环保创新,包装可以更精致，同时附上简明的非遗文化说明卡。
daqi-answer-280,2026-08-28T18:27:00+08:00,男,18岁以下,职场上班族,1000元以内,非常喜欢,每月1次,"活动奖品,送礼纪念","短视频平台,文创展会",非常了解,非常感兴趣,"非遗文化底蕴,国风颜值高",不适合日常使用,愿意,强烈支持,加强科普宣传,不确定,"大漆漆扇,大漆钥匙扣",传统国风古风,非常介意,"价格性价比,颜值外观",极高,单品简约款,喜欢,撞色潮流色系,非常愿意,"纪念收藏,节日礼物",会，非常加分,"款式同质化严重,华而不实无实用性",40-60元,50元以内,可以接受小幅溢价,基本不会,一定会了解购买,"线下实体店,线上店铺",大幅提升,可能复购,"工艺制作短视频,高颜值产品实拍图","文具类,桌面摆件类",比较认可,希望增加年轻化配色和小件礼盒，方便送礼和收藏。
daqi-answer-281,2026-08-01T09:40:00+08:00,女,18-22岁,自由职业,1000-2000元,比较喜欢,半年一次,"日常自用,市集/展会随手购买",电商店铺,略有耳闻,非常感兴趣,色泽质感高级,"价格昂贵,款式老旧",非常愿意,强烈支持,"降低价格,提升包装质感",一定会,大漆书签,可爱治愈风,完全接受，更有特色,文化寓意,较高,组合套装礼盒,无所谓,经典黑金红传统色,愿意,同学朋友送礼,略有影响,"价格虚高,华而不实无实用性",20元以内,50-80元,完全不接受,一定会买,随缘,"线上店铺,线下实体店",小幅提升,不确定,"工艺制作短视频,非遗文化科普",桌面摆件类,非常认可，环保创新,希望兼顾传统工艺和日常实用性，价格可以分档。
daqi-answer-282,2026-08-02T10:53:00+08:00,男,23-30岁,在校学生,3500元以上,不太喜欢,每月多次,送礼纪念,"朋友推荐,文创展会",非常了解,一般,"非遗文化底蕴,手工工艺独特","款式老旧,工艺精致",非常愿意,中立,"优化款式设计,适配日常使用",可能会,"大漆书签,大件漆艺摆件",简约现代风,介意，追求完美品,"颜值外观,工艺质感",一般,盲盒款式,非常喜欢,莫兰迪浅色系,非常愿意,"师生赠礼,节日礼物",无影响,华而不实无实用性,20-40元,120元以上,完全愿意,看价格款式决定,一定会了解购买,校园市集,无变化,一定会复购,非遗文化科普,"文具类,定制专属类",比较认可,建议多做短视频展示制作过程，并在线下市集提供体验。
daqi-answer-283,2026-08-03T11:06:00+08:00,女,18岁以下,职场上班族,1000元以内,非常喜欢,每月1次,"日常自用,收藏爱好","短视频平台,电商店铺",略有耳闻,非常感兴趣,"手工工艺独特,国风颜值高",工艺精致,无所谓,强烈支持,降低价格,基本不会,"大漆钥匙扣,大漆漆扇",小众艺术轻奢风,完全接受，更有特色,"价格性价比,实用性",极高,单品简约款,喜欢,经典黑金红传统色,愿意,"同学朋友送礼,节日礼物",会，非常加分,"款式同质化严重,价格虚高",60元以上,50元以内,不太接受,一定会买,会驻足了解,"线上店铺,校园市集",大幅提升,可能复购,"工艺制作短视频,优惠活动福利","配饰挂件类,桌面摆件类",无所谓,包装可以更精致，同时附上简明的非遗文化说明卡。
daqi-answer-284,2026-08-04T12:19:00+08:00,男,18-22岁,个体经营者,2000-3500元,比较喜欢,每月多次,"日常自用,活动奖品",电商店铺,完全没听过,比较感兴趣,国风颜值高,"价格昂贵,适合收藏送礼",非常愿意,支持,"降低价格,加强科普宣传",一定会,大漆书签,简约现代风,可以接受,颜值外观,较高,组合套装礼盒,非常喜欢,莫兰迪浅色系,随缘,节日礼物,略有影响,"价格虚高,包装简陋",20元以内,80-120元,完全愿意,大概率会,随缘,"线上店铺,文创展会",小幅提升,一定会复购,"高颜值产品实拍图,非遗文化科普",礼盒套装类,非常认可，环保创新,希望增加年轻化配色和小件礼盒，方便送礼和收藏。
daqi-answer-285,2026-08-05T13:32:00+08:00,女,31-40岁,在校学生,1000元以内,非常喜欢,每月多次,收藏爱好,"短视频平台,文创展会",非常了解,兴趣较低,"非遗文化底蕴,小众不撞款","款式老旧,不适合日常使用",愿意,不支持,"适配日常使用,优化款式设计",不确定,"大漆漆扇,大件漆艺摆件",传统国风古风,介意，追求完美品,"颜值外观,独特小众性",不看重,单品简约款,喜欢,撞色潮流色系,非常愿意,"师生赠礼,同学朋友送礼",不在意,华而不实无实用性,40-60元,50元以内,可以接受小幅溢价,看价格款式决定,一定会了解购买,文创展会,大幅提升,可能复购,市集线下体验,"文具类,礼盒套装类",比较认可,希望兼顾传统工艺和日常实用性，价格可以分档。
daqi-answer-286,2026-08-06T14:45:00+08:00,男,18岁以下,职场上班族,1000-2000元,非常喜欢,季度1-2次,"日常自用,送礼纪念","短视频平台,朋友推荐",略有耳闻,非常感兴趣,"手工工艺独特,色泽质感高级",价格昂贵,不愿意,强烈支持,降低价格,一定会,"大漆钥匙扣,大漆书签",小众艺术轻奢风,完全接受，更有特色,"工艺质感,文化寓意",极高,组合套装礼盒,无所谓,经典黑金红传统色,愿意,"同学朋友送礼,纪念收藏",会，非常加分,"做工粗糙,价格虚高",20元以内,50-80元,不太接受,一定会买,会驻足了解,"线上店铺,社群团购",小幅提升,不确定,"工艺制作短视频,市集线下体验","配饰挂件类,文具类",不认可,建议多做短视频展示制作过程，并在线下市集提供体验。
daqi-answer-287,2026-08-07T15:58:00+08:00,女,18-22岁,在校学生,2000-3500元,一般,每月多次,"送礼纪念,活动奖品",校园市集,非常了解,比较感兴趣,非遗文化底蕴,"价格昂贵,工艺精致",非常愿意,中立,"优化款式设计,加强科普宣传",可能会,大漆书签,简约现代风,可以接受,颜值外观,一般,盲盒款式,非常喜欢,莫兰迪浅色系,不愿意,节日礼物,无影响,"价格虚高,做工粗糙",20-40元,80-120元,完全愿意,大概率会,一定会了解购买,"校园市集,文创展会",无变化,一定会复购,"高颜值产品实拍图,工艺制作短视频",定制专属类,非常认可，环保创新,包装可以更精致，同时附上简明的非遗文化说明卡。
daqi-answer-288,2026-08-08T16:11:00+08:00,男,18岁以下,在校学生,1000元以内,非常喜欢,每月1次,活动奖品,"短视频平台,电商店铺",略有耳闻,非常感兴趣,"非遗文化底蕴,国风颜值高","不适合日常使用,款式老旧",无所谓,强烈支持,"适配日常使用,降低价格",不确定,"大漆漆扇,大漆钥匙扣",传统国风古风,完全接受，更有特色,"价格性价比,实用性",极高,单品简约款,喜欢,自然原木底色,非常愿意,"商务小礼品,同学朋友送礼",会，非常加分,华而不实无实用性,40-60元,50元以内,可以接受小幅溢价,一定会买,会驻足了解,线下实体店,大幅提升,可能复购,优惠活动福利,"文具类,桌面摆件类",无所谓,希望增加年轻化配色和小件礼盒，方便送礼和收藏。
daqi-answer-289,2026-08-09T17:24:00+08:00,女,18岁以下,自由职业,1000-2000元,比较喜欢,半年一次,"日常自用,市集/展会随手购买","电商店铺,文创展会",非常了解,非常感兴趣,"色泽质感高级,手工工艺独特",价格昂贵,非常愿意,支持,降低价格,一定会,"文创套装礼盒,大漆漆扇",简约现代风,可以接受,"工艺质感,颜值外观",较高,组合套装礼盒,不喜欢,经典黑金红传统色,随缘,"同学朋友送礼,商务小礼品",略有影响,"价格虚高,华而不实无实用性",20元以内,50-80元,完全愿意,大概率会,随缘,"线上店铺,线下实体店",小幅提升,不会复购,"工艺制作短视频,非遗文化科普","桌面摆件类,文具类",非常认可，环保创新,希望兼顾传统工艺和日常实用性，价格可以分档。
daqi-answer-290,2026-08-10T18:37:00+08:00,男,23-30岁,在校学生,1000元以内,不太喜欢,每月多次,"送礼纪念,收藏爱好",校园市集,非常了解,一般,非遗文化底蕴,"款式老旧,工艺精致",愿意,中立,"优化款式设计,适配日常使用",可能会,大漆书签,传统国风古风,介意，追求完美品,颜值外观,一般,定制专属款,非常喜欢,撞色潮流色系,非常愿意,节日礼物,无影响,"价格虚高,款式同质化严重",20-40元,50元以内,可以接受小幅溢价,看价格款式决定,一定会了解购买,"校园市集,线上店铺",反而降低,一定会复购,"非遗文化科普,工艺制作短视频",文具类,比较认可,建议多做短视频展示制作过程，并在线下市集提供体验。
daqi-answer-291,2026-08-11T09:50:00+08:00,女,18岁以下,职场上班族,1000元以内,非常喜欢,每月1次,日常自用,"短视频平台,朋友推荐",完全没听过,非常感兴趣,"手工工艺独特,国风颜值高","不适合日常使用,价格昂贵",无所谓,强烈支持,"提升包装质感,优化款式设计",一定会,"大漆钥匙扣,大漆漆扇",小众艺术轻奢风,完全接受，更有特色,"价格性价比,工艺质感",极高,单品简约款,无所谓,经典黑金红传统色,愿意,"同学朋友送礼,节日礼物",会，非常加分,款式同质化严重,20元以内,50-80元,不太接受,一定会买,会驻足了解,社群团购,大幅提升,不确定,工艺制作短视频,"配饰挂件类,桌面摆件类",不认可,包装可以更精致，同时附上简明的非遗文化说明卡。
daqi-answer-292,2026-08-12T10:03:00+08:00,男,18-22岁,个体经营者,2000-3500元,比较喜欢,每月多次,"日常自用,活动奖品","电商店铺,短视频平台",非常了解,比较感兴趣,"色泽质感高级,非遗文化底蕴",价格昂贵,非常愿意,支持,降低价格,可能会,"大漆书签,大漆漆扇",简约现代风,可以接受,"文化寓意,独特小众性",较高,盲盒款式,非常喜欢,莫兰迪浅色系,随缘,"同学朋友送礼,师生赠礼",略有影响,"价格虚高,包装简陋",20-40元,80-120元,完全愿意,大概率会,不会关注,"线上店铺,文创展会",无变化,一定会复购,"高颜值产品实拍图,非遗文化科普","桌面摆件类,定制专属类",非常认可，环保创新,希望增加年轻化配色和小件礼盒，方便送礼和收藏。
daqi-answer-293,2026-08-13T11:16:00+08:00,男,31-40岁,在校学生,1000元以内,非常喜欢,每月多次,"收藏爱好,送礼纪念",文创展会,略有耳闻,一般,非遗文化底蕴,"款式老旧,不适合日常使用",愿意,强烈支持,"适配日常使用,优化款式设计",不确定,大漆漆扇,传统国风古风,非常介意,颜值外观,较低,单品简约款,喜欢,撞色潮流色系,非常愿意,师生赠礼,会，非常加分,"华而不实无实用性,款式同质化严重",40-60元,50元以内,可以接受小幅溢价,基本不会,一定会了解购买,"文创展会,线上店铺",大幅提升,可能复购,"非遗文化科普,优惠活动福利",文具类,比较认可,希望兼顾传统工艺和日常实用性，价格可以分档。
daqi-answer-294,2026-08-14T12:29:00+08:00,男,18岁以下,职场上班族,1000-2000元,非常喜欢,季度1-2次,日常自用,"短视频平台,校园市集",非常了解,非常感兴趣,"手工工艺独特,色泽质感高级","适合收藏送礼,款式老旧",非常愿意,支持,"降低价格,优化款式设计",一定会,"大漆钥匙扣,大漆书签",可爱治愈风,完全接受，更有特色,"价格性价比,独特小众性",极高,组合套装礼盒,无所谓,经典黑金红传统色,愿意,"同学朋友送礼,纪念收藏",略有影响,做工粗糙,20元以内,50-80元,完全不接受,一定会买,随缘,线上店铺,小幅提升,不会复购,工艺制作短视频,"配饰挂件类,文具类",非常认可，环保创新,建议多做短视频展示制作过程，并在线下市集提供体验。
daqi-answer-295,2026-08-15T13:42:00+08:00,男,18-22岁,在校学生,3500元以上,一般,每月多次,"送礼纪念,活动奖品","电商店铺,朋友推荐",略有耳闻,比较感兴趣,"小众不撞款,手工工艺独特",价格昂贵,愿意,中立,优化款式设计,可能会,"大漆书签,文创套装礼盒",简约现代风,介意，追求完美品,"颜值外观,独特小众性",较高,盲盒款式,非常喜欢,莫兰迪浅色系,非常愿意,"节日礼物,师生赠礼",无影响,"价格虚高,做工粗糙",20-40元,120元以上,完全愿意,看价格款式决定,一定会了解购买,"校园市集,文创展会",反而降低,一定会复购,"高颜值产品实拍图,工艺制作短视频","礼盒套装类,定制专属类",比较认可,包装可以更精致，同时附上简明的非遗文化说明卡。
daqi-answer-296,2026-08-16T14:55:00+08:00,女,18岁以下,在校学生,1000元以内,非常喜欢,每月1次,"收藏爱好,日常自用",短视频平台,完全没听过,毫无兴趣,非遗文化底蕴,"不适合日常使用,款式老旧",无所谓,强烈支持,"适配日常使用,降低价格",基本不会,大漆漆扇,小众艺术轻奢风,完全接受，更有特色,颜值外观,极高,单品简约款,喜欢,经典黑金红传统色,愿意,商务小礼品,会，非常加分,"华而不实无实用性,价格虚高",60元以上,50元以内,不太接受,一定会买,会驻足了解,"文创展会,社群团购",大幅提升,可能复购,"市集线下体验,优惠活动福利",文具类,无所谓,希望增加年轻化配色和小件礼盒，方便送礼和收藏。
daqi-answer-297,2026-08-17T15:08:00+08:00,男,18岁以下,自由职业,2000-3500元,比较喜欢,季度1-2次,日常自用,"短视频平台,线下实体店",非常了解,非常感兴趣,"色泽质感高级,手工工艺独特","价格昂贵,款式老旧",非常愿意,支持,"降低价格,提升包装质感",一定会,"大件漆艺摆件,大漆书签",简约现代风,可以接受,"工艺质感,实用性",极高,组合套装礼盒,非常喜欢,莫兰迪浅色系,随缘,"同学朋友送礼,商务小礼品",略有影响,包装简陋,20元以内,80-120元,完全愿意,大概率会,不会关注,线上店铺,小幅提升,一定会复购,工艺制作短视频,"配饰挂件类,定制专属类",非常认可，环保创新,希望兼顾传统工艺和日常实用性，价格可以分档。
daqi-answer-298,2026-08-18T16:21:00+08:00,女,23-30岁,在校学生,1000元以内,一般,每月多次,"送礼纪念,收藏爱好","校园市集,文创展会",略有耳闻,一般,"非遗文化底蕴,手工工艺独特",款式老旧,愿意,不支持,优化款式设计,不确定,"大漆书签,大件漆艺摆件",传统国风古风,介意，追求完美品,"颜值外观,文化寓意",一般,单品简约款,喜欢,撞色潮流色系,非常愿意,"节日礼物,同学朋友送礼",不在意,"价格虚高,款式同质化严重",40-60元,50元以内,可以接受小幅溢价,基本不会,一定会了解购买,"校园市集,线上店铺",大幅提升,可能复购,"高颜值产品实拍图,优惠活动福利","文具类,定制专属类",比较认可,建议多做短视频展示制作过程，并在线下市集提供体验。
daqi-answer-299,2026-08-19T17:34:00+08:00,男,18岁以下,职场上班族,1000-2000元,非常喜欢,每月1次,"市集/展会随手购买,送礼纪念",短视频平台,非常了解,非常感兴趣,手工工艺独特,"不适合日常使用,价格昂贵",不愿意,强烈支持,"加强科普宣传,降低价格",一定会,大漆漆扇,小众艺术轻奢风,完全接受，更有特色,价格性价比,极高,组合套装礼盒,无所谓,经典黑金红传统色,愿意,纪念收藏,会，非常加分,"款式同质化严重,价格虚高",20元以内,50-80元,完全不接受,一定会买,会驻足了解,"线下实体店,社群团购",小幅提升,不确定,"工艺制作短视频,优惠活动福利",配饰挂件类,非常认可，环保创新,包装可以更精致，同时附上简明的非遗文化说明卡。
daqi-answer-300,2026-08-20T18:47:00+08:00,女,18-22岁,自由职业,2000-3500元,比较喜欢,几乎不买,日常自用,"电商店铺,朋友推荐",略有耳闻,比较感兴趣,"色泽质感高级,非遗文化底蕴","价格昂贵,适合收藏送礼",非常愿意,中立,"降低价格,加强科普宣传",可能会,"大漆书签,大漆漆扇",简约现代风,可以接受,"工艺质感,价格性价比",较高,盲盒款式,非常喜欢,莫兰迪浅色系,不愿意,"同学朋友送礼,师生赠礼",无影响,价格虚高,20-40元,120元以上,完全愿意,大概率会,一定会了解购买,线上店铺,无变化,一定会复购,高颜值产品实拍图,"桌面摆件类,定制专属类",非常认可，环保创新,希望增加年轻化配色和小件礼盒，方便送礼和收藏。
daqi-answer-301,2026-08-21T09:00:00+08:00,男,23-30岁,在校学生,1000元以内,完全不感兴趣,每月多次,"收藏爱好,送礼纪念","校园市集,短视频平台",非常了解,一般,"非遗文化底蕴,小众不撞款",款式老旧,无所谓,强烈支持,优化款式设计,不确定,"大漆书签,大漆钥匙扣",传统国风古风,完全接受，更有特色,"颜值外观,价格性价比",较低,单品简约款,喜欢,自然原木底色,非常愿意,"师生赠礼,同学朋友送礼",会，非常加分,"华而不实无实用性,款式同质化严重",60元以上,50元以内,可以接受小幅溢价,一定会买,会驻足了解,"校园市集,社群团购",大幅提升,可能复购,"非遗文化科普,优惠活动福利","文具类,礼盒套装类",无所谓,希望兼顾传统工艺和日常实用性，价格可以分档。
daqi-answer-302,2026-08-22T10:13:00+08:00,女,18岁以下,职场上班族,1000-2000元,非常喜欢,季度1-2次,"日常自用,送礼纪念",短视频平台,非常了解,非常感兴趣,手工工艺独特,"工艺精致,价格昂贵",非常愿意,支持,"降低价格,优化款式设计",一定会,大漆钥匙扣,简约现代风,可以接受,价格性价比,极高,组合套装礼盒,不喜欢,经典黑金红传统色,随缘,同学朋友送礼,略有影响,"款式同质化严重,包装简陋",20元以内,50-80元,完全愿意,大概率会,随缘,"线上店铺,社群团购",小幅提升,一定会复购,"工艺制作短视频,市集线下体验",配饰挂件类,非常认可，环保创新,建议多做短视频展示制作过程，并在线下市集提供体验。
daqi-answer-303,2026-08-23T11:26:00+08:00,男,18-22岁,其他,1000元以内,一般,每月多次,送礼纪念,"电商店铺,校园市集",完全没听过,比较感兴趣,"国风颜值高,非遗文化底蕴","价格昂贵,工艺精致",愿意,中立,"降低价格,适配日常使用",可能会,"大漆书签,文创套装礼盒",传统国风古风,介意，追求完美品,"文化寓意,颜值外观",较高,定制专属款,非常喜欢,撞色潮流色系,非常愿意,"节日礼物,师生赠礼",不在意,价格虚高,20-40元,50元以内,可以接受小幅溢价,看价格款式决定,一定会了解购买,校园市集,大幅提升,一定会复购,高颜值产品实拍图,"礼盒套装类,定制专属类",比较认可,包装可以更精致，同时附上简明的非遗文化说明卡。
daqi-answer-304,2026-08-24T12:39:00+08:00,女,40岁以上,在校学生,1000-2000元,非常喜欢,每月1次,"收藏爱好,日常自用","文创展会,线下实体店",非常了解,兴趣较低,"非遗文化底蕴,国风颜值高",款式老旧,无所谓,强烈支持,适配日常使用,一定会,"大漆漆扇,大漆钥匙扣",小众艺术轻奢风,完全接受，更有特色,"颜值外观,实用性",不看重,单品简约款,无所谓,经典黑金红传统色,愿意,"师生赠礼,纪念收藏",会，非常加分,"华而不实无实用性,价格虚高",20元以内,50-80元,不太接受,一定会买,会驻足了解,"文创展会,社群团购",大幅提升,不确定,"市集线下体验,优惠活动福利","文具类,桌面摆件类",不认可,希望增加年轻化配色和小件礼盒，方便送礼和收藏。
daqi-answer-305,2026-08-25T13:52:00+08:00,男,18岁以下,自由职业,2000-3500元,比较喜欢,季度1-2次,"日常自用,市集/展会随手购买",短视频平台,略有耳闻,非常感兴趣,手工工艺独特,"价格昂贵,款式老旧",非常愿意,支持,"降低价格,提升包装质感",可能会,大件漆艺摆件,简约现代风,可以接受,价格性价比,极高,盲盒款式,非常喜欢,莫兰迪浅色系,不愿意,同学朋友送礼,略有影响,"做工粗糙,包装简陋",20-40元,80-120元,完全愿意,大概率会,一定会了解购买,"线上店铺,线下实体店",无变化,一定会复购,"工艺制作短视频,非遗文化科普",配饰挂件类,非常认可，环保创新,希望兼顾传统工艺和日常实用性，价格可以分档。
daqi-answer-306,2026-08-26T14:05:00+08:00,女,23-30岁,在校学生,1000元以内,一般,每月多次,送礼纪念,"电商店铺,线下实体店",非常了解,比较感兴趣,"非遗文化底蕴,手工工艺独特","价格昂贵,不适合日常使用",愿意,强烈支持,"优化款式设计,适配日常使用",不确定,"大漆书签,大件漆艺摆件",传统国风古风,非常介意,"颜值外观,价格性价比",一般,单品简约款,喜欢,自然原木底色,非常愿意,"节日礼物,同学朋友送礼",会，非常加分,价格虚高,40-60元,50元以内,可以接受小幅溢价,一定会买,一定会了解购买,校园市集,大幅提升,可能复购,高颜值产品实拍图,"文具类,定制专属类",比较认可,建议多做短视频展示制作过程，并在线下市集提供体验。
daqi-answer-307,2026-08-27T15:18:00+08:00,男,18岁以下,职场上班族,1000-2000元,非常喜欢,每月1次,"活动奖品,日常自用","短视频平台,线下实体店",略有耳闻,非常感兴趣,"非遗文化底蕴,色泽质感高级",不适合日常使用,非常愿意,支持,加强科普宣传,一定会,"大漆漆扇,大漆书签",可爱治愈风,完全接受，更有特色,"颜值外观,工艺质感",极高,组合套装礼盒,不喜欢,经典黑金红传统色,愿意,"商务小礼品,纪念收藏",略有影响,"华而不实无实用性,包装简陋",20元以内,50-80元,完全愿意,一定会买,随缘,"线下实体店,社群团购",小幅提升,不会复购,"工艺制作短视频,优惠活动福利","文具类,配饰挂件类",非常认可，环保创新,包装可以更精致，同时附上简明的非遗文化说明卡。
daqi-answer-308,2026-08-28T16:31:00+08:00,女,18-22岁,自由职业,3500元以上,比较喜欢,半年一次,"日常自用,活动奖品",短视频平台,完全没听过,非常感兴趣,色泽质感高级,"价格昂贵,适合收藏送礼",愿意,中立,"降低价格,加强科普宣传",可能会,文创套装礼盒,简约现代风,介意，追求完美品,工艺质感,较高,定制专属款,非常喜欢,莫兰迪浅色系,非常愿意,同学朋友送礼,无影响,"价格虚高,包装简陋",20-40元,50元以内,完全愿意,看价格款式决定,一定会了解购买,"线上店铺,文创展会",反而降低,一定会复购,"工艺制作短视频,高颜值产品实拍图",桌面摆件类,比较认可,希望增加年轻化配色和小件礼盒，方便送礼和收藏。
daqi-answer-309,2026-08-01T17:44:00+08:00,男,23-30岁,在校学生,1000元以内,不太喜欢,每月多次,送礼纪念,"校园市集,朋友推荐",非常了解,一般,"非遗文化底蕴,小众不撞款","款式老旧,不适合日常使用",无所谓,强烈支持,"优化款式设计,降低价格",基本不会,"大漆书签,大漆钥匙扣",小众艺术轻奢风,完全接受，更有特色,"颜值外观,实用性",一般,单品简约款,喜欢,经典黑金红传统色,愿意,"节日礼物,纪念收藏",会，非常加分,华而不实无实用性,20元以内,50元以内,不太接受,一定会买,会驻足了解,校园市集,大幅提升,可能复购,非遗文化科普,"文具类,礼盒套装类",无所谓,希望兼顾传统工艺和日常实用性，价格可以分档。
daqi-answer-310,2026-08-02T18:57:00+08:00,男,18岁以下,职场上班族,2000-3500元,非常喜欢,每月1次,"日常自用,送礼纪念","短视频平台,文创展会",完全没听过,非常感兴趣,"手工工艺独特,色泽质感高级",工艺精致,非常愿意,支持,提升包装质感,一定会,"大漆钥匙扣,大漆书签",简约现代风,可以接受,"价格性价比,颜值外观",极高,组合套装礼盒,非常喜欢,莫兰迪浅色系,随缘,"同学朋友送礼,纪念收藏",略有影响,"款式同质化严重,包装简陋",20元以内,80-120元,完全愿意,大概率会,不会关注,"线上店铺,社群团购",小幅提升,一定会复购,"工艺制作短视频,市集线下体验","配饰挂件类,文具类",非常认可，环保创新,建议多做短视频展示制作过程，并在线下市集提供体验。
daqi-answer-311,2026-08-03T09:10:00+08:00,男,18-22岁,个体经营者,1000元以内,比较喜欢,每月多次,"日常自用,收藏爱好",电商店铺,非常了解,比较感兴趣,国风颜值高,"价格昂贵,工艺精致",愿意,不支持,"降低价格,适配日常使用",不确定,大漆书签,传统国风古风,非常介意,工艺质感,较高,单品简约款,喜欢,撞色潮流色系,非常愿意,节日礼物,会，非常加分,"价格虚高,做工粗糙",40-60元,50元以内,可以接受小幅溢价,基本不会,一定会了解购买,"线上店铺,校园市集",大幅提升,可能复购,"高颜值产品实拍图,工艺制作短视频",桌面摆件类,比较认可,包装可以更精致，同时附上简明的非遗文化说明卡。
daqi-answer-312,2026-08-04T10:23:00+08:00,男,31-40岁,在校学生,1000-2000元,非常喜欢,每月多次,收藏爱好,"校园市集,电商店铺",略有耳闻,兴趣较低,"非遗文化底蕴,国风颜值高","款式老旧,价格昂贵",不愿意,强烈支持,"适配日常使用,降低价格",一定会,"大漆漆扇,大漆钥匙扣",可爱治愈风,完全接受，更有特色,"颜值外观,工艺质感",较低,组合套装礼盒,无所谓,经典黑金红传统色,愿意,"师生赠礼,纪念收藏",会，非常加分,华而不实无实用性,20元以内,50-80元,完全不接受,一定会买,会驻足了解,文创展会,小幅提升,不确定,非遗文化科普,"文具类,桌面摆件类",非常认可，环保创新,希望增加年轻化配色和小件礼盒，方便送礼和收藏。
daqi-answer-313,2026-08-05T11:36:00+08:00,女,18岁以下,职场上班族,2000-3500元,非常喜欢,季度1-2次,"日常自用,市集/展会随手购买","短视频平台,电商店铺",非常了解,非常感兴趣,"手工工艺独特,非遗文化底蕴",适合收藏送礼,非常愿意,中立,降低价格,可能会,"大漆钥匙扣,文创套装礼盒",简约现代风,可以接受,"价格性价比,实用性",极高,盲盒款式,非常喜欢,莫兰迪浅色系,非常愿意,"同学朋友送礼,商务小礼品",无影响,"做工粗糙,包装简陋",20-40元,120元以上,完全愿意,大概率会,一定会了解购买,"线上店铺,线下实体店",无变化,一定会复购,"工艺制作短视频,非遗文化科普","配饰挂件类,定制专属类",非常认可，环保创新,希望兼顾传统工艺和日常实用性，价格可以分档。
daqi-answer-314,2026-08-06T12:49:00+08:00,男,18-22岁,在校学生,1000元以内,一般,每月多次,"送礼纪念,收藏爱好",电商店铺,略有耳闻,比较感兴趣,小众不撞款,"价格昂贵,不适合日常使用",无所谓,强烈支持,"优化款式设计,适配日常使用",基本不会,大漆书签,传统国风古风,完全接受，更有特色,文化寓意,较高,单品简约款,喜欢,经典黑金红传统色,非常愿意,节日礼物,会，非常加分,"价格虚高,款式同质化严重",60元以上,50元以内,可以接受小幅溢价,一定会买,会驻足了解,"校园市集,线上店铺",大幅提升,可能复购,"高颜值产品实拍图,优惠活动福利",定制专属类,无所谓,建议多做短视频展示制作过程，并在线下市集提供体验。
daqi-answer-315,2026-08-07T13:02:00+08:00,女,18岁以下,在校学生,1000-2000元,非常喜欢,每月1次,活动奖品,"文创展会,短视频平台",完全没听过,毫无兴趣,"非遗文化底蕴,色泽质感高级","不适合日常使用,价格昂贵",非常愿意,支持,"适配日常使用,提升包装质感",一定会,"大漆漆扇,大漆书签",简约现代风,可以接受,"颜值外观,独特小众性",极高,组合套装礼盒,非常喜欢,经典黑金红传统色,随缘,"商务小礼品,纪念收藏",略有影响,华而不实无实用性,20元以内,50-80元,完全愿意,大概率会,随缘,文创展会,小幅提升,一定会复购,优惠活动福利,"文具类,配饰挂件类",非常认可，环保创新,包装可以更精致，同时附上简明的非遗文化说明卡。
daqi-answer-316,2026-08-08T14:15:00+08:00,男,18岁以下,自由职业,1000元以内,比较喜欢,半年一次,"日常自用,活动奖品","短视频平台,朋友推荐",非常了解,非常感兴趣,"色泽质感高级,非遗文化底蕴",价格昂贵,愿意,不支持,降低价格,可能会,"大件漆艺摆件,文创套装礼盒",传统国风古风,介意，追求完美品,"价格性价比,工艺质感",较高,单品简约款,非常喜欢,撞色潮流色系,非常愿意,"同学朋友送礼,师生赠礼",不在意,"价格虚高,包装简陋",20-40元,50元以内,可以接受小幅溢价,看价格款式决定,一定会了解购买,"线上店铺,文创展会",大幅提升,一定会复购,"工艺制作短视频,高颜值产品实拍图","桌面摆件类,定制专属类",比较认可,希望增加年轻化配色和小件礼盒，方便送礼和收藏。
daqi-answer-317,2026-08-09T15:28:00+08:00,女,23-30岁,在校学生,1000-2000元,不太喜欢,每月多次,"送礼纪念,日常自用",电商店铺,略有耳闻,一般,非遗文化底蕴,"款式老旧,不适合日常使用",不愿意,强烈支持,"优化款式设计,降低价格",一定会,大漆书签,小众艺术轻奢风,完全接受，更有特色,独特小众性,一般,单品简约款,无所谓,经典黑金红传统色,愿意,节日礼物,会，非常加分,"价格虚高,华而不实无实用性",20元以内,50-80元,不太接受,一定会买,会驻足了解,"校园市集,社群团购",大幅提升,不确定,"非遗文化科普,优惠活动福利",文具类,不认可,希望兼顾传统工艺和日常实用性，价格可以分档。
daqi-answer-318,2026-08-10T16:41:00+08:00,男,18岁以下,职场上班族,2000-3500元,非常喜欢,每月1次,市集/展会随手购买,"短视频平台,电商店铺",非常了解,非常感兴趣,"手工工艺独特,色泽质感高级","不适合日常使用,适合收藏送礼",非常愿意,支持,"加强科普宣传,提升包装质感",可能会,"大漆漆扇,文创套装礼盒",简约现代风,可以接受,"颜值外观,文化寓意",极高,盲盒款式,非常喜欢,莫兰迪浅色系,不愿意,"同学朋友送礼,纪念收藏",略有影响,款式同质化严重,20-40元,80-120元,完全愿意,大概率会,一定会了解购买,社群团购,无变化,一定会复购,工艺制作短视频,"配饰挂件类,文具类",非常认可，环保创新,建议多做短视频展示制作过程，并在线下市集提供体验。
daqi-answer-319,2026-08-11T17:54:00+08:00,女,18-22岁,个体经营者,1000元以内,比较喜欢,几乎不买,"日常自用,收藏爱好","短视频平台,校园市集",略有耳闻,比较感兴趣,"色泽质感高级,小众不撞款",价格昂贵,愿意,强烈支持,降低价格,不确定,"大漆书签,文创套装礼盒",传统国风古风,完全接受，更有特色,"工艺质感,颜值外观",较高,单品简约款,喜欢,自然原木底色,非常愿意,"同学朋友送礼,节日礼物",会，非常加分,"价格虚高,做工粗糙",40-60元,50元以内,可以接受小幅溢价,一定会买,一定会了解购买,"线上店铺,校园市集",大幅提升,可能复购,"高颜值产品实拍图,工艺制作短视频","桌面摆件类,礼盒套装类",比较认可,包装可以更精致，同时附上简明的非遗文化说明卡。
daqi-answer-320,2026-08-12T18:07:00+08:00,男,31-40岁,在校学生,1000-2000元,完全不感兴趣,每月多次,"收藏爱好,日常自用",校园市集,非常了解,一般,非遗文化底蕴,"款式老旧,价格昂贵",非常愿意,支持,"优化款式设计,提升包装质感",一定会,大漆漆扇,简约现代风,完全接受，更有特色,颜值外观,较低,组合套装礼盒,不喜欢,经典黑金红传统色,愿意,师生赠礼,略有影响,"华而不实无实用性,价格虚高",20元以内,50-80元,完全愿意,一定会买,随缘,"文创展会,社群团购",小幅提升,不会复购,"非遗文化科普,市集线下体验",文具类,非常认可，环保创新,希望增加年轻化配色和小件礼盒，方便送礼和收藏。
daqi-answer-321,2026-08-13T09:20:00+08:00,女,18岁以下,职场上班族,3500元以上,非常喜欢,季度1-2次,日常自用,"短视频平台,朋友推荐",非常了解,非常感兴趣,"手工工艺独特,非遗文化底蕴","工艺精致,适合收藏送礼",愿意,中立,"降低价格,提升包装质感",可能会,"大漆钥匙扣,文创套装礼盒",简约现代风,介意，追求完美品,"价格性价比,工艺质感",极高,定制专属款,非常喜欢,莫兰迪浅色系,非常愿意,"同学朋友送礼,商务小礼品",无影响,款式同质化严重,20-40元,50元以内,完全愿意,看价格款式决定,一定会了解购买,线上店铺,反而降低,一定会复购,工艺制作短视频,"配饰挂件类,定制专属类",比较认可,希望兼顾传统工艺和日常实用性，价格可以分档。
daqi-answer-322,2026-08-14T10:33:00+08:00,男,18-22岁,其他,1000元以内,一般,每月多次,"送礼纪念,收藏爱好","电商店铺,短视频平台",完全没听过,比较感兴趣,"国风颜值高,小众不撞款",价格昂贵,无所谓,强烈支持,优化款式设计,一定会,"大漆书签,大件漆艺摆件",小众艺术轻奢风,完全接受，更有特色,"工艺质感,实用性",较高,单品简约款,喜欢,经典黑金红传统色,愿意,"节日礼物,同学朋友送礼",会，非常加分,"价格虚高,款式同质化严重",20元以内,50元以内,不太接受,一定会买,会驻足了解,"校园市集,线上店铺",大幅提升,可能复购,"高颜值产品实拍图,优惠活动福利","礼盒套装类,桌面摆件类",无所谓,建议多做短视频展示制作过程，并在线下市集提供体验。
daqi-answer-323,2026-08-15T11:46:00+08:00,女,40岁以上,在校学生,2000-3500元,非常喜欢,每月1次,"收藏爱好,市集/展会随手购买",校园市集,非常了解,兴趣较低,非遗文化底蕴,"款式老旧,适合收藏送礼",非常愿意,支持,"适配日常使用,提升包装质感",一定会,大漆漆扇,简约现代风,可以接受,颜值外观,极高,组合套装礼盒,非常喜欢,莫兰迪浅色系,随缘,师生赠礼,略有影响,"华而不实无实用性,包装简陋",20元以内,80-120元,完全愿意,大概率会,不会关注,"文创展会,线下实体店",小幅提升,一定会复购,"市集线下体验,非遗文化科普",文具类,非常认可，环保创新,包装可以更精致，同时附上简明的非遗文化说明卡。
daqi-answer-324,2026-08-16T12:59:00+08:00,男,18岁以下,自由职业,1000元以内,比较喜欢,季度1-2次,日常自用,"短视频平台,校园市集",略有耳闻,非常感兴趣,"手工工艺独特,小众不撞款","价格昂贵,适合收藏送礼",愿意,强烈支持,"降低价格,加强科普宣传",不确定,"大件漆艺摆件,文创套装礼盒",传统国风古风,非常介意,"价格性价比,独特小众性",极高,单品简约款,喜欢,撞色潮流色系,非常愿意,"同学朋友送礼,师生赠礼",会，非常加分,包装简陋,40-60元,50元以内,可以接受小幅溢价,基本不会,一定会了解购买,线上店铺,大幅提升,可能复购,工艺制作短视频,"配饰挂件类,礼盒套装类",比较认可,希望增加年轻化配色和小件礼盒，方便送礼和收藏。
daqi-answer-325,2026-08-17T13:12:00+08:00,女,23-30岁,在校学生,1000-2000元,一般,每月多次,"送礼纪念,日常自用","电商店铺,朋友推荐",非常了解,比较感兴趣,"非遗文化底蕴,小众不撞款",款式老旧,非常愿意,强烈支持,优化款式设计,一定会,"大漆书签,大漆钥匙扣",可爱治愈风,完全接受，更有特色,"文化寓意,工艺质感",一般,组合套装礼盒,无所谓,经典黑金红传统色,愿意,"节日礼物,纪念收藏",会，非常加分,"价格虚高,华而不实无实用性",20元以内,50-80元,完全不接受,一定会买,会驻足了解,"校园市集,社群团购",小幅提升,不确定,"高颜值产品实拍图,市集线下体验","文具类,礼盒套装类",非常认可，环保创新,希望兼顾传统工艺和日常实用性，价格可以分档。
daqi-answer-326,2026-08-18T14:25:00+08:00,男,18岁以下,职场上班族,3500元以上,非常喜欢,每月1次,"活动奖品,市集/展会随手购买",文创展会,略有耳闻,非常感兴趣,手工工艺独特,"不适合日常使用,适合收藏送礼",非常愿意,中立,"加强科普宣传,提升包装质感",可能会,大漆漆扇,简约现代风,可以接受,颜值外观,极高,盲盒款式,非常喜欢,莫兰迪浅色系,非常愿意,纪念收藏,无影响,"款式同质化严重,包装简陋",20-40元,120元以上,完全愿意,大概率会,一定会了解购买,"线下实体店,文创展会",无变化,一定会复购,"工艺制作短视频,市集线下体验",配饰挂件类,非常认可，环保创新,建议多做短视频展示制作过程，并在线下市集提供体验。
daqi-answer-327,2026-08-19T15:38:00+08:00,男,18-22岁,自由职业,1000元以内,比较喜欢,半年一次,日常自用,"短视频平台,线下实体店",完全没听过,比较感兴趣,"色泽质感高级,小众不撞款","价格昂贵,工艺精致",无所谓,强烈支持,"降低价格,适配日常使用",基本不会,"大漆书签,文创套装礼盒",传统国风古风,完全接受，更有特色,"价格性价比,文化寓意",较高,单品简约款,喜欢,经典黑金红传统色,非常愿意,"同学朋友送礼,节日礼物",会，非常加分,价格虚高,60元以上,50元以内,可以接受小幅溢价,一定会买,会驻足了解,线上店铺,大幅提升,可能复购,高颜值产品实拍图,"桌面摆件类,礼盒套装类",无所谓,包装可以更精致，同时附上简明的非遗文化说明卡。
daqi-answer-328,2026-08-20T16:51:00+08:00,男,23-30岁,在校学生,1000-2000元,不太喜欢,每月多次,"送礼纪念,市集/展会随手购买","电商店铺,校园市集",非常了解,一般,"非遗文化底蕴,国风颜值高",款式老旧,非常愿意,支持,优化款式设计,一定会,"大漆书签,大漆漆扇",简约现代风,可以接受,"独特小众性,工艺质感",一般,组合套装礼盒,非常喜欢,经典黑金红传统色,随缘,"师生赠礼,纪念收藏",略有影响,"华而不实无实用性,价格虚高",20元以内,50-80元,完全愿意,大概率会,随缘,"校园市集,线下实体店",小幅提升,一定会复购,"非遗文化科普,市集线下体验","文具类,桌面摆件类",非常认可，环保创新,希望增加年轻化配色和小件礼盒，方便送礼和收藏。
daqi-answer-329,2026-08-21T17:04:00+08:00,男,18岁以下,职场上班族,1000元以内,非常喜欢,每月1次,"日常自用,市集/展会随手购买",线下实体店,完全没听过,非常感兴趣,手工工艺独特,"工艺精致,适合收藏送礼",愿意,不支持,"降低价格,提升包装质感",可能会,大漆钥匙扣,传统国风古风,介意，追求完美品,颜值外观,极高,单品简约款,非常喜欢,撞色潮流色系,非常愿意,同学朋友送礼,不在意,"款式同质化严重,做工粗糙",20-40元,50元以内,可以接受小幅溢价,看价格款式决定,一定会了解购买,"线上店铺,线下实体店",大幅提升,一定会复购,"工艺制作短视频,非遗文化科普",配饰挂件类,比较认可,希望兼顾传统工艺和日常实用性，价格可以分档。
daqi-answer-330,2026-08-22T18:17:00+08:00,男,18-22岁,个体经营者,1000-2000元,比较喜欢,每月多次,送礼纪念,"短视频平台,文创展会",非常了解,比较感兴趣,"国风颜值高,小众不撞款","价格昂贵,不适合日常使用",不愿意,强烈支持,"降低价格,优化款式设计",一定会,"大漆书签,大件漆艺摆件",小众艺术轻奢风,完全接受，更有特色,"工艺质感,价格性价比",较高,单品简约款,无所谓,经典黑金红传统色,愿意,"节日礼物,同学朋友送礼",会，非常加分,价格虚高,20元以内,50-80元,不太接受,一定会买,会驻足了解,校园市集,大幅提升,不确定,高颜值产品实拍图,"礼盒套装类,桌面摆件类",不认可,建议多做短视频展示制作过程，并在线下市集提供体验。
daqi-answer-331,2026-08-23T09:30:00+08:00,男,31-40岁,在校学生,2000-3500元,非常喜欢,每月1次,"收藏爱好,市集/展会随手购买","校园市集,短视频平台",略有耳闻,兴趣较低,"非遗文化底蕴,色泽质感高级",款式老旧,非常愿意,支持,适配日常使用,可能会,"大漆漆扇,大漆书签",简约现代风,可以接受,"颜值外观,价格性价比",不看重,盲盒款式,非常喜欢,莫兰迪浅色系,不愿意,"师生赠礼,商务小礼品",略有影响,"华而不实无实用性,包装简陋",20-40元,80-120元,完全愿意,大概率会,一定会了解购买,"文创展会,线下实体店",无变化,一定会复购,"市集线下体验,非遗文化科普","文具类,配饰挂件类",非常认可，环保创新,包装可以更精致，同时附上简明的非遗文化说明卡。
daqi-answer-332,2026-08-24T10:43:00+08:00,女,18岁以下,职场上班族,1000元以内,比较喜欢,季度1-2次,"日常自用,活动奖品",短视频平台,非常了解,非常感兴趣,手工工艺独特,"价格昂贵,适合收藏送礼",愿意,强烈支持,"降低价格,加强科普宣传",不确定,大漆钥匙扣,传统国风古风,完全接受，更有特色,价格性价比,极高,单品简约款,喜欢,自然原木底色,非常愿意,同学朋友送礼,会，非常加分,"做工粗糙,款式同质化严重",40-60元,50元以内,可以接受小幅溢价,一定会买,一定会了解购买,"线上店铺,文创展会",大幅提升,可能复购,"工艺制作短视频,高颜值产品实拍图",配饰挂件类,比较认可,希望增加年轻化配色和小件礼盒，方便送礼和收藏。
daqi-answer-333,2026-08-25T11:56:00+08:00,男,18-22岁,在校学生,1000-2000元,一般,每月多次,送礼纪念,"电商店铺,校园市集",略有耳闻,比较感兴趣,"非遗文化底蕴,小众不撞款","价格昂贵,款式老旧",非常愿意,支持,"优化款式设计,降低价格",一定会,"大漆书签,大漆钥匙扣",简约现代风,完全接受，更有特色,"工艺质感,独特小众性",一般,组合套装礼盒,不喜欢,经典黑金红传统色,愿意,"节日礼物,纪念收藏",略有影响,价格虚高,20元以内,50-80元,完全愿意,一定会买,随缘,校园市集,小幅提升,不会复购,高颜值产品实拍图,"文具类,礼盒套装类",非常认可，环保创新,希望兼顾传统工艺和日常实用性，价格可以分档。
daqi-answer-334,2026-08-26T12:09:00+08:00,女,18岁以下,职场上班族,1000元以内,非常喜欢,每月1次,"活动奖品,市集/展会随手购买","校园市集,朋友推荐",完全没听过,非常感兴趣,"非遗文化底蕴,手工工艺独特",不适合日常使用,愿意,中立,适配日常使用,可能会,"大漆漆扇,文创套装礼盒",简约现代风,介意，追求完美品,"颜值外观,实用性",极高,定制专属款,非常喜欢,莫兰迪浅色系,非常愿意,"商务小礼品,师生赠礼",无影响,"华而不实无实用性,做工粗糙",20-40元,50元以内,完全愿意,看价格款式决定,一定会了解购买,"线下实体店,文创展会",反而降低,一定会复购,"工艺制作短视频,市集线下体验","文具类,定制专属类",比较认可,建议多做短视频展示制作过程，并在线下市集提供体验。
daqi-answer-335,2026-08-27T13:22:00+08:00,男,18-22岁,自由职业,1000元以内,比较喜欢,半年一次,"日常自用,收藏爱好",短视频平台,非常了解,非常感兴趣,色泽质感高级,"价格昂贵,工艺精致",无所谓,强烈支持,"降低价格,适配日常使用",一定会,文创套装礼盒,小众艺术轻奢风,完全接受，更有特色,价格性价比,较高,单品简约款,喜欢,经典黑金红传统色,愿意,同学朋友送礼,会，非常加分,"价格虚高,做工粗糙",20元以内,50元以内,不太接受,一定会买,会驻足了解,"线上店铺,校园市集",大幅提升,可能复购,"工艺制作短视频,优惠活动福利",桌面摆件类,无所谓,包装可以更精致，同时附上简明的非遗文化说明卡。
daqi-answer-336,2026-08-28T14:35:00+08:00,女,23-30岁,在校学生,2000-3500元,不太喜欢,每月多次,送礼纪念,"电商店铺,线下实体店",略有耳闻,一般,"非遗文化底蕴,国风颜值高","款式老旧,价格昂贵",非常愿意,支持,"优化款式设计,提升包装质感",一定会,"大漆书签,大漆漆扇",简约现代风,可以接受,"文化寓意,实用性",一般,组合套装礼盒,非常喜欢,莫兰迪浅色系,随缘,"节日礼物,商务小礼品",略有影响,华而不实无实用性,20元以内,80-120元,完全愿意,大概率会,不会关注,校园市集,小幅提升,一定会复购,非遗文化科普,"文具类,桌面摆件类",非常认可，环保创新,希望增加年轻化配色和小件礼盒，方便送礼和收藏。
daqi-answer-337,2026-08-01T15:48:00+08:00,男,18岁以下,职场上班族,1000元以内,非常喜欢,每月1次,"日常自用,市集/展会随手购买","文创展会,校园市集",非常了解,非常感兴趣,"手工工艺独特,非遗文化底蕴",不适合日常使用,愿意,强烈支持,提升包装质感,不确定,"大漆钥匙扣,文创套装礼盒",传统国风古风,非常介意,"颜值外观,工艺质感",极高,单品简约款,喜欢,撞色潮流色系,非常愿意,"同学朋友送礼,商务小礼品",会，非常加分,"款式同质化严重,做工粗糙",40-60元,50元以内,可以接受小幅溢价,基本不会,一定会了解购买,"线上店铺,线下实体店",大幅提升,可能复购,"工艺制作短视频,非遗文化科普","配饰挂件类,定制专属类",比较认可,希望兼顾传统工艺和日常实用性，价格可以分档。
daqi-answer-338,2026-08-02T16:01:00+08:00,女,18-22岁,个体经营者,1000-2000元,比较喜欢,每月多次,"日常自用,送礼纪念",短视频平台,略有耳闻,比较感兴趣,色泽质感高级,"价格昂贵,不适合日常使用",非常愿意,强烈支持,"降低价格,优化款式设计",一定会,大漆书签,可爱治愈风,完全接受，更有特色,价格性价比,较高,组合套装礼盒,无所谓,经典黑金红传统色,愿意,节日礼物,会，非常加分,"价格虚高,款式同质化严重",20元以内,50-80元,完全不接受,一定会买,会驻足了解,"线上店铺,社群团购",小幅提升,不确定,"高颜值产品实拍图,优惠活动福利",桌面摆件类,非常认可，环保创新,建议多做短视频展示制作过程，并在线下市集提供体验。
daqi-answer-339,2026-08-03T17:14:00+08:00,男,31-40岁,在校学生,3500元以上,非常喜欢,每月多次,收藏爱好,"电商店铺,文创展会",非常了解,一般,"非遗文化底蕴,色泽质感高级","款式老旧,适合收藏送礼",非常愿意,中立,"适配日常使用,提升包装质感",可能会,"大漆漆扇,大漆书签",简约现代风,可以接受,"实用性,工艺质感",较低,盲盒款式,非常喜欢,莫兰迪浅色系,非常愿意,"师生赠礼,商务小礼品",无影响,华而不实无实用性,20-40元,120元以上,完全愿意,大概率会,一定会了解购买,文创展会,无变化,一定会复购,非遗文化科普,"文具类,配饰挂件类",非常认可，环保创新,包装可以更精致，同时附上简明的非遗文化说明卡。
daqi-answer-340,2026-08-04T18:27:00+08:00,女,18岁以下,职场上班族,1000元以内,非常喜欢,季度1-2次,"日常自用,活动奖品","线下实体店,校园市集",非常了解,非常感兴趣,"手工工艺独特,小众不撞款",适合收藏送礼,无所谓,强烈支持,降低价格,基本不会,"大漆钥匙扣,大件漆艺摆件",传统国风古风,完全接受，更有特色,"颜值外观,独特小众性",极高,单品简约款,喜欢,经典黑金红传统色,非常愿意,"同学朋友送礼,师生赠礼",会，非常加分,"做工粗糙,款式同质化严重",60元以上,50元以内,可以接受小幅溢价,一定会买,会驻足了解,"线上店铺,文创展会",大幅提升,可能复购,"工艺制作短视频,高颜值产品实拍图","配饰挂件类,礼盒套装类",无所谓,希望增加年轻化配色和小件礼盒，方便送礼和收藏。
daqi-answer-341,2026-08-05T09:40:00+08:00,男,18-22岁,在校学生,1000-2000元,一般,每月多次,"送礼纪念,日常自用",短视频平台,完全没听过,比较感兴趣,小众不撞款,"价格昂贵,款式老旧",非常愿意,支持,"优化款式设计,降低价格",一定会,大漆书签,简约现代风,可以接受,工艺质感,较高,组合套装礼盒,非常喜欢,经典黑金红传统色,随缘,节日礼物,略有影响,"价格虚高,华而不实无实用性",20元以内,50-80元,完全愿意,大概率会,随缘,"校园市集,社群团购",小幅提升,一定会复购,"高颜值产品实拍图,市集线下体验",定制专属类,非常认可，环保创新,希望兼顾传统工艺和日常实用性，价格可以分档。
daqi-answer-342,2026-08-06T10:53:00+08:00,女,18岁以下,在校学生,1000元以内,非常喜欢,每月1次,收藏爱好,"校园市集,电商店铺",非常了解,毫无兴趣,"非遗文化底蕴,手工工艺独特","不适合日常使用,适合收藏送礼",愿意,不支持,"适配日常使用,加强科普宣传",可能会,"大漆漆扇,文创套装礼盒",传统国风古风,介意，追求完美品,"颜值外观,工艺质感",极高,单品简约款,非常喜欢,撞色潮流色系,非常愿意,"商务小礼品,师生赠礼",不在意,华而不实无实用性,20-40元,50元以内,可以接受小幅溢价,看价格款式决定,一定会了解购买,文创展会,大幅提升,一定会复购,优惠活动福利,"文具类,定制专属类",比较认可,建议多做短视频展示制作过程，并在线下市集提供体验。
daqi-answer-343,2026-08-07T11:06:00+08:00,男,18岁以下,自由职业,1000-2000元,比较喜欢,季度1-2次,"日常自用,收藏爱好","短视频平台,电商店铺",略有耳闻,非常感兴趣,"色泽质感高级,小众不撞款",价格昂贵,不愿意,强烈支持,降低价格,一定会,"大件漆艺摆件,大漆钥匙扣",小众艺术轻奢风,完全接受，更有特色,"价格性价比,实用性",较高,单品简约款,无所谓,经典黑金红传统色,愿意,"同学朋友送礼,节日礼物",会，非常加分,"价格虚高,做工粗糙",20元以内,50-80元,不太接受,一定会买,会驻足了解,"线上店铺,校园市集",大幅提升,不确定,"工艺制作短视频,优惠活动福利","桌面摆件类,礼盒套装类",不认可,包装可以更精致，同时附上简明的非遗文化说明卡。
daqi-answer-344,2026-08-08T12:19:00+08:00,女,23-30岁,在校学生,2000-3500元,一般,每月多次,"送礼纪念,市集/展会随手购买",电商店铺,非常了解,一般,非遗文化底蕴,"款式老旧,价格昂贵",非常愿意,支持,"优化款式设计,提升包装质感",可能会,大漆书签,简约现代风,可以接受,工艺质感,一般,盲盒款式,非常喜欢,莫兰迪浅色系,不愿意,节日礼物,略有影响,"价格虚高,包装简陋",20-40元,80-120元,完全愿意,大概率会,一定会了解购买,"校园市集,线下实体店",无变化,一定会复购,"非遗文化科普,市集线下体验",文具类,非常认可，环保创新,希望增加年轻化配色和小件礼盒，方便送礼和收藏。
daqi-answer-345,2026-08-09T13:32:00+08:00,男,18岁以下,职场上班族,1000元以内,非常喜欢,每月1次,市集/展会随手购买,"校园市集,线下实体店",略有耳闻,非常感兴趣,"手工工艺独特,非遗文化底蕴","不适合日常使用,工艺精致",愿意,强烈支持,"加强科普宣传,适配日常使用",不确定,"大漆漆扇,大件漆艺摆件",传统国风古风,完全接受，更有特色,"颜值外观,独特小众性",极高,单品简约款,喜欢,自然原木底色,非常愿意,"同学朋友送礼,商务小礼品",会，非常加分,款式同质化严重,40-60元,50元以内,可以接受小幅溢价,一定会买,一定会了解购买,社群团购,大幅提升,可能复购,工艺制作短视频,"配饰挂件类,定制专属类",无所谓,希望兼顾传统工艺和日常实用性，价格可以分档。
daqi-answer-346,2026-08-10T14:45:00+08:00,男,18-22岁,自由职业,1000-2000元,比较喜欢,几乎不买,"日常自用,送礼纪念","短视频平台,朋友推荐",完全没听过,比较感兴趣,"色泽质感高级,国风颜值高",价格昂贵,非常愿意,支持,降低价格,一定会,"大漆书签,大件漆艺摆件",简约现代风,完全接受，更有特色,"价格性价比,工艺质感",较高,组合套装礼盒,不喜欢,经典黑金红传统色,愿意,"同学朋友送礼,纪念收藏",略有影响,"价格虚高,款式同质化严重",20元以内,50-80元,完全愿意,一定会买,随缘,"线上店铺,社群团购",小幅提升,不会复购,"高颜值产品实拍图,优惠活动福利","桌面摆件类,配饰挂件类",非常认可，环保创新,建议多做短视频展示制作过程，并在线下市集提供体验。
daqi-answer-347,2026-08-11T15:58:00+08:00,男,23-30岁,在校学生,1000元以内,完全不感兴趣,每月多次,"收藏爱好,市集/展会随手购买",电商店铺,非常了解,一般,非遗文化底蕴,"款式老旧,适合收藏送礼",愿意,中立,"优化款式设计,加强科普宣传",可能会,大漆漆扇,简约现代风,介意，追求完美品,文化寓意,较低,定制专属款,非常喜欢,莫兰迪浅色系,非常愿意,师生赠礼,无影响,"华而不实无实用性,包装简陋",20-40元,50元以内,完全愿意,看价格款式决定,一定会了解购买,"文创展会,线下实体店",反而降低,一定会复购,"非遗文化科普,高颜值产品实拍图",文具类,比较认可,包装可以更精致，同时附上简明的非遗文化说明卡。
daqi-answer-348,2026-08-12T16:11:00+08:00,男,18岁以下,职场上班族,1000元以内,非常喜欢,季度1-2次,日常自用,"文创展会,朋友推荐",完全没听过,非常感兴趣,"手工工艺独特,小众不撞款","工艺精致,不适合日常使用",无所谓,强烈支持,"降低价格,加强科普宣传",一定会,"大漆钥匙扣,大件漆艺摆件",小众艺术轻奢风,完全接受，更有特色,"颜值外观,文化寓意",极高,单品简约款,喜欢,经典黑金红传统色,愿意,"同学朋友送礼,师生赠礼",会，非常加分,款式同质化严重,20元以内,50元以内,不太接受,一定会买,会驻足了解,线上店铺,大幅提升,不确定,工艺制作短视频,"配饰挂件类,礼盒套装类",无所谓,希望增加年轻化配色和小件礼盒，方便送礼和收藏。
daqi-answer-349,2026-08-13T17:24:00+08:00,女,18-22岁,其他,2000-3500元,一般,每月多次,"送礼纪念,日常自用","短视频平台,校园市集",非常了解,比较感兴趣,"国风颜值高,色泽质感高级",价格昂贵,非常愿意,支持,优化款式设计,一定会,"大漆书签,大漆钥匙扣",简约现代风,可以接受,"价格性价比,独特小众性",较高,组合套装礼盒,非常喜欢,莫兰迪浅色系,随缘,"节日礼物,纪念收藏",略有影响,"价格虚高,华而不实无实用性",20元以内,80-120元,完全愿意,大概率会,不会关注,"校园市集,社群团购",无变化,一定会复购,"高颜值产品实拍图,市集线下体验","礼盒套装类,配饰挂件类",非常认可，环保创新,希望兼顾传统工艺和日常实用性，价格可以分档。
daqi-answer-350,2026-08-14T18:37:00+08:00,男,40岁以上,在校学生,1000元以内,非常喜欢,每月1次,"收藏爱好,活动奖品",电商店铺,略有耳闻,兴趣较低,非遗文化底蕴,"款式老旧,工艺精致",愿意,强烈支持,"适配日常使用,加强科普宣传",不确定,大漆漆扇,传统国风古风,非常介意,实用性,极高,单品简约款,喜欢,撞色潮流色系,非常愿意,师生赠礼,会，非常加分,"华而不实无实用性,做工粗糙",40-60元,50元以内,可以接受小幅溢价,基本不会,一定会了解购买,"文创展会,校园市集",大幅提升,可能复购,"市集线下体验,高颜值产品实拍图",文具类,比较认可,建议多做短视频展示制作过程，并在线下市集提供体验。
daqi-answer-351,2026-08-15T09:50:00+08:00,女,18岁以下,自由职业,1000-2000元,比较喜欢,季度1-2次,日常自用,"朋友推荐,校园市集",非常了解,非常感兴趣,"手工工艺独特,国风颜值高","价格昂贵,工艺精致",非常愿意,强烈支持,"降低价格,适配日常使用",一定会,"大件漆艺摆件,大漆钥匙扣",可爱治愈风,完全接受，更有特色,"颜值外观,价格性价比",极高,组合套装礼盒,无所谓,经典黑金红传统色,愿意,"同学朋友送礼,节日礼物",会，非常加分,包装简陋,20元以内,50-80元,完全不接受,一定会买,随缘,线上店铺,小幅提升,不确定,工艺制作短视频,"配饰挂件类,桌面摆件类",非常认可，环保创新,包装可以更精致，同时附上简明的非遗文化说明卡。
daqi-answer-352,2026-08-16T10:03:00+08:00,男,23-30岁,在校学生,3500元以上,一般,每月多次,"送礼纪念,市集/展会随手购买","短视频平台,线下实体店",略有耳闻,比较感兴趣,"非遗文化底蕴,国风颜值高",款式老旧,非常愿意,中立,优化款式设计,可能会,"大漆书签,大漆漆扇",简约现代风,可以接受,"工艺质感,实用性",一般,盲盒款式,非常喜欢,莫兰迪浅色系,非常愿意,"节日礼物,商务小礼品",无影响,"价格虚高,包装简陋",20-40元,120元以上,完全愿意,看价格款式决定,一定会了解购买,"校园市集,线下实体店",无变化,一定会复购,"高颜值产品实拍图,非遗文化科普","文具类,桌面摆件类",非常认可，环保创新,希望增加年轻化配色和小件礼盒，方便送礼和收藏。
daqi-answer-353,2026-08-17T11:16:00+08:00,女,18岁以下,职场上班族,1000元以内,非常喜欢,每月1次,"活动奖品,收藏爱好",校园市集,完全没听过,非常感兴趣,手工工艺独特,"不适合日常使用,工艺精致",无所谓,强烈支持,"加强科普宣传,适配日常使用",基本不会,大漆漆扇,传统国风古风,完全接受，更有特色,颜值外观,极高,单品简约款,喜欢,经典黑金红传统色,非常愿意,纪念收藏,会，非常加分,"款式同质化严重,做工粗糙",60元以上,50元以内,不太接受,一定会买,会驻足了解,"线下实体店,校园市集",大幅提升,可能复购,"工艺制作短视频,非遗文化科普",文具类,无所谓,希望兼顾传统工艺和日常实用性，价格可以分档。
daqi-answer-354,2026-08-18T12:29:00+08:00,男,18-22岁,自由职业,1000-2000元,比较喜欢,半年一次,日常自用,"短视频平台,校园市集",非常了解,比较感兴趣,"色泽质感高级,国风颜值高","价格昂贵,不适合日常使用",非常愿意,支持,"降低价格,优化款式设计",一定会,"大漆书签,大件漆艺摆件",简约现代风,可以接受,"价格性价比,独特小众性",较高,组合套装礼盒,非常喜欢,经典黑金红传统色,随缘,"同学朋友送礼,纪念收藏",略有影响,价格虚高,20元以内,80-120元,完全愿意,大概率会,随缘,线上店铺,小幅提升,一定会复购,工艺制作短视频,"桌面摆件类,配饰挂件类",非常认可，环保创新,建议多做短视频展示制作过程，并在线下市集提供体验。
daqi-answer-355,2026-08-19T13:42:00+08:00,女,23-30岁,在校学生,1000元以内,不太喜欢,每月多次,"送礼纪念,活动奖品","电商店铺,朋友推荐",略有耳闻,一般,"非遗文化底蕴,色泽质感高级",款式老旧,愿意,不支持,优化款式设计,可能会,"大漆书签,文创套装礼盒",传统国风古风,介意，追求完美品,"工艺质感,价格性价比",一般,单品简约款,非常喜欢,撞色潮流色系,非常愿意,"师生赠礼,商务小礼品",不在意,"华而不实无实用性,包装简陋",40-60元,50元以内,可以接受小幅溢价,看价格款式决定,一定会了解购买,"校园市集,文创展会",大幅提升,一定会复购,"非遗文化科普,高颜值产品实拍图","文具类,配饰挂件类",比较认可,包装可以更精致，同时附上简明的非遗文化说明卡。
daqi-answer-356,2026-08-20T14:55:00+08:00,男,18岁以下,职场上班族,1000-2000元,非常喜欢,每月1次,"日常自用,活动奖品",校园市集,非常了解,非常感兴趣,手工工艺独特,"工艺精致,不适合日常使用",不愿意,强烈支持,"降低价格,加强科普宣传",一定会,大漆钥匙扣,小众艺术轻奢风,完全接受，更有特色,颜值外观,极高,单品简约款,无所谓,经典黑金红传统色,愿意,同学朋友送礼,会，非常加分,"款式同质化严重,华而不实无实用性",20元以内,50-80元,不太接受,一定会买,会驻足了解,"线上店铺,文创展会",大幅提升,不确定,"工艺制作短视频,高颜值产品实拍图",配饰挂件类,不认可,希望增加年轻化配色和小件礼盒，方便送礼和收藏。
daqi-answer-357,2026-08-21T15:08:00+08:00,女,18-22岁,个体经营者,2000-3500元,比较喜欢,每月多次,送礼纪念,"短视频平台,线下实体店",略有耳闻,比较感兴趣,"国风颜值高,色泽质感高级","价格昂贵,款式老旧",非常愿意,支持,"降低价格,提升包装质感",可能会,"大漆书签,大漆钥匙扣",简约现代风,可以接受,"价格性价比,文化寓意",较高,盲盒款式,非常喜欢,莫兰迪浅色系,不愿意,"节日礼物,纪念收藏",无影响,价格虚高,20-40元,80-120元,完全愿意,大概率会,一定会了解购买,线上店铺,无变化,一定会复购,高颜值产品实拍图,"礼盒套装类,配饰挂件类",非常认可，环保创新,希望兼顾传统工艺和日常实用性，价格可以分档。
daqi-answer-358,2026-08-22T16:21:00+08:00,男,31-40岁,在校学生,1000元以内,非常喜欢,每月1次,"收藏爱好,活动奖品","电商店铺,校园市集",非常了解,兴趣较低,"非遗文化底蕴,手工工艺独特",款式老旧,愿意,强烈支持,适配日常使用,不确定,"大漆漆扇,文创套装礼盒",传统国风古风,完全接受，更有特色,"文化寓意,颜值外观",不看重,单品简约款,喜欢,自然原木底色,非常愿意,"师生赠礼,节日礼物",会，非常加分,"华而不实无实用性,做工粗糙",40-60元,50元以内,可以接受小幅溢价,一定会买,一定会了解购买,"文创展会,校园市集",大幅提升,可能复购,"市集线下体验,高颜值产品实拍图","文具类,定制专属类",无所谓,建议多做短视频展示制作过程，并在线下市集提供体验。
daqi-answer-359,2026-08-23T17:34:00+08:00,女,18岁以下,职场上班族,1000-2000元,比较喜欢,季度1-2次,"日常自用,收藏爱好",文创展会,非常了解,非常感兴趣,手工工艺独特,"价格昂贵,工艺精致",非常愿意,支持,"降低价格,适配日常使用",一定会,大漆钥匙扣,简约现代风,完全接受，更有特色,颜值外观,极高,组合套装礼盒,不喜欢,经典黑金红传统色,随缘,同学朋友送礼,略有影响,"做工粗糙,华而不实无实用性",20元以内,50-80元,完全愿意,一定会买,随缘,"线上店铺,校园市集",小幅提升,不会复购,"工艺制作短视频,优惠活动福利",配饰挂件类,非常认可，环保创新,包装可以更精致，同时附上简明的非遗文化说明卡。
daqi-answer-360,2026-08-24T18:47:00+08:00,男,18-22岁,在校学生,1000元以内,一般,每月多次,送礼纪念,"短视频平台,文创展会",完全没听过,比较感兴趣,"非遗文化底蕴,国风颜值高","价格昂贵,适合收藏送礼",愿意,中立,"优化款式设计,提升包装质感",可能会,"大漆书签,大漆漆扇",简约现代风,介意，追求完美品,"价格性价比,颜值外观",一般,定制专属款,非常喜欢,撞色潮流色系,非常愿意,"节日礼物,商务小礼品",无影响,价格虚高,20-40元,50元以内,完全愿意,看价格款式决定,一定会了解购买,校园市集,反而降低,一定会复购,高颜值产品实拍图,"文具类,桌面摆件类",比较认可,希望增加年轻化配色和小件礼盒，方便送礼和收藏。
daqi-answer-361,2026-08-25T09:00:00+08:00,女,18岁以下,职场上班族,1000元以内,非常喜欢,每月1次,"活动奖品,收藏爱好","电商店铺,线下实体店",非常了解,非常感兴趣,"非遗文化底蕴,小众不撞款",不适合日常使用,无所谓,强烈支持,适配日常使用,一定会,"大漆漆扇,大件漆艺摆件",小众艺术轻奢风,完全接受，更有特色,"实用性,独特小众性",极高,单品简约款,无所谓,经典黑金红传统色,愿意,"商务小礼品,节日礼物",会，非常加分,"华而不实无实用性,款式同质化严重",20元以内,50元以内,不太接受,一定会买,会驻足了解,"线下实体店,校园市集",大幅提升,不确定,"工艺制作短视频,非遗文化科普","文具类,礼盒套装类",无所谓,希望兼顾传统工艺和日常实用性，价格可以分档。
daqi-answer-362,2026-08-26T10:13:00+08:00,男,18-22岁,自由职业,2000-3500元,比较喜欢,半年一次,"日常自用,送礼纪念",朋友推荐,略有耳闻,非常感兴趣,色泽质感高级,"价格昂贵,不适合日常使用",非常愿意,支持,"降低价格,优化款式设计",一定会,文创套装礼盒,简约现代风,可以接受,颜值外观,较高,盲盒款式,非常喜欢,莫兰迪浅色系,随缘,同学朋友送礼,略有影响,"价格虚高,款式同质化严重",20元以内,80-120元,完全愿意,大概率会,不会关注,"线上店铺,社群团购",无变化,一定会复购,"工艺制作短视频,市集线下体验",桌面摆件类,非常认可，环保创新,建议多做短视频展示制作过程，并在线下市集提供体验。
daqi-answer-363,2026-08-27T11:26:00+08:00,男,23-30岁,在校学生,1000元以内,不太喜欢,每月多次,送礼纪念,"短视频平台,电商店铺",非常了解,一般,"非遗文化底蕴,色泽质感高级","款式老旧,适合收藏送礼",愿意,强烈支持,"优化款式设计,加强科普宣传",不确定,"大漆书签,文创套装礼盒",传统国风古风,非常介意,"价格性价比,实用性",一般,单品简约款,喜欢,撞色潮流色系,非常愿意,"节日礼物,师生赠礼",会，非常加分,价格虚高,40-60元,50元以内,可以接受小幅溢价,基本不会,一定会了解购买,校园市集,大幅提升,可能复购,非遗文化科普,"文具类,配饰挂件类",比较认可,包装可以更精致，同时附上简明的非遗文化说明卡。
daqi-answer-364,2026-08-28T12:39:00+08:00,男,18岁以下,职场上班族,1000-2000元,非常喜欢,每月1次,"日常自用,活动奖品","校园市集,朋友推荐",略有耳闻,非常感兴趣,"手工工艺独特,小众不撞款",不适合日常使用,非常愿意,强烈支持,提升包装质感,一定会,"大漆钥匙扣,大件漆艺摆件",可爱治愈风,完全接受，更有特色,"颜值外观,实用性",极高,组合套装礼盒,无所谓,经典黑金红传统色,愿意,"同学朋友送礼,师生赠礼",会，非常加分,"款式同质化严重,华而不实无实用性",20元以内,50-80元,完全不接受,一定会买,随缘,"线上店铺,文创展会",小幅提升,不确定,"工艺制作短视频,高颜值产品实拍图","配饰挂件类,礼盒套装类",非常认可，环保创新,希望增加年轻化配色和小件礼盒，方便送礼和收藏。
daqi-answer-365,2026-08-01T13:52:00+08:00,男,18-22岁,个体经营者,3500元以上,比较喜欢,每月多次,"日常自用,市集/展会随手购买",短视频平台,完全没听过,比较感兴趣,色泽质感高级,"价格昂贵,款式老旧",非常愿意,中立,"降低价格,提升包装质感",可能会,大漆书签,简约现代风,介意，追求完美品,颜值外观,较高,盲盒款式,非常喜欢,莫兰迪浅色系,非常愿意,同学朋友送礼,无影响,"价格虚高,华而不实无实用性",20-40元,120元以上,完全愿意,看价格款式决定,一定会了解购买,"线上店铺,线下实体店",无变化,一定会复购,"高颜值产品实拍图,市集线下体验",桌面摆件类,比较认可,希望兼顾传统工艺和日常实用性，价格可以分档。
daqi-answer-366,2026-08-02T14:05:00+08:00,女,31-40岁,在校学生,1000元以内,非常喜欢,每月多次,收藏爱好,"电商店铺,线下实体店",非常了解,一般,"非遗文化底蕴,手工工艺独特","款式老旧,工艺精致",无所谓,强烈支持,"适配日常使用,加强科普宣传",基本不会,"大漆漆扇,文创套装礼盒",小众艺术轻奢风,完全接受，更有特色,"工艺质感,文化寓意",较低,单品简约款,喜欢,经典黑金红传统色,非常愿意,"师生赠礼,节日礼物",会，非常加分,华而不实无实用性,60元以上,50元以内,不太接受,一定会买,会驻足了解,文创展会,大幅提升,可能复购,非遗文化科普,"文具类,定制专属类",无所谓,建议多做短视频展示制作过程，并在线下市集提供体验。
daqi-answer-367,2026-08-03T15:18:00+08:00,男,18岁以下,职场上班族,1000-2000元,非常喜欢,季度1-2次,"日常自用,收藏爱好","校园市集,电商店铺",完全没听过,非常感兴趣,"手工工艺独特,国风颜值高",适合收藏送礼,非常愿意,支持,降低价格,一定会,"大漆钥匙扣,大漆漆扇",简约现代风,可以接受,"颜值外观,工艺质感",极高,组合套装礼盒,非常喜欢,经典黑金红传统色,随缘,"同学朋友送礼,节日礼物",略有影响,"做工粗糙,华而不实无实用性",20元以内,80-120元,完全愿意,大概率会,随缘,"线上店铺,校园市集",小幅提升,一定会复购,"工艺制作短视频,优惠活动福利","配饰挂件类,桌面摆件类",非常认可，环保创新,包装可以更精致，同时附上简明的非遗文化说明卡。
daqi-answer-368,2026-08-04T16:31:00+08:00,女,18-22岁,在校学生,1000元以内,一般,每月多次,"送礼纪念,市集/展会随手购买",短视频平台,非常了解,比较感兴趣,小众不撞款,"价格昂贵,适合收藏送礼",愿意,不支持,"优化款式设计,提升包装质感",不确定,大漆书签,传统国风古风,介意，追求完美品,价格性价比,较高,单品简约款,非常喜欢,撞色潮流色系,非常愿意,节日礼物,不在意,"价格虚高,包装简陋",40-60元,50元以内,可以接受小幅溢价,看价格款式决定,一定会了解购买,"校园市集,线下实体店",大幅提升,可能复购,"高颜值产品实拍图,非遗文化科普",定制专属类,比较认可,希望增加年轻化配色和小件礼盒，方便送礼和收藏。
daqi-answer-369,2026-08-05T17:44:00+08:00,男,18岁以下,在校学生,1000-2000元,非常喜欢,每月1次,收藏爱好,"电商店铺,文创展会",略有耳闻,毫无兴趣,"非遗文化底蕴,小众不撞款","不适合日常使用,工艺精致",不愿意,强烈支持,"适配日常使用,优化款式设计",一定会,"大漆漆扇,大件漆艺摆件",小众艺术轻奢风,完全接受，更有特色,"工艺质感,颜值外观",极高,单品简约款,无所谓,经典黑金红传统色,愿意,"商务小礼品,节日礼物",会，非常加分,华而不实无实用性,20元以内,50-80元,不太接受,一定会买,会驻足了解,文创展会,小幅提升,不确定,优惠活动福利,"文具类,礼盒套装类",不认可,希望兼顾传统工艺和日常实用性，价格可以分档。
daqi-answer-370,2026-08-06T18:57:00+08:00,女,18岁以下,自由职业,2000-3500元,比较喜欢,季度1-2次,"日常自用,送礼纪念","文创展会,短视频平台",非常了解,非常感兴趣,"色泽质感高级,国风颜值高",价格昂贵,非常愿意,中立,降低价格,可能会,"大件漆艺摆件,大漆漆扇",简约现代风,可以接受,"颜值外观,独特小众性",极高,盲盒款式,非常喜欢,莫兰迪浅色系,不愿意,"同学朋友送礼,纪念收藏",无影响,"价格虚高,款式同质化严重",20-40元,80-120元,完全愿意,大概率会,一定会了解购买,"线上店铺,社群团购",无变化,一定会复购,"工艺制作短视频,市集线下体验","桌面摆件类,配饰挂件类",非常认可，环保创新,建议多做短视频展示制作过程，并在线下市集提供体验。
daqi-answer-371,2026-08-07T09:10:00+08:00,男,23-30岁,在校学生,1000元以内,一般,每月多次,"送礼纪念,活动奖品",短视频平台,略有耳闻,一般,非遗文化底蕴,"款式老旧,适合收藏送礼",无所谓,强烈支持,"优化款式设计,加强科普宣传",不确定,大漆书签,传统国风古风,完全接受，更有特色,价格性价比,一般,单品简约款,喜欢,自然原木底色,非常愿意,节日礼物,会，非常加分,"价格虚高,做工粗糙",40-60元,50元以内,可以接受小幅溢价,一定会买,会驻足了解,"校园市集,文创展会",大幅提升,可能复购,"非遗文化科普,高颜值产品实拍图",文具类,无所谓,包装可以更精致，同时附上简明的非遗文化说明卡。
daqi-answer-372,2026-08-08T10:23:00+08:00,女,18岁以下,职场上班族,1000-2000元,非常喜欢,每月1次,市集/展会随手购买,"电商店铺,短视频平台",完全没听过,非常感兴趣,"手工工艺独特,小众不撞款","不适合日常使用,款式老旧",非常愿意,支持,"加强科普宣传,优化款式设计",一定会,"大漆漆扇,大漆钥匙扣",简约现代风,完全接受，更有特色,"实用性,颜值外观",极高,组合套装礼盒,不喜欢,经典黑金红传统色,随缘,"同学朋友送礼,师生赠礼",略有影响,款式同质化严重,20元以内,50-80元,完全愿意,大概率会,随缘,社群团购,小幅提升,不会复购,工艺制作短视频,"配饰挂件类,礼盒套装类",非常认可，环保创新,希望增加年轻化配色和小件礼盒，方便送礼和收藏。
daqi-answer-373,2026-08-09T11:36:00+08:00,男,18-22岁,自由职业,1000元以内,比较喜欢,几乎不买,"日常自用,市集/展会随手购买","朋友推荐,线下实体店",非常了解,比较感兴趣,"色泽质感高级,手工工艺独特",价格昂贵,愿意,中立,降低价格,可能会,"大漆书签,大漆钥匙扣",简约现代风,介意，追求完美品,"颜值外观,文化寓意",较高,定制专属款,非常喜欢,撞色潮流色系,非常愿意,"同学朋友送礼,商务小礼品",无影响,"价格虚高,华而不实无实用性",20-40元,50元以内,可以接受小幅溢价,看价格款式决定,一定会了解购买,"线上店铺,线下实体店",反而降低,一定会复购,"高颜值产品实拍图,市集线下体验","桌面摆件类,文具类",比较认可,希望兼顾传统工艺和日常实用性，价格可以分档。
daqi-answer-374,2026-08-10T12:49:00+08:00,女,23-30岁,在校学生,1000元以内,完全不感兴趣,每月多次,"收藏爱好,活动奖品",短视频平台,略有耳闻,一般,非遗文化底蕴,"款式老旧,工艺精致",无所谓,强烈支持,"优化款式设计,适配日常使用",一定会,大漆书签,小众艺术轻奢风,完全接受，更有特色,价格性价比,较低,单品简约款,无所谓,经典黑金红传统色,愿意,师生赠礼,会，非常加分,"华而不实无实用性,做工粗糙",20元以内,50-80元,不太接受,一定会买,会驻足了解,"文创展会,校园市集",大幅提升,不确定,"非遗文化科普,工艺制作短视频",文具类,无所谓,建议多做短视频展示制作过程，并在线下市集提供体验。
daqi-answer-375,2026-08-11T13:02:00+08:00,男,18岁以下,职场上班族,2000-3500元,非常喜欢,季度1-2次,日常自用,"电商店铺,朋友推荐",非常了解,非常感兴趣,"手工工艺独特,国风颜值高","工艺精致,款式老旧",非常愿意,支持,"降低价格,适配日常使用",一定会,"大漆钥匙扣,大漆漆扇",简约现代风,可以接受,"颜值外观,独特小众性",极高,盲盒款式,非常喜欢,莫兰迪浅色系,随缘,"同学朋友送礼,节日礼物",略有影响,款式同质化严重,20-40元,80-120元,完全愿意,大概率会,不会关注,线上店铺,无变化,一定会复购,工艺制作短视频,"配饰挂件类,桌面摆件类",非常认可，环保创新,包装可以更精致，同时附上简明的非遗文化说明卡。
daqi-answer-376,2026-08-12T14:15:00+08:00,女,18-22岁,其他,1000元以内,一般,每月多次,"送礼纪念,市集/展会随手购买","短视频平台,朋友推荐",略有耳闻,比较感兴趣,"国风颜值高,手工工艺独特",价格昂贵,愿意,强烈支持,降低价格,不确定,"大漆书签,大漆漆扇",传统国风古风,非常介意,"颜值外观,价格性价比",较高,单品简约款,喜欢,撞色潮流色系,非常愿意,"节日礼物,商务小礼品",会，非常加分,"价格虚高,包装简陋",40-60元,50元以内,可以接受小幅溢价,基本不会,一定会了解购买,"校园市集,线下实体店",大幅提升,可能复购,"高颜值产品实拍图,非遗文化科普","礼盒套装类,文具类",比较认可,希望增加年轻化配色和小件礼盒，方便送礼和收藏。
daqi-answer-377,2026-08-13T15:28:00+08:00,男,40岁以上,在校学生,1000-2000元,非常喜欢,每月1次,"收藏爱好,送礼纪念",短视频平台,非常了解,兴趣较低,非遗文化底蕴,"款式老旧,不适合日常使用",非常愿意,强烈支持,"适配日常使用,优化款式设计",一定会,大漆漆扇,可爱治愈风,完全接受，更有特色,工艺质感,极高,组合套装礼盒,无所谓,经典黑金红传统色,愿意,师生赠礼,略有影响,"华而不实无实用性,款式同质化严重",20元以内,50-80元,完全不接受,一定会买,随缘,"文创展会,线上店铺",小幅提升,不确定,"市集线下体验,工艺制作短视频",文具类,非常认可，环保创新,希望兼顾传统工艺和日常实用性，价格可以分档。
daqi-answer-378,2026-08-14T16:41:00+08:00,女,18岁以下,自由职业,3500元以上,比较喜欢,季度1-2次,日常自用,"校园市集,文创展会",非常了解,非常感兴趣,"手工工艺独特,色泽质感高级","价格昂贵,不适合日常使用",非常愿意,中立,"降低价格,优化款式设计",可能会,"大件漆艺摆件,大漆漆扇",简约现代风,介意，追求完美品,"颜值外观,文化寓意",极高,盲盒款式,非常喜欢,莫兰迪浅色系,非常愿意,"同学朋友送礼,纪念收藏",无影响,包装简陋,20-40元,120元以上,完全愿意,看价格款式决定,一定会了解购买,线上店铺,无变化,一定会复购,工艺制作短视频,"配饰挂件类,文具类",比较认可,建议多做短视频展示制作过程，并在线下市集提供体验。
daqi-answer-379,2026-08-15T17:54:00+08:00,男,23-30岁,在校学生,1000元以内,一般,每月多次,"送礼纪念,活动奖品","短视频平台,校园市集",完全没听过,比较感兴趣,"非遗文化底蕴,色泽质感高级",价格昂贵,无所谓,强烈支持,优化款式设计,基本不会,"大漆书签,文创套装礼盒",小众艺术轻奢风,完全接受，更有特色,"价格性价比,独特小众性",一般,单品简约款,喜欢,经典黑金红传统色,愿意,"节日礼物,师生赠礼",会，非常加分,"价格虚高,做工粗糙",60元以上,50元以内,不太接受,一定会买,会驻足了解,"校园市集,文创展会",大幅提升,可能复购,"高颜值产品实拍图,工艺制作短视频","文具类,配饰挂件类",无所谓,包装可以更精致，同时附上简明的非遗文化说明卡。
daqi-answer-380,2026-08-16T18:07:00+08:00,男,18岁以下,职场上班族,2000-3500元,非常喜欢,每月1次,"活动奖品,送礼纪念",电商店铺,非常了解,非常感兴趣,非遗文化底蕴,"不适合日常使用,款式老旧",非常愿意,支持,"加强科普宣传,优化款式设计",一定会,大漆漆扇,简约现代风,可以接受,工艺质感,极高,组合套装礼盒,非常喜欢,莫兰迪浅色系,随缘,纪念收藏,略有影响,"款式同质化严重,华而不实无实用性",20元以内,80-120元,完全愿意,大概率会,随缘,"线下实体店,线上店铺",小幅提升,一定会复购,"工艺制作短视频,高颜值产品实拍图",文具类,非常认可，环保创新,希望增加年轻化配色和小件礼盒，方便送礼和收藏。
daqi-answer-381,2026-08-17T09:20:00+08:00,男,18-22岁,自由职业,1000元以内,比较喜欢,半年一次,日常自用,"校园市集,短视频平台",略有耳闻,非常感兴趣,"色泽质感高级,手工工艺独特","价格昂贵,款式老旧",愿意,不支持,"降低价格,提升包装质感",不确定,"大漆书签,大漆钥匙扣",传统国风古风,介意，追求完美品,"颜值外观,价格性价比",较高,单品简约款,喜欢,撞色潮流色系,非常愿意,"同学朋友送礼,商务小礼品",不在意,价格虚高,40-60元,50元以内,可以接受小幅溢价,看价格款式决定,一定会了解购买,线上店铺,大幅提升,可能复购,工艺制作短视频,"桌面摆件类,文具类",比较认可,希望兼顾传统工艺和日常实用性，价格可以分档。
daqi-answer-382,2026-08-18T10:33:00+08:00,男,23-30岁,在校学生,1000-2000元,不太喜欢,每月多次,"送礼纪念,收藏爱好","短视频平台,线下实体店",非常了解,一般,"非遗文化底蕴,手工工艺独特",款式老旧,不愿意,强烈支持,优化款式设计,一定会,"大漆书签,大件漆艺摆件",小众艺术轻奢风,完全接受，更有特色,"价格性价比,文化寓意",一般,组合套装礼盒,无所谓,经典黑金红传统色,愿意,"师生赠礼,节日礼物",会，非常加分,"华而不实无实用性,做工粗糙",20元以内,50-80元,不太接受,一定会买,会驻足了解,"校园市集,线上店铺",小幅提升,不确定,"非遗文化科普,工艺制作短视频","文具类,定制专属类",不认可,建议多做短视频展示制作过程，并在线下市集提供体验。
daqi-answer-383,2026-08-19T11:46:00+08:00,女,18岁以下,职场上班族,2000-3500元,非常喜欢,每月1次,"日常自用,收藏爱好",电商店铺,略有耳闻,非常感兴趣,手工工艺独特,"工艺精致,款式老旧",非常愿意,中立,"降低价格,适配日常使用",可能会,大漆钥匙扣,简约现代风,可以接受,文化寓意,极高,盲盒款式,非常喜欢,莫兰迪浅色系,不愿意,同学朋友送礼,无影响,"款式同质化严重,价格虚高",20-40元,80-120元,完全愿意,大概率会,一定会了解购买,"线上店铺,校园市集",无变化,一定会复购,"工艺制作短视频,优惠活动福利",配饰挂件类,非常认可，环保创新,包装可以更精致，同时附上简明的非遗文化说明卡。
daqi-answer-384,2026-08-20T12:59:00+08:00,男,18-22岁,个体经营者,1000元以内,比较喜欢,每月多次,日常自用,"朋友推荐,短视频平台",完全没听过,比较感兴趣,"国风颜值高,手工工艺独特","价格昂贵,适合收藏送礼",无所谓,强烈支持,"降低价格,加强科普宣传",不确定,"大漆书签,大漆漆扇",传统国风古风,完全接受，更有特色,"颜值外观,实用性",较高,单品简约款,喜欢,自然原木底色,非常愿意,"节日礼物,商务小礼品",会，非常加分,价格虚高,40-60元,50元以内,可以接受小幅溢价,一定会买,会驻足了解,线上店铺,大幅提升,可能复购,高颜值产品实拍图,"礼盒套装类,文具类",无所谓,希望增加年轻化配色和小件礼盒，方便送礼和收藏。
daqi-answer-385,2026-08-21T13:12:00+08:00,女,31-40岁,在校学生,1000-2000元,非常喜欢,每月多次,"收藏爱好,送礼纪念","短视频平台,文创展会",非常了解,兴趣较低,"非遗文化底蕴,小众不撞款",款式老旧,非常愿意,支持,适配日常使用,一定会,"大漆漆扇,大件漆艺摆件",简约现代风,可以接受,"价格性价比,颜值外观",不看重,组合套装礼盒,不喜欢,经典黑金红传统色,随缘,"师生赠礼,同学朋友送礼",略有影响,"华而不实无实用性,款式同质化严重",20元以内,50-80元,完全愿意,大概率会,随缘,"文创展会,线上店铺",小幅提升,不会复购,"市集线下体验,工艺制作短视频","文具类,礼盒套装类",非常认可，环保创新,希望兼顾传统工艺和日常实用性，价格可以分档。
daqi-answer-386,2026-08-22T14:25:00+08:00,男,18岁以下,职场上班族,1000元以内,非常喜欢,季度1-2次,"日常自用,送礼纪念",电商店铺,略有耳闻,非常感兴趣,手工工艺独特,"价格昂贵,不适合日常使用",愿意,中立,"降低价格,优化款式设计",可能会,大漆钥匙扣,传统国风古风,介意，追求完美品,颜值外观,极高,定制专属款,非常喜欢,撞色潮流色系,非常愿意,同学朋友送礼,无影响,"做工粗糙,价格虚高",20-40元,50元以内,可以接受小幅溢价,看价格款式决定,一定会了解购买,"线上店铺,社群团购",反而降低,一定会复购,"工艺制作短视频,市集线下体验",配饰挂件类,比较认可,建议多做短视频展示制作过程，并在线下市集提供体验。
daqi-answer-387,2026-08-23T15:38:00+08:00,女,18-22岁,在校学生,1000元以内,一般,每月多次,送礼纪念,"短视频平台,线下实体店",非常了解,比较感兴趣,"非遗文化底蕴,色泽质感高级","价格昂贵,工艺精致",无所谓,强烈支持,"优化款式设计,加强科普宣传",一定会,"大漆书签,文创套装礼盒",小众艺术轻奢风,完全接受，更有特色,"颜值外观,工艺质感",一般,单品简约款,无所谓,经典黑金红传统色,愿意,"节日礼物,师生赠礼",会，非常加分,价格虚高,20元以内,50-80元,不太接受,一定会买,会驻足了解,校园市集,大幅提升,不确定,高颜值产品实拍图,"定制专属类,文具类",不认可,包装可以更精致，同时附上简明的非遗文化说明卡。
daqi-answer-388,2026-08-24T16:51:00+08:00,男,18岁以下,在校学生,2000-3500元,非常喜欢,每月1次,"活动奖品,送礼纪念","短视频平台,电商店铺",略有耳闻,非常感兴趣,"非遗文化底蕴,国风颜值高",不适合日常使用,非常愿意,支持,适配日常使用,可能会,"大漆漆扇,大漆钥匙扣",简约现代风,可以接受,"工艺质感,独特小众性",极高,盲盒款式,非常喜欢,莫兰迪浅色系,随缘,"商务小礼品,同学朋友送礼",略有影响,"华而不实无实用性,价格虚高",20-40元,80-120元,完全愿意,大概率会,不会关注,"线下实体店,线上店铺",无变化,一定会复购,"优惠活动福利,工艺制作短视频","文具类,桌面摆件类",非常认可，环保创新,希望增加年轻化配色和小件礼盒，方便送礼和收藏。
daqi-answer-389,2026-08-25T17:04:00+08:00,女,18岁以下,自由职业,1000元以内,比较喜欢,半年一次,"日常自用,市集/展会随手购买",校园市集,非常了解,非常感兴趣,色泽质感高级,"价格昂贵,款式老旧",愿意,强烈支持,"降低价格,提升包装质感",不确定,文创套装礼盒,传统国风古风,非常介意,颜值外观,较高,单品简约款,喜欢,撞色潮流色系,非常愿意,同学朋友送礼,会，非常加分,"价格虚高,华而不实无实用性",40-60元,50元以内,可以接受小幅溢价,基本不会,一定会了解购买,"线上店铺,线下实体店",大幅提升,可能复购,"工艺制作短视频,非遗文化科普",桌面摆件类,比较认可,希望兼顾传统工艺和日常实用性，价格可以分档。
daqi-answer-390,2026-08-26T18:17:00+08:00,男,23-30岁,在校学生,1000-2000元,不太喜欢,每月多次,送礼纪念,"短视频平台,文创展会",非常了解,一般,"非遗文化底蕴,手工工艺独特","款式老旧,工艺精致",非常愿意,支持,"优化款式设计,适配日常使用",一定会,"大漆书签,大件漆艺摆件",可爱治愈风,完全接受，更有特色,"价格性价比,颜值外观",一般,组合套装礼盒,无所谓,经典黑金红传统色,愿意,"节日礼物,同学朋友送礼",略有影响,价格虚高,20元以内,50-80元,完全不接受,一定会买,随缘,校园市集,小幅提升,不会复购,非遗文化科普,"文具类,定制专属类",非常认可，环保创新,建议多做短视频展示制作过程，并在线下市集提供体验。
daqi-answer-391,2026-08-27T09:30:00+08:00,女,18岁以下,职场上班族,3500元以上,非常喜欢,每月1次,"日常自用,收藏爱好","电商店铺,线下实体店",完全没听过,非常感兴趣,"手工工艺独特,国风颜值高",不适合日常使用,愿意,中立,提升包装质感,可能会,"大漆钥匙扣,大漆漆扇",简约现代风,介意，追求完美品,"工艺质感,文化寓意",极高,盲盒款式,非常喜欢,莫兰迪浅色系,非常愿意,"同学朋友送礼,节日礼物",无影响,"款式同质化严重,价格虚高",20-40元,120元以上,完全愿意,看价格款式决定,一定会了解购买,"社群团购,线上店铺",反而降低,一定会复购,"工艺制作短视频,优惠活动福利","配饰挂件类,桌面摆件类",比较认可,包装可以更精致，同时附上简明的非遗文化说明卡。
daqi-answer-392,2026-08-28T10:43:00+08:00,男,18-22岁,个体经营者,1000元以内,比较喜欢,每月多次,"日常自用,活动奖品",校园市集,非常了解,比较感兴趣,色泽质感高级,"价格昂贵,适合收藏送礼",无所谓,强烈支持,"降低价格,加强科普宣传",基本不会,大漆书签,小众艺术轻奢风,完全接受，更有特色,颜值外观,较高,单品简约款,喜欢,经典黑金红传统色,愿意,同学朋友送礼,会，非常加分,"价格虚高,包装简陋",60元以上,50元以内,不太接受,一定会买,会驻足了解,"线上店铺,文创展会",大幅提升,可能复购,"高颜值产品实拍图,非遗文化科普",桌面摆件类,无所谓,希望增加年轻化配色和小件礼盒，方便送礼和收藏。
daqi-answer-393,2026-08-01T11:56:00+08:00,女,31-40岁,在校学生,2000-3500元,非常喜欢,每月多次,收藏爱好,"短视频平台,电商店铺",略有耳闻,一般,"非遗文化底蕴,小众不撞款","款式老旧,不适合日常使用",非常愿意,支持,"适配日常使用,优化款式设计",一定会,"大漆漆扇,大件漆艺摆件",简约现代风,可以接受,"价格性价比,实用性",较低,组合套装礼盒,非常喜欢,莫兰迪浅色系,随缘,"师生赠礼,同学朋友送礼",略有影响,华而不实无实用性,20元以内,80-120元,完全愿意,大概率会,不会关注,文创展会,小幅提升,一定会复购,非遗文化科普,"文具类,礼盒套装类",非常认可，环保创新,希望兼顾传统工艺和日常实用性，价格可以分档。
daqi-answer-394,2026-08-02T12:09:00+08:00,男,18岁以下,职场上班族,1000元以内,非常喜欢,季度1-2次,"日常自用,送礼纪念","电商店铺,文创展会",非常了解,非常感兴趣,"手工工艺独特,色泽质感高级",适合收藏送礼,愿意,不支持,降低价格,不确定,"大漆钥匙扣,大漆书签",传统国风古风,介意，追求完美品,"文化寓意,价格性价比",极高,单品简约款,喜欢,撞色潮流色系,非常愿意,"同学朋友送礼,纪念收藏",不在意,"做工粗糙,价格虚高",40-60元,50元以内,可以接受小幅溢价,基本不会,一定会了解购买,"线上店铺,社群团购",大幅提升,可能复购,"工艺制作短视频,市集线下体验","配饰挂件类,文具类",比较认可,建议多做短视频展示制作过程，并在线下市集提供体验。
daqi-answer-395,2026-08-03T13:22:00+08:00,女,18-22岁,在校学生,1000-2000元,一般,每月多次,"送礼纪念,活动奖品",文创展会,略有耳闻,比较感兴趣,小众不撞款,"价格昂贵,工艺精致",不愿意,强烈支持,"优化款式设计,加强科普宣传",一定会,大漆书签,小众艺术轻奢风,完全接受，更有特色,颜值外观,较高,组合套装礼盒,无所谓,经典黑金红传统色,愿意,节日礼物,会，非常加分,"价格虚高,做工粗糙",20元以内,50-80元,完全不接受,一定会买,会驻足了解,"校园市集,文创展会",小幅提升,不确定,"高颜值产品实拍图,工艺制作短视频",礼盒套装类,非常认可，环保创新,包装可以更精致，同时附上简明的非遗文化说明卡。
daqi-answer-396,2026-08-04T14:35:00+08:00,男,18岁以下,在校学生,2000-3500元,非常喜欢,每月1次,收藏爱好,"短视频平台,朋友推荐",完全没听过,毫无兴趣,"非遗文化底蕴,国风颜值高","不适合日常使用,款式老旧",非常愿意,中立,"适配日常使用,降低价格",可能会,"大漆漆扇,大漆钥匙扣",简约现代风,可以接受,"价格性价比,工艺质感",极高,盲盒款式,非常喜欢,莫兰迪浅色系,不愿意,"商务小礼品,同学朋友送礼",无影响,华而不实无实用性,20-40元,120元以上,完全愿意,大概率会,一定会了解购买,文创展会,无变化,一定会复购,市集线下体验,"文具类,桌面摆件类",非常认可，环保创新,希望增加年轻化配色和小件礼盒，方便送礼和收藏。
daqi-answer-397,2026-08-05T15:48:00+08:00,男,18岁以下,自由职业,1000元以内,比较喜欢,季度1-2次,"日常自用,市集/展会随手购买","电商店铺,短视频平台",非常了解,非常感兴趣,"色泽质感高级,手工工艺独特",价格昂贵,无所谓,强烈支持,降低价格,不确定,"大件漆艺摆件,大漆书签",传统国风古风,完全接受，更有特色,"颜值外观,工艺质感",极高,单品简约款,喜欢,自然原木底色,非常愿意,"同学朋友送礼,商务小礼品",会，非常加分,"包装简陋,价格虚高",60元以上,50元以内,可以接受小幅溢价,一定会买,会驻足了解,"线上店铺,线下实体店",大幅提升,可能复购,"工艺制作短视频,非遗文化科普","配饰挂件类,定制专属类",无所谓,希望兼顾传统工艺和日常实用性，价格可以分档。
daqi-answer-398,2026-08-06T16:01:00+08:00,男,23-30岁,在校学生,1000-2000元,一般,每月多次,"送礼纪念,收藏爱好",短视频平台,完全没听过,一般,非遗文化底蕴,"款式老旧,工艺精致",非常愿意,支持,"优化款式设计,适配日常使用",一定会,大漆书签,简约现代风,可以接受,颜值外观,一般,组合套装礼盒,不喜欢,经典黑金红传统色,随缘,节日礼物,略有影响,"价格虚高,款式同质化严重",20元以内,50-80元,完全愿意,大概率会,随缘,"校园市集,线上店铺",小幅提升,一定会复购,"高颜值产品实拍图,优惠活动福利",文具类,非常认可，环保创新,建议多做短视频展示制作过程，并在线下市集提供体验。
daqi-answer-399,2026-08-07T17:14:00+08:00,男,18岁以下,职场上班族,1000元以内,非常喜欢,每月1次,市集/展会随手购买,"短视频平台,校园市集",非常了解,非常感兴趣,"手工工艺独特,国风颜值高","不适合日常使用,价格昂贵",愿意,中立,"加强科普宣传,降低价格",可能会,"大漆漆扇,大漆书签",传统国风古风,介意，追求完美品,"工艺质感,颜值外观",极高,定制专属款,非常喜欢,撞色潮流色系,非常愿意,"纪念收藏,同学朋友送礼",不在意,款式同质化严重,20-40元,50元以内,可以接受小幅溢价,看价格款式决定,一定会了解购买,线下实体店,大幅提升,一定会复购,工艺制作短视频,"配饰挂件类,桌面摆件类",比较认可,包装可以更精致，同时附上简明的非遗文化说明卡。
daqi-answer-400,2026-08-08T18:27:00+08:00,男,18-22岁,自由职业,1000-2000元,比较喜欢,几乎不买,"日常自用,活动奖品","校园市集,线下实体店",略有耳闻,比较感兴趣,"色泽质感高级,非遗文化底蕴",价格昂贵,无所谓,强烈支持,降低价格,一定会,"大漆书签,大漆漆扇",小众艺术轻奢风,完全接受，更有特色,"颜值外观,独特小众性",较高,单品简约款,无所谓,经典黑金红传统色,愿意,"同学朋友送礼,师生赠礼",会，非常加分,"价格虚高,包装简陋",20元以内,50-80元,不太接受,一定会买,会驻足了解,"线上店铺,文创展会",大幅提升,不确定,"高颜值产品实拍图,非遗文化科普","桌面摆件类,定制专属类",不认可,希望增加年轻化配色和小件礼盒，方便送礼和收藏。
daqi-answer-401,2026-08-09T09:40:00+08:00,男,23-30岁,在校学生,2000-3500元,完全不感兴趣,每月多次,"收藏爱好,送礼纪念",短视频平台,非常了解,一般,非遗文化底蕴,"款式老旧,不适合日常使用",非常愿意,支持,"优化款式设计,降低价格",可能会,大漆书签,简约现代风,可以接受,价格性价比,较低,盲盒款式,非常喜欢,莫兰迪浅色系,不愿意,师生赠礼,略有影响,"华而不实无实用性,款式同质化严重",20-40元,80-120元,完全愿意,大概率会,一定会了解购买,"校园市集,社群团购",无变化,一定会复购,"非遗文化科普,优惠活动福利",文具类,非常认可，环保创新,希望兼顾传统工艺和日常实用性，价格可以分档。
daqi-answer-402,2026-08-10T10:53:00+08:00,女,18岁以下,职场上班族,1000元以内,非常喜欢,季度1-2次,日常自用,"电商店铺,短视频平台",略有耳闻,非常感兴趣,"手工工艺独特,色泽质感高级","工艺精致,价格昂贵",愿意,强烈支持,"降低价格,优化款式设计",不确定,"大漆钥匙扣,大漆书签",传统国风古风,非常介意,"工艺质感,实用性",极高,单品简约款,喜欢,自然原木底色,非常愿意,"同学朋友送礼,纪念收藏",会，非常加分,款式同质化严重,40-60元,50元以内,可以接受小幅溢价,一定会买,一定会了解购买,线上店铺,大幅提升,可能复购,工艺制作短视频,"配饰挂件类,文具类",比较认可,建议多做短视频展示制作过程，并在线下市集提供体验。
daqi-answer-403,2026-08-11T11:06:00+08:00,男,18-22岁,其他,1000-2000元,一般,每月多次,"送礼纪念,活动奖品","校园市集,文创展会",完全没听过,比较感兴趣,"国风颜值高,非遗文化底蕴",价格昂贵,非常愿意,支持,降低价格,一定会,"大漆书签,文创套装礼盒",可爱治愈风,完全接受，更有特色,"颜值外观,文化寓意",较高,组合套装礼盒,不喜欢,经典黑金红传统色,愿意,"节日礼物,师生赠礼",略有影响,"价格虚高,做工粗糙",20元以内,50-80元,完全愿意,一定会买,随缘,"校园市集,文创展会",小幅提升,不会复购,"高颜值产品实拍图,工艺制作短视频","礼盒套装类,定制专属类",非常认可，环保创新,包装可以更精致，同时附上简明的非遗文化说明卡。
daqi-answer-404,2026-08-12T12:19:00+08:00,女,40岁以上,在校学生,3500元以上,非常喜欢,每月1次,"收藏爱好,日常自用",短视频平台,非常了解,兴趣较低,非遗文化底蕴,"款式老旧,价格昂贵",愿意,中立,"适配日常使用,降低价格",可能会,大漆漆扇,简约现代风,介意，追求完美品,价格性价比,不看重,定制专属款,非常喜欢,莫兰迪浅色系,非常愿意,师生赠礼,无影响,"华而不实无实用性,价格虚高",20-40元,50元以内,完全愿意,看价格款式决定,一定会了解购买,"文创展会,社群团购",反而降低,一定会复购,"市集线下体验,优惠活动福利",文具类,比较认可,希望增加年轻化配色和小件礼盒，方便送礼和收藏。
daqi-answer-405,2026-08-13T13:32:00+08:00,男,18岁以下,自由职业,1000元以内,比较喜欢,季度1-2次,日常自用,"电商店铺,朋友推荐",略有耳闻,非常感兴趣,"手工工艺独特,非遗文化底蕴","价格昂贵,款式老旧",无所谓,强烈支持,"降低价格,提升包装质感",基本不会,"大件漆艺摆件,大漆书签",小众艺术轻奢风,完全接受，更有特色,"文化寓意,工艺质感",极高,单品简约款,喜欢,经典黑金红传统色,愿意,"同学朋友送礼,商务小礼品",会，非常加分,做工粗糙,20元以内,50元以内,不太接受,一定会买,会驻足了解,线上店铺,大幅提升,可能复购,工艺制作短视频,"配饰挂件类,定制专属类",无所谓,希望兼顾传统工艺和日常实用性，价格可以分档。
daqi-answer-406,2026-08-14T14:45:00+08:00,女,23-30岁,在校学生,2000-3500元,一般,每月多次,"送礼纪念,收藏爱好","文创展会,电商店铺",非常了解,比较感兴趣,"非遗文化底蕴,手工工艺独特",价格昂贵,非常愿意,支持,优化款式设计,一定会,"大漆书签,大件漆艺摆件",简约现代风,可以接受,"颜值外观,价格性价比",一般,组合套装礼盒,非常喜欢,莫兰迪浅色系,随缘,"节日礼物,同学朋友送礼",略有影响,"价格虚高,款式同质化严重",20元以内,80-120元,完全愿意,大概率会,不会关注,"校园市集,线上店铺",小幅提升,一定会复购,"高颜值产品实拍图,优惠活动福利","文具类,定制专属类",非常认可，环保创新,建议多做短视频展示制作过程，并在线下市集提供体验。
daqi-answer-407,2026-08-15T15:58:00+08:00,男,18岁以下,职场上班族,1000元以内,非常喜欢,每月1次,"活动奖品,日常自用",短视频平台,略有耳闻,非常感兴趣,非遗文化底蕴,"不适合日常使用,价格昂贵",愿意,不支持,"加强科普宣传,降低价格",不确定,大漆漆扇,传统国风古风,非常介意,价格性价比,极高,单品简约款,喜欢,撞色潮流色系,非常愿意,商务小礼品,会，非常加分,"华而不实无实用性,包装简陋",40-60元,50元以内,可以接受小幅溢价,基本不会,一定会了解购买,"线下实体店,社群团购",大幅提升,可能复购,"工艺制作短视频,优惠活动福利",文具类,比较认可,包装可以更精致，同时附上简明的非遗文化说明卡。
daqi-answer-408,2026-08-16T16:11:00+08:00,女,18-22岁,自由职业,1000-2000元,比较喜欢,半年一次,日常自用,"电商店铺,校园市集",非常了解,非常感兴趣,"色泽质感高级,非遗文化底蕴","价格昂贵,适合收藏送礼",不愿意,强烈支持,"降低价格,加强科普宣传",一定会,"文创套装礼盒,大漆书签",可爱治愈风,完全接受，更有特色,"颜值外观,文化寓意",较高,组合套装礼盒,无所谓,经典黑金红传统色,愿意,"同学朋友送礼,师生赠礼",会，非常加分,价格虚高,20元以内,50-80元,完全不接受,一定会买,会驻足了解,线上店铺,小幅提升,不确定,工艺制作短视频,"桌面摆件类,定制专属类",非常认可，环保创新,希望增加年轻化配色和小件礼盒，方便送礼和收藏。
daqi-answer-409,2026-08-17T17:24:00+08:00,男,23-30岁,在校学生,2000-3500元,不太喜欢,每月多次,"送礼纪念,日常自用","短视频平台,校园市集",非常了解,一般,"非遗文化底蕴,小众不撞款",款式老旧,非常愿意,中立,优化款式设计,可能会,"大漆书签,大漆钥匙扣",简约现代风,可以接受,"颜值外观,实用性",一般,盲盒款式,非常喜欢,莫兰迪浅色系,非常愿意,"节日礼物,纪念收藏",无影响,"华而不实无实用性,款式同质化严重",20-40元,120元以上,完全愿意,大概率会,一定会了解购买,"校园市集,社群团购",无变化,一定会复购,"非遗文化科普,优惠活动福利","文具类,礼盒套装类",非常认可，环保创新,希望兼顾传统工艺和日常实用性，价格可以分档。
daqi-answer-410,2026-08-18T18:37:00+08:00,女,18岁以下,职场上班族,1000元以内,非常喜欢,每月1次,"日常自用,送礼纪念",短视频平台,完全没听过,非常感兴趣,手工工艺独特,"工艺精致,价格昂贵",无所谓,强烈支持,"提升包装质感,降低价格",基本不会,大漆钥匙扣,传统国风古风,完全接受，更有特色,工艺质感,极高,单品简约款,喜欢,经典黑金红传统色,非常愿意,同学朋友送礼,会，非常加分,"款式同质化严重,包装简陋",60元以上,50元以内,可以接受小幅溢价,一定会买,会驻足了解,"线上店铺,社群团购",大幅提升,可能复购,"工艺制作短视频,市集线下体验",配饰挂件类,无所谓,建议多做短视频展示制作过程，并在线下市集提供体验。
daqi-answer-411,2026-08-19T09:50:00+08:00,男,18-22岁,个体经营者,1000-2000元,比较喜欢,每月多次,日常自用,"校园市集,短视频平台",非常了解,比较感兴趣,"国风颜值高,非遗文化底蕴","价格昂贵,工艺精致",非常愿意,支持,"降低价格,适配日常使用",一定会,"大漆书签,文创套装礼盒",简约现代风,可以接受,"颜值外观,价格性价比",较高,组合套装礼盒,非常喜欢,经典黑金红传统色,随缘,"节日礼物,师生赠礼",略有影响,价格虚高,20元以内,50-80元,完全愿意,大概率会,随缘,线上店铺,小幅提升,一定会复购,高颜值产品实拍图,"桌面摆件类,礼盒套装类",非常认可，环保创新,包装可以更精致，同时附上简明的非遗文化说明卡。
daqi-answer-412,2026-08-20T10:03:00+08:00,女,31-40岁,在校学生,1000元以内,非常喜欢,每月多次,"收藏爱好,日常自用","短视频平台,线下实体店",略有耳闻,兴趣较低,"非遗文化底蕴,国风颜值高",款式老旧,愿意,不支持,适配日常使用,可能会,"大漆漆扇,大漆钥匙扣",传统国风古风,介意，追求完美品,"价格性价比,文化寓意",较低,单品简约款,非常喜欢,撞色潮流色系,非常愿意,"师生赠礼,纪念收藏",不在意,"华而不实无实用性,价格虚高",20-40元,50元以内,可以接受小幅溢价,看价格款式决定,一定会了解购买,"文创展会,社群团购",大幅提升,一定会复购,"非遗文化科普,市集线下体验","文具类,桌面摆件类",比较认可,希望增加年轻化配色和小件礼盒，方便送礼和收藏。
daqi-answer-413,2026-08-21T11:16:00+08:00,男,18岁以下,职场上班族,1000-2000元,非常喜欢,季度1-2次,"日常自用,市集/展会随手购买",电商店铺,非常了解,非常感兴趣,手工工艺独特,"适合收藏送礼,价格昂贵",不愿意,强烈支持,"降低价格,提升包装质感",一定会,大漆钥匙扣,小众艺术轻奢风,完全接受，更有特色,工艺质感,极高,单品简约款,无所谓,经典黑金红传统色,愿意,同学朋友送礼,会，非常加分,"做工粗糙,包装简陋",20元以内,50-80元,不太接受,一定会买,会驻足了解,"线上店铺,线下实体店",大幅提升,不确定,"工艺制作短视频,非遗文化科普",配饰挂件类,不认可,希望兼顾传统工艺和日常实用性，价格可以分档。
daqi-answer-414,2026-08-22T12:29:00+08:00,女,18-22岁,在校学生,2000-3500元,一般,每月多次,送礼纪念,"校园市集,朋友推荐",略有耳闻,比较感兴趣,"小众不撞款,非遗文化底蕴","价格昂贵,不适合日常使用",非常愿意,支持,"优化款式设计,适配日常使用",可能会,"大漆书签,大件漆艺摆件",简约现代风,可以接受,"颜值外观,实用性",较高,盲盒款式,非常喜欢,莫兰迪浅色系,不愿意,"节日礼物,同学朋友送礼",略有影响,价格虚高,20-40元,80-120元,完全愿意,大概率会,一定会了解购买,校园市集,无变化,一定会复购,高颜值产品实拍图,"定制专属类,礼盒套装类",非常认可，环保创新,建议多做短视频展示制作过程，并在线下市集提供体验。
daqi-answer-415,2026-08-23T13:42:00+08:00,男,18岁以下,在校学生,1000元以内,非常喜欢,每月1次,"活动奖品,日常自用","短视频平台,文创展会",完全没听过,毫无兴趣,"非遗文化底蕴,色泽质感高级",不适合日常使用,愿意,强烈支持,适配日常使用,不确定,"大漆漆扇,大漆书签",传统国风古风,完全接受，更有特色,"价格性价比,颜值外观",极高,单品简约款,喜欢,自然原木底色,非常愿意,"商务小礼品,纪念收藏",会，非常加分,"华而不实无实用性,包装简陋",40-60元,50元以内,可以接受小幅溢价,一定会买,一定会了解购买,"文创展会,线下实体店",大幅提升,可能复购,"优惠活动福利,市集线下体验","文具类,配饰挂件类",比较认可,包装可以更精致，同时附上简明的非遗文化说明卡。
daqi-answer-416,2026-08-24T14:55:00+08:00,男,18岁以下,自由职业,1000-2000元,比较喜欢,半年一次,"日常自用,活动奖品",电商店铺,非常了解,非常感兴趣,色泽质感高级,"价格昂贵,适合收藏送礼",非常愿意,支持,"降低价格,加强科普宣传",一定会,大件漆艺摆件,简约现代风,完全接受，更有特色,文化寓意,较高,组合套装礼盒,不喜欢,经典黑金红传统色,愿意,同学朋友送礼,略有影响,"价格虚高,包装简陋",20元以内,50-80元,完全愿意,一定会买,随缘,"线上店铺,文创展会",小幅提升,不会复购,"工艺制作短视频,高颜值产品实拍图",桌面摆件类,非常认可，环保创新,希望增加年轻化配色和小件礼盒，方便送礼和收藏。
daqi-answer-417,2026-08-25T15:08:00+08:00,男,23-30岁,在校学生,3500元以上,不太喜欢,每月多次,送礼纪念,"文创展会,校园市集",完全没听过,一般,"非遗文化底蕴,小众不撞款","款式老旧,不适合日常使用",愿意,中立,"优化款式设计,降低价格",可能会,"大漆书签,大漆钥匙扣",简约现代风,介意，追求完美品,"颜值外观,工艺质感",一般,定制专属款,非常喜欢,莫兰迪浅色系,非常愿意,"节日礼物,纪念收藏",无影响,价格虚高,20-40元,50元以内,完全愿意,看价格款式决定,一定会了解购买,校园市集,反而降低,一定会复购,非遗文化科普,"文具类,礼盒套装类",比较认可,希望兼顾传统工艺和日常实用性，价格可以分档。
daqi-answer-418,2026-08-26T16:21:00+08:00,男,18岁以下,职场上班族,1000元以内,非常喜欢,每月1次,"市集/展会随手购买,日常自用","短视频平台,电商店铺",非常了解,非常感兴趣,"手工工艺独特,色泽质感高级",不适合日常使用,无所谓,强烈支持,加强科普宣传,一定会,"大漆漆扇,文创套装礼盒",小众艺术轻奢风,完全接受，更有特色,"价格性价比,实用性",极高,单品简约款,喜欢,经典黑金红传统色,愿意,"同学朋友送礼,纪念收藏",会，非常加分,"款式同质化严重,包装简陋",20元以内,50元以内,不太接受,一定会买,会驻足了解,"社群团购,线下实体店",大幅提升,可能复购,"工艺制作短视频,市集线下体验","配饰挂件类,文具类",无所谓,建议多做短视频展示制作过程，并在线下市集提供体验。
daqi-answer-419,2026-08-27T17:34:00+08:00,女,18-22岁,个体经营者,2000-3500元,比较喜欢,几乎不买,"日常自用,收藏爱好",电商店铺,略有耳闻,比较感兴趣,色泽质感高级,"价格昂贵,工艺精致",非常愿意,支持,"降低价格,适配日常使用",一定会,大漆书签,简约现代风,可以接受,独特小众性,较高,组合套装礼盒,非常喜欢,莫兰迪浅色系,随缘,同学朋友送礼,略有影响,"价格虚高,做工粗糙",20元以内,80-120元,完全愿意,大概率会,不会关注,"线上店铺,校园市集",小幅提升,一定会复购,"高颜值产品实拍图,工艺制作短视频",桌面摆件类,非常认可，环保创新,包装可以更精致，同时附上简明的非遗文化说明卡。
daqi-answer-420,2026-08-28T18:47:00+08:00,男,31-40岁,在校学生,1000元以内,完全不感兴趣,每月多次,收藏爱好,"短视频平台,文创展会",非常了解,一般,"非遗文化底蕴,国风颜值高","款式老旧,价格昂贵",愿意,强烈支持,"优化款式设计,提升包装质感",不确定,"大漆漆扇,大漆钥匙扣",传统国风古风,非常介意,"颜值外观,独特小众性",较低,单品简约款,喜欢,撞色潮流色系,非常愿意,"师生赠礼,纪念收藏",会，非常加分,华而不实无实用性,40-60元,50元以内,可以接受小幅溢价,基本不会,一定会了解购买,文创展会,大幅提升,可能复购,非遗文化科普,"文具类,桌面摆件类",比较认可,希望增加年轻化配色和小件礼盒，方便送礼和收藏。
daqi-answer-421,2026-08-01T09:00:00+08:00,女,18岁以下,职场上班族,1000-2000元,非常喜欢,季度1-2次,"日常自用,市集/展会随手购买","短视频平台,朋友推荐",略有耳闻,非常感兴趣,"手工工艺独特,非遗文化底蕴",工艺精致,非常愿意,强烈支持,降低价格,一定会,"大漆钥匙扣,文创套装礼盒",可爱治愈风,完全接受，更有特色,"工艺质感,文化寓意",极高,组合套装礼盒,无所谓,经典黑金红传统色,愿意,"同学朋友送礼,商务小礼品",会，非常加分,"款式同质化严重,做工粗糙",20元以内,50-80元,完全不接受,一定会买,会驻足了解,"线上店铺,线下实体店",小幅提升,不确定,"工艺制作短视频,非遗文化科普","配饰挂件类,定制专属类",非常认可，环保创新,希望兼顾传统工艺和日常实用性，价格可以分档。
daqi-answer-422,2026-08-02T10:13:00+08:00,男,18-22岁,其他,3500元以上,一般,每月多次,"送礼纪念,收藏爱好",校园市集,完全没听过,比较感兴趣,国风颜值高,"价格昂贵,不适合日常使用",非常愿意,中立,"优化款式设计,适配日常使用",可能会,大漆书签,简约现代风,可以接受,颜值外观,较高,盲盒款式,非常喜欢,莫兰迪浅色系,非常愿意,节日礼物,无影响,"价格虚高,款式同质化严重",20-40元,120元以上,完全愿意,大概率会,一定会了解购买,"校园市集,线上店铺",无变化,一定会复购,"高颜值产品实拍图,优惠活动福利",礼盒套装类,非常认可，环保创新,建议多做短视频展示制作过程，并在线下市集提供体验。
daqi-answer-423,2026-08-03T11:26:00+08:00,女,40岁以上,在校学生,1000元以内,非常喜欢,每月1次,收藏爱好,"短视频平台,电商店铺",非常了解,兴趣较低,"非遗文化底蕴,色泽质感高级","款式老旧,适合收藏送礼",无所谓,强烈支持,"适配日常使用,提升包装质感",基本不会,"大漆漆扇,大漆书签",传统国风古风,完全接受，更有特色,"价格性价比,实用性",极高,单品简约款,喜欢,经典黑金红传统色,非常愿意,"师生赠礼,商务小礼品",会，非常加分,华而不实无实用性,60元以上,50元以内,可以接受小幅溢价,一定会买,会驻足了解,文创展会,大幅提升,可能复购,市集线下体验,"文具类,配饰挂件类",无所谓,包装可以更精致，同时附上简明的非遗文化说明卡。
daqi-answer-424,2026-08-04T12:39:00+08:00,男,18岁以下,自由职业,1000-2000元,比较喜欢,季度1-2次,"日常自用,活动奖品","电商店铺,文创展会",略有耳闻,非常感兴趣,"手工工艺独特,小众不撞款",价格昂贵,非常愿意,支持,降低价格,一定会,"大件漆艺摆件,文创套装礼盒",简约现代风,可以接受,"工艺质感,颜值外观",极高,组合套装礼盒,非常喜欢,经典黑金红传统色,随缘,"同学朋友送礼,师生赠礼",略有影响,"包装简陋,做工粗糙",20元以内,50-80元,完全愿意,大概率会,随缘,"线上店铺,文创展会",小幅提升,一定会复购,"工艺制作短视频,高颜值产品实拍图","配饰挂件类,礼盒套装类",非常认可，环保创新,希望增加年轻化配色和小件礼盒，方便送礼和收藏。
daqi-answer-425,2026-08-05T13:52:00+08:00,女,23-30岁,在校学生,1000元以内,一般,每月多次,"送礼纪念,日常自用",校园市集,非常了解,比较感兴趣,非遗文化底蕴,"款式老旧,不适合日常使用",愿意,不支持,"优化款式设计,降低价格",可能会,大漆书签,传统国风古风,介意，追求完美品,颜值外观,一般,单品简约款,非常喜欢,撞色潮流色系,非常愿意,节日礼物,不在意,"价格虚高,华而不实无实用性",20-40元,50元以内,可以接受小幅溢价,看价格款式决定,一定会了解购买,"校园市集,社群团购",大幅提升,一定会复购,"高颜值产品实拍图,市集线下体验",文具类,比较认可,希望兼顾传统工艺和日常实用性，价格可以分档。
daqi-answer-426,2026-08-06T14:05:00+08:00,男,18岁以下,职场上班族,1000-2000元,非常喜欢,每月1次,活动奖品,"短视频平台,朋友推荐",略有耳闻,非常感兴趣,"手工工艺独特,色泽质感高级","不适合日常使用,适合收藏送礼",不愿意,强烈支持,"加强科普宣传,提升包装质感",一定会,"大漆漆扇,文创套装礼盒",小众艺术轻奢风,完全接受，更有特色,"价格性价比,工艺质感",极高,单品简约款,无所谓,经典黑金红传统色,愿意,"纪念收藏,商务小礼品",会，非常加分,款式同质化严重,20元以内,50-80元,不太接受,一定会买,会驻足了解,线下实体店,大幅提升,不确定,工艺制作短视频,"配饰挂件类,文具类",不认可,建议多做短视频展示制作过程，并在线下市集提供体验。
daqi-answer-427,2026-08-07T15:18:00+08:00,女,18-22岁,自由职业,2000-3500元,比较喜欢,半年一次,"日常自用,收藏爱好","电商店铺,短视频平台",非常了解,比较感兴趣,"色泽质感高级,小众不撞款",价格昂贵,非常愿意,支持,降低价格,可能会,"大漆书签,文创套装礼盒",简约现代风,可以接受,"文化寓意,独特小众性",较高,盲盒款式,非常喜欢,莫兰迪浅色系,不愿意,"同学朋友送礼,节日礼物",略有影响,"价格虚高,做工粗糙",20-40元,80-120元,完全愿意,大概率会,一定会了解购买,"线上店铺,校园市集",无变化,一定会复购,"高颜值产品实拍图,工艺制作短视频","桌面摆件类,礼盒套装类",非常认可，环保创新,包装可以更精致，同时附上简明的非遗文化说明卡。
daqi-answer-428,2026-08-08T16:31:00+08:00,男,23-30岁,在校学生,1000元以内,不太喜欢,每月多次,"送礼纪念,市集/展会随手购买",文创展会,非常了解,一般,非遗文化底蕴,"款式老旧,价格昂贵",愿意,强烈支持,"优化款式设计,提升包装质感",不确定,大漆书签,传统国风古风,完全接受，更有特色,颜值外观,一般,单品简约款,喜欢,自然原木底色,非常愿意,师生赠礼,会，非常加分,"华而不实无实用性,价格虚高",40-60元,50元以内,可以接受小幅溢价,一定会买,一定会了解购买,"校园市集,线下实体店",大幅提升,可能复购,"非遗文化科普,市集线下体验",文具类,比较认可,希望增加年轻化配色和小件礼盒，方便送礼和收藏。
daqi-answer-429,2026-08-09T17:44:00+08:00,女,18岁以下,职场上班族,1000-2000元,非常喜欢,每月1次,日常自用,"短视频平台,校园市集",完全没听过,非常感兴趣,"手工工艺独特,非遗文化底蕴","工艺精致,适合收藏送礼",非常愿意,支持,"降低价格,提升包装质感",一定会,"大漆钥匙扣,文创套装礼盒",简约现代风,完全接受，更有特色,"价格性价比,独特小众性",极高,组合套装礼盒,不喜欢,经典黑金红传统色,愿意,"同学朋友送礼,商务小礼品",略有影响,款式同质化严重,20元以内,50-80元,完全愿意,一定会买,随缘,线上店铺,小幅提升,不会复购,工艺制作短视频,"配饰挂件类,定制专属类",非常认可，环保创新,希望兼顾传统工艺和日常实用性，价格可以分档。
daqi-answer-430,2026-08-10T18:57:00+08:00,男,18-22岁,个体经营者,1000元以内,比较喜欢,每月多次,"送礼纪念,收藏爱好","电商店铺,朋友推荐",非常了解,比较感兴趣,"国风颜值高,小众不撞款",价格昂贵,愿意,中立,降低价格,可能会,"大漆书签,大件漆艺摆件",简约现代风,介意，追求完美品,"独特小众性,实用性",较高,定制专属款,非常喜欢,莫兰迪浅色系,非常愿意,"节日礼物,同学朋友送礼",无影响,"价格虚高,款式同质化严重",20-40元,50元以内,完全愿意,看价格款式决定,一定会了解购买,"校园市集,线上店铺",反而降低,一定会复购,"高颜值产品实拍图,优惠活动福利","礼盒套装类,桌面摆件类",比较认可,建议多做短视频展示制作过程，并在线下市集提供体验。
daqi-answer-431,2026-08-11T09:10:00+08:00,女,31-40岁,在校学生,1000元以内,非常喜欢,每月1次,"收藏爱好,市集/展会随手购买",线下实体店,略有耳闻,兴趣较低,非遗文化底蕴,"款式老旧,适合收藏送礼",无所谓,强烈支持,"适配日常使用,提升包装质感",一定会,大漆漆扇,小众艺术轻奢风,完全接受，更有特色,颜值外观,不看重,单品简约款,喜欢,经典黑金红传统色,愿意,师生赠礼,会，非常加分,"华而不实无实用性,包装简陋",20元以内,50元以内,不太接受,一定会买,会驻足了解,"文创展会,线下实体店",大幅提升,可能复购,"市集线下体验,非遗文化科普",文具类,无所谓,包装可以更精致，同时附上简明的非遗文化说明卡。
daqi-answer-432,2026-08-12T10:23:00+08:00,男,18岁以下,职场上班族,2000-3500元,比较喜欢,季度1-2次,日常自用,"短视频平台,线下实体店",非常了解,非常感兴趣,"手工工艺独特,小众不撞款","价格昂贵,适合收藏送礼",非常愿意,支持,"降低价格,加强科普宣传",一定会,"大漆钥匙扣,大件漆艺摆件",简约现代风,可以接受,"工艺质感,实用性",极高,组合套装礼盒,非常喜欢,莫兰迪浅色系,随缘,"同学朋友送礼,师生赠礼",略有影响,做工粗糙,20元以内,80-120元,完全愿意,大概率会,不会关注,线上店铺,小幅提升,一定会复购,工艺制作短视频,"配饰挂件类,礼盒套装类",非常认可，环保创新,希望增加年轻化配色和小件礼盒，方便送礼和收藏。
daqi-answer-433,2026-08-13T11:36:00+08:00,男,18-22岁,在校学生,1000元以内,一般,每月多次,"送礼纪念,日常自用","校园市集,文创展会",略有耳闻,比较感兴趣,"非遗文化底蕴,小众不撞款",价格昂贵,愿意,强烈支持,优化款式设计,不确定,"大漆书签,大漆钥匙扣",传统国风古风,非常介意,"颜值外观,文化寓意",一般,单品简约款,喜欢,撞色潮流色系,非常愿意,"节日礼物,纪念收藏",会，非常加分,"价格虚高,华而不实无实用性",40-60元,50元以内,可以接受小幅溢价,基本不会,一定会了解购买,"校园市集,社群团购",大幅提升,可能复购,"高颜值产品实拍图,市集线下体验","文具类,礼盒套装类",比较认可,希望兼顾传统工艺和日常实用性，价格可以分档。
daqi-answer-434,2026-08-14T12:49:00+08:00,男,18岁以下,职场上班族,1000-2000元,非常喜欢,每月1次,"活动奖品,市集/展会随手购买",短视频平台,完全没听过,非常感兴趣,非遗文化底蕴,"不适合日常使用,适合收藏送礼",非常愿意,强烈支持,"适配日常使用,加强科普宣传",一定会,大漆漆扇,可爱治愈风,完全接受，更有特色,价格性价比,极高,组合套装礼盒,无所谓,经典黑金红传统色,愿意,商务小礼品,会，非常加分,"华而不实无实用性,做工粗糙",20元以内,50-80元,完全不接受,一定会买,会驻足了解,"线下实体店,文创展会",小幅提升,不确定,"工艺制作短视频,市集线下体验",文具类,非常认可，环保创新,建议多做短视频展示制作过程，并在线下市集提供体验。
daqi-answer-435,2026-08-15T13:02:00+08:00,男,18-22岁,自由职业,3500元以上,比较喜欢,半年一次,日常自用,"电商店铺,朋友推荐",非常了解,非常感兴趣,"色泽质感高级,小众不撞款","价格昂贵,工艺精致",非常愿意,中立,"降低价格,适配日常使用",可能会,"文创套装礼盒,大件漆艺摆件",简约现代风,可以接受,"工艺质感,价格性价比",较高,盲盒款式,非常喜欢,莫兰迪浅色系,非常愿意,"同学朋友送礼,节日礼物",无影响,价格虚高,20-40元,120元以上,完全愿意,大概率会,一定会了解购买,线上店铺,无变化,一定会复购,工艺制作短视频,"桌面摆件类,礼盒套装类",非常认可，环保创新,包装可以更精致，同时附上简明的非遗文化说明卡。
daqi-answer-436,2026-08-16T14:15:00+08:00,女,23-30岁,在校学生,1000元以内,不太喜欢,每月多次,"送礼纪念,市集/展会随手购买","校园市集,短视频平台",完全没听过,一般,"非遗文化底蕴,国风颜值高",款式老旧,无所谓,强烈支持,优化款式设计,基本不会,"大漆书签,大漆漆扇",传统国风古风,完全接受，更有特色,"颜值外观,价格性价比",一般,单品简约款,喜欢,经典黑金红传统色,非常愿意,"节日礼物,商务小礼品",会，非常加分,"华而不实无实用性,价格虚高",60元以上,50元以内,可以接受小幅溢价,一定会买,会驻足了解,"校园市集,线下实体店",大幅提升,可能复购,"非遗文化科普,市集线下体验","文具类,桌面摆件类",无所谓,希望增加年轻化配色和小件礼盒，方便送礼和收藏。
daqi-answer-437,2026-08-17T15:28:00+08:00,男,18岁以下,职场上班族,1000-2000元,非常喜欢,每月1次,"日常自用,市集/展会随手购买",短视频平台,非常了解,非常感兴趣,手工工艺独特,"不适合日常使用,工艺精致",非常愿意,支持,"提升包装质感,加强科普宣传",一定会,大漆钥匙扣,简约现代风,可以接受,价格性价比,极高,组合套装礼盒,非常喜欢,经典黑金红传统色,随缘,同学朋友送礼,略有影响,"款式同质化严重,做工粗糙",20元以内,50-80元,完全愿意,大概率会,随缘,"线上店铺,线下实体店",小幅提升,一定会复购,"工艺制作短视频,非遗文化科普",配饰挂件类,非常认可，环保创新,希望兼顾传统工艺和日常实用性，价格可以分档。
daqi-answer-438,2026-08-18T16:41:00+08:00,女,18-22岁,个体经营者,1000元以内,比较喜欢,每月多次,日常自用,"电商店铺,校园市集",略有耳闻,比较感兴趣,"色泽质感高级,国风颜值高","价格昂贵,不适合日常使用",愿意,不支持,"降低价格,优化款式设计",可能会,"大漆书签,大件漆艺摆件",传统国风古风,介意，追求完美品,"文化寓意,颜值外观",较高,单品简约款,非常喜欢,撞色潮流色系,非常愿意,"节日礼物,同学朋友送礼",不在意,价格虚高,20-40元,50元以内,可以接受小幅溢价,看价格款式决定,一定会了解购买,线上店铺,大幅提升,一定会复购,高颜值产品实拍图,"桌面摆件类,配饰挂件类",比较认可,建议多做短视频展示制作过程，并在线下市集提供体验。
daqi-answer-439,2026-08-19T17:54:00+08:00,男,31-40岁,在校学生,1000-2000元,非常喜欢,每月多次,"收藏爱好,市集/展会随手购买","文创展会,线下实体店",非常了解,一般,"非遗文化底蕴,色泽质感高级",款式老旧,不愿意,强烈支持,适配日常使用,一定会,"大漆漆扇,大漆书签",小众艺术轻奢风,完全接受，更有特色,"颜值外观,实用性",较低,单品简约款,无所谓,经典黑金红传统色,愿意,"师生赠礼,商务小礼品",会，非常加分,"华而不实无实用性,包装简陋",20元以内,50-80元,不太接受,一定会买,会驻足了解,"文创展会,线下实体店",大幅提升,不确定,"非遗文化科普,高颜值产品实拍图","文具类,配饰挂件类",不认可,包装可以更精致，同时附上简明的非遗文化说明卡。
daqi-answer-440,2026-08-20T18:07:00+08:00,女,18岁以下,职场上班族,2000-3500元,非常喜欢,季度1-2次,"日常自用,活动奖品",短视频平台,略有耳闻,非常感兴趣,手工工艺独特,"适合收藏送礼,工艺精致",非常愿意,支持,"降低价格,加强科普宣传",可能会,大漆钥匙扣,简约现代风,可以接受,价格性价比,极高,盲盒款式,非常喜欢,莫兰迪浅色系,不愿意,同学朋友送礼,略有影响,"做工粗糙,款式同质化严重",20-40元,80-120元,完全愿意,大概率会,一定会了解购买,"线上店铺,文创展会",无变化,一定会复购,"工艺制作短视频,高颜值产品实拍图",配饰挂件类,非常认可，环保创新,希望增加年轻化配色和小件礼盒，方便送礼和收藏。
daqi-answer-441,2026-08-21T09:20:00+08:00,男,18-22岁,在校学生,1000元以内,一般,每月多次,送礼纪念,"电商店铺,线下实体店",完全没听过,比较感兴趣,"小众不撞款,国风颜值高","价格昂贵,款式老旧",愿意,强烈支持,"优化款式设计,降低价格",不确定,"大漆书签,大漆钥匙扣",传统国风古风,完全接受，更有特色,"实用性,独特小众性",较高,单品简约款,喜欢,自然原木底色,非常愿意,"节日礼物,纪念收藏",会，非常加分,价格虚高,40-60元,50元以内,可以接受小幅溢价,一定会买,一定会了解购买,校园市集,大幅提升,可能复购,高颜值产品实拍图,"定制专属类,桌面摆件类",无所谓,希望兼顾传统工艺和日常实用性，价格可以分档。
daqi-answer-442,2026-08-22T10:33:00+08:00,女,18岁以下,在校学生,1000-2000元,非常喜欢,每月1次,"收藏爱好,活动奖品","线下实体店,朋友推荐",非常了解,毫无兴趣,"非遗文化底蕴,手工工艺独特",不适合日常使用,非常愿意,支持,适配日常使用,一定会,"大漆漆扇,文创套装礼盒",简约现代风,完全接受，更有特色,"颜值外观,工艺质感",极高,组合套装礼盒,不喜欢,经典黑金红传统色,愿意,"商务小礼品,师生赠礼",略有影响,"华而不实无实用性,做工粗糙",20元以内,50-80元,完全愿意,一定会买,随缘,"文创展会,校园市集",小幅提升,不会复购,"优惠活动福利,非遗文化科普","文具类,定制专属类",非常认可，环保创新,建议多做短视频展示制作过程，并在线下市集提供体验。
daqi-answer-443,2026-08-23T11:46:00+08:00,男,18岁以下,自由职业,1000元以内,比较喜欢,季度1-2次,"日常自用,收藏爱好",短视频平台,略有耳闻,非常感兴趣,色泽质感高级,"价格昂贵,工艺精致",愿意,中立,"降低价格,适配日常使用",可能会,大件漆艺摆件,简约现代风,介意，追求完美品,工艺质感,较高,定制专属款,非常喜欢,莫兰迪浅色系,非常愿意,同学朋友送礼,无影响,"价格虚高,做工粗糙",20-40元,50元以内,完全愿意,看价格款式决定,一定会了解购买,"线上店铺,校园市集",反而降低,一定会复购,"工艺制作短视频,优惠活动福利",桌面摆件类,比较认可,包装可以更精致，同时附上简明的非遗文化说明卡。
daqi-answer-444,2026-08-24T12:59:00+08:00,女,23-30岁,在校学生,1000元以内,一般,每月多次,送礼纪念,"校园市集,朋友推荐",非常了解,一般,"非遗文化底蕴,国风颜值高","款式老旧,价格昂贵",无所谓,强烈支持,"优化款式设计,提升包装质感",一定会,"大漆书签,大漆漆扇",小众艺术轻奢风,完全接受，更有特色,"颜值外观,实用性",一般,单品简约款,喜欢,经典黑金红传统色,愿意,"节日礼物,商务小礼品",会，非常加分,价格虚高,20元以内,50元以内,不太接受,一定会买,会驻足了解,校园市集,大幅提升,不确定,非遗文化科普,"文具类,桌面摆件类",无所谓,希望增加年轻化配色和小件礼盒，方便送礼和收藏。
daqi-answer-445,2026-08-25T13:12:00+08:00,男,18岁以下,职场上班族,2000-3500元,非常喜欢,每月1次,"市集/展会随手购买,活动奖品","短视频平台,文创展会",略有耳闻,非常感兴趣,"手工工艺独特,非遗文化底蕴",不适合日常使用,非常愿意,支持,加强科普宣传,一定会,"大漆漆扇,大件漆艺摆件",简约现代风,可以接受,"价格性价比,颜值外观",极高,组合套装礼盒,非常喜欢,莫兰迪浅色系,随缘,"同学朋友送礼,商务小礼品",略有影响,"款式同质化严重,做工粗糙",20元以内,80-120元,完全愿意,大概率会,不会关注,"社群团购,文创展会",无变化,一定会复购,"工艺制作短视频,非遗文化科普","配饰挂件类,定制专属类",非常认可，环保创新,希望兼顾传统工艺和日常实用性，价格可以分档。
daqi-answer-446,2026-08-26T14:25:00+08:00,女,18-22岁,自由职业,1000元以内,比较喜欢,几乎不买,"日常自用,送礼纪念",电商店铺,非常了解,比较感兴趣,色泽质感高级,"价格昂贵,不适合日常使用",愿意,强烈支持,"降低价格,优化款式设计",不确定,大漆书签,传统国风古风,非常介意,工艺质感,较高,单品简约款,喜欢,撞色潮流色系,非常愿意,同学朋友送礼,会，非常加分,"价格虚高,款式同质化严重",40-60元,50元以内,可以接受小幅溢价,基本不会,一定会了解购买,"线上店铺,社群团购",大幅提升,可能复购,"高颜值产品实拍图,优惠活动福利",桌面摆件类,比较认可,建议多做短视频展示制作过程，并在线下市集提供体验。
daqi-answer-447,2026-08-27T15:38:00+08:00,男,23-30岁,在校学生,1000-2000元,完全不感兴趣,每月多次,收藏爱好,"校园市集,电商店铺",非常了解,一般,"非遗文化底蕴,色泽质感高级","款式老旧,适合收藏送礼",非常愿意,强烈支持,"优化款式设计,加强科普宣传",一定会,"大漆漆扇,大漆书签",可爱治愈风,完全接受，更有特色,"颜值外观,工艺质感",较低,组合套装礼盒,无所谓,经典黑金红传统色,愿意,"师生赠礼,商务小礼品",会，非常加分,华而不实无实用性,20元以内,50-80元,完全不接受,一定会买,随缘,文创展会,小幅提升,不确定,非遗文化科普,"文具类,配饰挂件类",非常认可，环保创新,包装可以更精致，同时附上简明的非遗文化说明卡。
daqi-answer-448,2026-08-28T16:51:00+08:00,女,18岁以下,职场上班族,3500元以上,非常喜欢,季度1-2次,"日常自用,活动奖品","短视频平台,电商店铺",完全没听过,非常感兴趣,"手工工艺独特,小众不撞款",工艺精致,非常愿意,中立,降低价格,可能会,"大漆钥匙扣,大件漆艺摆件",简约现代风,可以接受,"价格性价比,实用性",极高,盲盒款式,非常喜欢,莫兰迪浅色系,非常愿意,"同学朋友送礼,师生赠礼",无影响,"款式同质化严重,华而不实无实用性",20-40元,120元以上,完全愿意,看价格款式决定,一定会了解购买,"线上店铺,文创展会",无变化,一定会复购,"工艺制作短视频,高颜值产品实拍图","配饰挂件类,礼盒套装类",非常认可，环保创新,希望增加年轻化配色和小件礼盒，方便送礼和收藏。
daqi-answer-449,2026-08-01T17:04:00+08:00,男,18-22岁,其他,1000元以内,一般,每月多次,"送礼纪念,日常自用",电商店铺,非常了解,比较感兴趣,国风颜值高,"价格昂贵,款式老旧",无所谓,强烈支持,"优化款式设计,降低价格",基本不会,大漆书签,传统国风古风,完全接受，更有特色,文化寓意,较高,单品简约款,喜欢,经典黑金红传统色,非常愿意,节日礼物,会，非常加分,"价格虚高,华而不实无实用性",60元以上,50元以内,不太接受,一定会买,会驻足了解,"校园市集,社群团购",大幅提升,可能复购,"高颜值产品实拍图,市集线下体验",礼盒套装类,无所谓,希望兼顾传统工艺和日常实用性，价格可以分档。
daqi-answer-450,2026-08-02T18:17:00+08:00,男,40岁以上,在校学生,1000-2000元,非常喜欢,每月1次,收藏爱好,"文创展会,短视频平台",略有耳闻,兴趣较低,"非遗文化底蕴,手工工艺独特","款式老旧,工艺精致",非常愿意,支持,"适配日常使用,加强科普宣传",一定会,"大漆漆扇,文创套装礼盒",简约现代风,可以接受,"颜值外观,独特小众性",极高,组合套装礼盒,非常喜欢,经典黑金红传统色,随缘,"师生赠礼,节日礼物",略有影响,华而不实无实用性,20元以内,80-120元,完全愿意,大概率会,随缘,文创展会,小幅提升,一定会复购,市集线下体验,"文具类,定制专属类",非常认可，环保创新,建议多做短视频展示制作过程，并在线下市集提供体验。
daqi-answer-451,2026-08-03T09:30:00+08:00,男,18岁以下,自由职业,1000元以内,比较喜欢,季度1-2次,"日常自用,收藏爱好","短视频平台,朋友推荐",非常了解,非常感兴趣,"手工工艺独特,国风颜值高",价格昂贵,愿意,不支持,降低价格,可能会,"大件漆艺摆件,大漆钥匙扣",传统国风古风,介意，追求完美品,"价格性价比,工艺质感",极高,单品简约款,非常喜欢,撞色潮流色系,非常愿意,"同学朋友送礼,节日礼物",不在意,"包装简陋,款式同质化严重",40-60元,50元以内,可以接受小幅溢价,看价格款式决定,一定会了解购买,"线上店铺,校园市集",大幅提升,一定会复购,"工艺制作短视频,优惠活动福利","配饰挂件类,桌面摆件类",比较认可,包装可以更精致，同时附上简明的非遗文化说明卡。
daqi-answer-452,2026-08-04T10:43:00+08:00,男,23-30岁,在校学生,1000-2000元,一般,每月多次,"送礼纪念,市集/展会随手购买",电商店铺,略有耳闻,比较感兴趣,非遗文化底蕴,"款式老旧,价格昂贵",不愿意,强烈支持,"优化款式设计,提升包装质感",一定会,大漆书签,小众艺术轻奢风,完全接受，更有特色,实用性,一般,单品简约款,无所谓,经典黑金红传统色,愿意,节日礼物,会，非常加分,"价格虚高,包装简陋",20元以内,50-80元,不太接受,一定会买,会驻足了解,"校园市集,线下实体店",大幅提升,不确定,"高颜值产品实拍图,非遗文化科普",文具类,不认可,希望增加年轻化配色和小件礼盒，方便送礼和收藏。
daqi-answer-453,2026-08-05T11:56:00+08:00,女,18岁以下,职场上班族,2000-3500元,非常喜欢,每月1次,活动奖品,"朋友推荐,线下实体店",完全没听过,非常感兴趣,"手工工艺独特,非遗文化底蕴","不适合日常使用,工艺精致",非常愿意,支持,"加强科普宣传,适配日常使用",可能会,"大漆漆扇,大件漆艺摆件",简约现代风,可以接受,"颜值外观,文化寓意",极高,盲盒款式,非常喜欢,莫兰迪浅色系,不愿意,"纪念收藏,师生赠礼",无影响,款式同质化严重,20-40元,80-120元,完全愿意,大概率会,一定会了解购买,线下实体店,无变化,一定会复购,工艺制作短视频,"文具类,礼盒套装类",非常认可，环保创新,希望兼顾传统工艺和日常实用性，价格可以分档。
daqi-answer-454,2026-08-06T12:09:00+08:00,男,18-22岁,自由职业,1000元以内,比较喜欢,半年一次,"日常自用,送礼纪念","短视频平台,校园市集",非常了解,比较感兴趣,"色泽质感高级,国风颜值高",价格昂贵,愿意,强烈支持,降低价格,不确定,"大漆书签,大件漆艺摆件",传统国风古风,完全接受，更有特色,"工艺质感,颜值外观",较高,单品简约款,喜欢,自然原木底色,非常愿意,"同学朋友送礼,纪念收藏",会，非常加分,"价格虚高,款式同质化严重",40-60元,50元以内,可以接受小幅溢价,一定会买,一定会了解购买,"线上店铺,社群团购",大幅提升,可能复购,"工艺制作短视频,市集线下体验","桌面摆件类,配饰挂件类",无所谓,建议多做短视频展示制作过程，并在线下市集提供体验。
daqi-answer-455,2026-08-07T13:22:00+08:00,女,23-30岁,在校学生,1000-2000元,不太喜欢,每月多次,"送礼纪念,活动奖品",校园市集,完全没听过,一般,非遗文化底蕴,"款式老旧,适合收藏送礼",非常愿意,支持,"优化款式设计,加强科普宣传",一定会,大漆书签,简约现代风,完全接受，更有特色,颜值外观,一般,组合套装礼盒,不喜欢,经典黑金红传统色,随缘,师生赠礼,略有影响,"华而不实无实用性,包装简陋",20元以内,50-80元,完全愿意,一定会买,随缘,"校园市集,文创展会",小幅提升,不会复购,"非遗文化科普,高颜值产品实拍图",文具类,非常认可，环保创新,包装可以更精致，同时附上简明的非遗文化说明卡。
daqi-answer-456,2026-08-08T14:35:00+08:00,男,18岁以下,职场上班族,1000元以内,非常喜欢,每月1次,日常自用,"短视频平台,朋友推荐",非常了解,非常感兴趣,"手工工艺独特,小众不撞款","工艺精致,不适合日常使用",愿意,中立,"降低价格,加强科普宣传",可能会,"大漆钥匙扣,大件漆艺摆件",简约现代风,介意，追求完美品,"价格性价比,工艺质感",极高,定制专属款,非常喜欢,撞色潮流色系,非常愿意,"同学朋友送礼,师生赠礼",无影响,款式同质化严重,20-40元,50元以内,完全愿意,看价格款式决定,一定会了解购买,线上店铺,反而降低,一定会复购,工艺制作短视频,"配饰挂件类,礼盒套装类",比较认可,希望增加年轻化配色和小件礼盒，方便送礼和收藏。
daqi-answer-457,2026-08-09T15:48:00+08:00,女,18-22岁,个体经营者,1000元以内,比较喜欢,每月多次,"送礼纪念,日常自用","电商店铺,短视频平台",略有耳闻,比较感兴趣,"国风颜值高,色泽质感高级",价格昂贵,无所谓,强烈支持,降低价格,一定会,"大漆书签,大漆钥匙扣",小众艺术轻奢风,完全接受，更有特色,"工艺质感,实用性",较高,单品简约款,无所谓,经典黑金红传统色,愿意,"节日礼物,纪念收藏",会，非常加分,"价格虚高,华而不实无实用性",20元以内,50元以内,不太接受,一定会买,会驻足了解,"线上店铺,线下实体店",大幅提升,不确定,"高颜值产品实拍图,市集线下体验","礼盒套装类,配饰挂件类",无所谓,希望兼顾传统工艺和日常实用性，价格可以分档。
daqi-answer-458,2026-08-10T16:01:00+08:00,男,31-40岁,在校学生,2000-3500元,非常喜欢,每月1次,"收藏爱好,活动奖品",校园市集,非常了解,兴趣较低,非遗文化底蕴,"款式老旧,工艺精致",非常愿意,支持,"适配日常使用,加强科普宣传",一定会,大漆漆扇,简约现代风,可以接受,颜值外观,不看重,盲盒款式,非常喜欢,莫兰迪浅色系,随缘,师生赠礼,略有影响,"华而不实无实用性,做工粗糙",20元以内,80-120元,完全愿意,大概率会,不会关注,"文创展会,校园市集",无变化,一定会复购,"市集线下体验,高颜值产品实拍图",文具类,非常认可，环保创新,建议多做短视频展示制作过程，并在线下市集提供体验。
daqi-answer-459,2026-08-11T17:14:00+08:00,女,18岁以下,职场上班族,1000元以内,比较喜欢,季度1-2次,日常自用,"短视频平台,校园市集",略有耳闻,非常感兴趣,"手工工艺独特,国风颜值高","价格昂贵,工艺精致",愿意,强烈支持,"降低价格,适配日常使用",不确定,"大漆钥匙扣,大漆漆扇",传统国风古风,非常介意,"价格性价比,独特小众性",极高,单品简约款,喜欢,撞色潮流色系,非常愿意,"同学朋友送礼,节日礼物",会，非常加分,做工粗糙,40-60元,50元以内,可以接受小幅溢价,基本不会,一定会了解购买,线上店铺,大幅提升,可能复购,工艺制作短视频,"配饰挂件类,桌面摆件类",比较认可,包装可以更精致，同时附上简明的非遗文化说明卡。
daqi-answer-460,2026-08-12T18:27:00+08:00,男,18-22岁,在校学生,1000-2000元,一般,每月多次,"送礼纪念,市集/展会随手购买","电商店铺,朋友推荐",完全没听过,比较感兴趣,"非遗文化底蕴,国风颜值高",价格昂贵,非常愿意,强烈支持,优化款式设计,一定会,"大漆书签,大漆漆扇",可爱治愈风,完全接受，更有特色,"文化寓意,工艺质感",一般,组合套装礼盒,无所谓,经典黑金红传统色,愿意,"节日礼物,商务小礼品",会，非常加分,"价格虚高,包装简陋",20元以内,50-80元,完全不接受,一定会买,随缘,"校园市集,线下实体店",小幅提升,不确定,"高颜值产品实拍图,非遗文化科普","文具类,桌面摆件类",非常认可，环保创新,希望增加年轻化配色和小件礼盒，方便送礼和收藏。
daqi-answer-461,2026-08-13T09:40:00+08:00,女,18岁以下,职场上班族,3500元以上,非常喜欢,每月1次,"活动奖品,收藏爱好",文创展会,非常了解,非常感兴趣,非遗文化底蕴,"不适合日常使用,工艺精致",非常愿意,中立,"适配日常使用,优化款式设计",可能会,大漆漆扇,简约现代风,介意，追求完美品,颜值外观,极高,盲盒款式,非常喜欢,莫兰迪浅色系,非常愿意,商务小礼品,无影响,"华而不实无实用性,款式同质化严重",20-40元,120元以上,完全愿意,看价格款式决定,一定会了解购买,"线下实体店,校园市集",无变化,一定会复购,"工艺制作短视频,非遗文化科普",文具类,比较认可,希望兼顾传统工艺和日常实用性，价格可以分档。
daqi-answer-462,2026-08-14T10:53:00+08:00,男,18-22岁,自由职业,1000元以内,比较喜欢,半年一次,日常自用,"短视频平台,线下实体店",略有耳闻,非常感兴趣,"色泽质感高级,国风颜值高","价格昂贵,不适合日常使用",无所谓,强烈支持,"降低价格,优化款式设计",基本不会,"文创套装礼盒,大漆钥匙扣",小众艺术轻奢风,完全接受，更有特色,"价格性价比,文化寓意",较高,单品简约款,喜欢,经典黑金红传统色,非常愿意,"同学朋友送礼,纪念收藏",会，非常加分,价格虚高,60元以上,50元以内,不太接受,一定会买,会驻足了解,线上店铺,大幅提升,可能复购,工艺制作短视频,"桌面摆件类,配饰挂件类",无所谓,建议多做短视频展示制作过程，并在线下市集提供体验。
daqi-answer-463,2026-08-15T11:06:00+08:00,女,23-30岁,在校学生,1000-2000元,不太喜欢,每月多次,"送礼纪念,活动奖品","电商店铺,校园市集",非常了解,一般,"非遗文化底蕴,色泽质感高级",款式老旧,非常愿意,支持,优化款式设计,一定会,"大漆书签,文创套装礼盒",简约现代风,可以接受,"实用性,价格性价比",一般,组合套装礼盒,非常喜欢,经典黑金红传统色,随缘,"节日礼物,师生赠礼",略有影响,"价格虚高,做工粗糙",20元以内,80-120元,完全愿意,大概率会,随缘,"校园市集,文创展会",小幅提升,一定会复购,"非遗文化科普,高颜值产品实拍图","文具类,配饰挂件类",非常认可，环保创新,包装可以更精致，同时附上简明的非遗文化说明卡。
daqi-answer-464,2026-08-16T12:19:00+08:00,男,18岁以下,职场上班族,1000元以内,非常喜欢,每月1次,"日常自用,活动奖品",朋友推荐,略有耳闻,非常感兴趣,手工工艺独特,"不适合日常使用,款式老旧",愿意,不支持,"提升包装质感,适配日常使用",不确定,大漆钥匙扣,传统国风古风,介意，追求完美品,颜值外观,极高,单品简约款,非常喜欢,撞色潮流色系,非常愿意,同学朋友送礼,不在意,"款式同质化严重,华而不实无实用性",40-60元,50元以内,可以接受小幅溢价,看价格款式决定,一定会了解购买,"线上店铺,文创展会",大幅提升,可能复购,"工艺制作短视频,高颜值产品实拍图",配饰挂件类,比较认可,希望增加年轻化配色和小件礼盒，方便送礼和收藏。
daqi-answer-465,2026-08-17T13:32:00+08:00,女,18-22岁,个体经营者,1000-2000元,比较喜欢,每月多次,日常自用,"短视频平台,文创展会",非常了解,比较感兴趣,"色泽质感高级,手工工艺独特","价格昂贵,款式老旧",不愿意,强烈支持,"降低价格,提升包装质感",一定会,"大漆书签,大漆钥匙扣",小众艺术轻奢风,完全接受，更有特色,"价格性价比,颜值外观",较高,单品简约款,无所谓,经典黑金红传统色,愿意,"同学朋友送礼,商务小礼品",会，非常加分,价格虚高,20元以内,50-80元,不太接受,一定会买,会驻足了解,线上店铺,小幅提升,不确定,高颜值产品实拍图,"桌面摆件类,文具类",不认可,希望兼顾传统工艺和日常实用性，价格可以分档。
daqi-answer-466,2026-08-18T14:45:00+08:00,男,31-40岁,在校学生,2000-3500元,非常喜欢,每月多次,"收藏爱好,活动奖品","校园市集,短视频平台",非常了解,一般,"非遗文化底蕴,手工工艺独特",款式老旧,非常愿意,中立,适配日常使用,可能会,"大漆漆扇,文创套装礼盒",简约现代风,可以接受,"颜值外观,价格性价比",较低,盲盒款式,非常喜欢,莫兰迪浅色系,不愿意,"师生赠礼,节日礼物",无影响,"华而不实无实用性,做工粗糙",20-40元,80-120元,完全愿意,大概率会,一定会了解购买,"文创展会,校园市集",无变化,一定会复购,"非遗文化科普,工艺制作短视频","文具类,定制专属类",非常认可，环保创新,建议多做短视频展示制作过程，并在线下市集提供体验。
daqi-answer-467,2026-08-19T15:58:00+08:00,男,18岁以下,职场上班族,1000元以内,非常喜欢,季度1-2次,"日常自用,收藏爱好",短视频平台,完全没听过,非常感兴趣,手工工艺独特,"适合收藏送礼,不适合日常使用",无所谓,强烈支持,"降低价格,适配日常使用",不确定,大漆钥匙扣,传统国风古风,完全接受，更有特色,颜值外观,极高,单品简约款,喜欢,自然原木底色,非常愿意,同学朋友送礼,会，非常加分,"做工粗糙,华而不实无实用性",40-60元,50元以内,可以接受小幅溢价,一定会买,会驻足了解,"线上店铺,校园市集",大幅提升,可能复购,"工艺制作短视频,优惠活动福利",配饰挂件类,无所谓,包装可以更精致，同时附上简明的非遗文化说明卡。
daqi-answer-468,2026-08-20T16:11:00+08:00,男,18-22岁,在校学生,1000-2000元,一般,每月多次,送礼纪念,"电商店铺,校园市集",非常了解,比较感兴趣,"小众不撞款,色泽质感高级","价格昂贵,适合收藏送礼",非常愿意,支持,"优化款式设计,提升包装质感",一定会,"大漆书签,大漆漆扇",简约现代风,完全接受，更有特色,"工艺质感,独特小众性",较高,组合套装礼盒,不喜欢,经典黑金红传统色,随缘,"节日礼物,商务小礼品",略有影响,价格虚高,20元以内,50-80元,完全愿意,大概率会,随缘,校园市集,小幅提升,不会复购,高颜值产品实拍图,"定制专属类,配饰挂件类",非常认可，环保创新,希望增加年轻化配色和小件礼盒，方便送礼和收藏。
daqi-answer-469,2026-08-21T17:24:00+08:00,男,18岁以下,在校学生,1000元以内,非常喜欢,每月1次,"收藏爱好,送礼纪念","校园市集,朋友推荐",略有耳闻,毫无兴趣,"非遗文化底蕴,小众不撞款",不适合日常使用,愿意,中立,适配日常使用,可能会,"大漆漆扇,大件漆艺摆件",简约现代风,介意，追求完美品,"颜值外观,实用性",极高,定制专属款,非常喜欢,撞色潮流色系,非常愿意,"商务小礼品,节日礼物",无影响,"华而不实无实用性,款式同质化严重",20-40元,50元以内,可以接受小幅溢价,看价格款式决定,一定会了解购买,"文创展会,线上店铺",反而降低,一定会复购,"优惠活动福利,高颜值产品实拍图","文具类,礼盒套装类",比较认可,希望兼顾传统工艺和日常实用性，价格可以分档。
daqi-answer-470,2026-08-22T18:37:00+08:00,男,18岁以下,自由职业,1000元以内,比较喜欢,季度1-2次,"日常自用,送礼纪念",短视频平台,非常了解,非常感兴趣,色泽质感高级,"价格昂贵,不适合日常使用",无所谓,强烈支持,"降低价格,优化款式设计",一定会,大件漆艺摆件,小众艺术轻奢风,完全接受，更有特色,价格性价比,极高,单品简约款,无所谓,经典黑金红传统色,愿意,同学朋友送礼,会，非常加分,"价格虚高,款式同质化严重",20元以内,50-80元,不太接受,一定会买,会驻足了解,"线上店铺,社群团购",大幅提升,不确定,"工艺制作短视频,市集线下体验",桌面摆件类,无所谓,建议多做短视频展示制作过程，并在线下市集提供体验。
daqi-answer-471,2026-08-23T09:50:00+08:00,男,23-30岁,在校学生,2000-3500元,一般,每月多次,送礼纪念,"电商店铺,线下实体店",略有耳闻,一般,"非遗文化底蕴,色泽质感高级","款式老旧,适合收藏送礼",非常愿意,支持,"优化款式设计,加强科普宣传",一定会,"大漆书签,文创套装礼盒",简约现代风,可以接受,"工艺质感,文化寓意",一般,盲盒款式,非常喜欢,莫兰迪浅色系,随缘,"节日礼物,师生赠礼",略有影响,价格虚高,20-40元,80-120元,完全愿意,大概率会,不会关注,校园市集,无变化,一定会复购,非遗文化科普,"文具类,配饰挂件类",非常认可，环保创新,包装可以更精致，同时附上简明的非遗文化说明卡。
daqi-answer-472,2026-08-24T10:03:00+08:00,女,18岁以下,职场上班族,1000元以内,非常喜欢,每月1次,"市集/展会随手购买,收藏爱好","文创展会,校园市集",完全没听过,非常感兴趣,"手工工艺独特,小众不撞款",不适合日常使用,愿意,强烈支持,加强科普宣传,不确定,"大漆漆扇,大漆钥匙扣",传统国风古风,非常介意,"颜值外观,工艺质感",极高,单品简约款,喜欢,撞色潮流色系,非常愿意,"同学朋友送礼,师生赠礼",会，非常加分,"款式同质化严重,华而不实无实用性",40-60元,50元以内,可以接受小幅溢价,基本不会,一定会了解购买,"社群团购,校园市集",大幅提升,可能复购,"工艺制作短视频,高颜值产品实拍图","配饰挂件类,礼盒套装类",比较认可,希望增加年轻化配色和小件礼盒，方便送礼和收藏。
daqi-answer-473,2026-08-25T11:16:00+08:00,男,18-22岁,自由职业,1000-2000元,比较喜欢,几乎不买,"日常自用,市集/展会随手购买",短视频平台,非常了解,比较感兴趣,色泽质感高级,"价格昂贵,款式老旧",非常愿意,强烈支持,"降低价格,提升包装质感",一定会,大漆书签,可爱治愈风,完全接受，更有特色,价格性价比,较高,组合套装礼盒,无所谓,经典黑金红传统色,愿意,同学朋友送礼,略有影响,"价格虚高,华而不实无实用性",20元以内,50-80元,完全不接受,一定会买,随缘,"线上店铺,线下实体店",小幅提升,不确定,"高颜值产品实拍图,市集线下体验",桌面摆件类,非常认可，环保创新,希望兼顾传统工艺和日常实用性，价格可以分档。
daqi-answer-474,2026-08-26T12:29:00+08:00,女,23-30岁,在校学生,3500元以上,完全不感兴趣,每月多次,收藏爱好,"电商店铺,文创展会",略有耳闻,一般,"非遗文化底蕴,手工工艺独特","款式老旧,工艺精致",非常愿意,中立,"优化款式设计,适配日常使用",可能会,"大漆书签,大件漆艺摆件",简约现代风,介意，追求完美品,"实用性,工艺质感",较低,盲盒款式,非常喜欢,莫兰迪浅色系,非常愿意,"师生赠礼,节日礼物",无影响,华而不实无实用性,20-40元,120元以上,完全愿意,看价格款式决定,一定会了解购买,文创展会,无变化,一定会复购,非遗文化科普,"文具类,定制专属类",比较认可,建议多做短视频展示制作过程，并在线下市集提供体验。
daqi-answer-475,2026-08-27T13:42:00+08:00,男,18岁以下,职场上班族,1000元以内,非常喜欢,季度1-2次,"日常自用,收藏爱好","朋友推荐,电商店铺",非常了解,非常感兴趣,"手工工艺独特,国风颜值高",工艺精致,无所谓,强烈支持,降低价格,基本不会,"大漆钥匙扣,大漆漆扇",小众艺术轻奢风,完全接受，更有特色,"颜值外观,独特小众性",极高,单品简约款,喜欢,经典黑金红传统色,愿意,"同学朋友送礼,节日礼物",会，非常加分,"款式同质化严重,价格虚高",60元以上,50元以内,不太接受,一定会买,会驻足了解,"线上店铺,校园市集",大幅提升,可能复购,"工艺制作短视频,优惠活动福利","配饰挂件类,桌面摆件类",无所谓,包装可以更精致，同时附上简明的非遗文化说明卡。
daqi-answer-476,2026-08-28T14:55:00+08:00,女,18-22岁,其他,2000-3500元,一般,每月多次,"送礼纪念,市集/展会随手购买",短视频平台,略有耳闻,比较感兴趣,国风颜值高,"价格昂贵,适合收藏送礼",非常愿意,支持,"降低价格,加强科普宣传",一定会,大漆书签,简约现代风,可以接受,价格性价比,较高,组合套装礼盒,非常喜欢,莫兰迪浅色系,随缘,节日礼物,略有影响,"价格虚高,包装简陋",20元以内,80-120元,完全愿意,大概率会,随缘,"校园市集,线下实体店",小幅提升,一定会复购,"高颜值产品实拍图,非遗文化科普",礼盒套装类,非常认可，环保创新,希望增加年轻化配色和小件礼盒，方便送礼和收藏。
daqi-answer-477,2026-08-01T15:08:00+08:00,男,40岁以上,在校学生,1000元以内,非常喜欢,每月1次,收藏爱好,"电商店铺,短视频平台",非常了解,兴趣较低,"非遗文化底蕴,小众不撞款","款式老旧,不适合日常使用",愿意,不支持,"适配日常使用,优化款式设计",不确定,"大漆漆扇,大件漆艺摆件",传统国风古风,介意，追求完美品,"颜值外观,工艺质感",极高,单品简约款,喜欢,撞色潮流色系,非常愿意,"师生赠礼,同学朋友送礼",不在意,华而不实无实用性,40-60元,50元以内,可以接受小幅溢价,看价格款式决定,一定会了解购买,文创展会,大幅提升,可能复购,市集线下体验,"文具类,礼盒套装类",比较认可,希望兼顾传统工艺和日常实用性，价格可以分档。
daqi-answer-478,2026-08-02T16:21:00+08:00,女,18岁以下,自由职业,1000-2000元,比较喜欢,季度1-2次,"日常自用,送礼纪念","短视频平台,电商店铺",非常了解,非常感兴趣,"手工工艺独特,色泽质感高级",价格昂贵,不愿意,强烈支持,降低价格,一定会,"大件漆艺摆件,大漆漆扇",小众艺术轻奢风,完全接受，更有特色,"颜值外观,文化寓意",极高,组合套装礼盒,无所谓,经典黑金红传统色,愿意,"同学朋友送礼,纪念收藏",会，非常加分,"包装简陋,华而不实无实用性",20元以内,50-80元,不太接受,一定会买,会驻足了解,"线上店铺,社群团购",小幅提升,不确定,"工艺制作短视频,市集线下体验","配饰挂件类,文具类",不认可,建议多做短视频展示制作过程，并在线下市集提供体验。
daqi-answer-479,2026-08-03T17:34:00+08:00,男,23-30岁,在校学生,2000-3500元,一般,每月多次,"送礼纪念,活动奖品",短视频平台,完全没听过,比较感兴趣,非遗文化底蕴,"价格昂贵,工艺精致",非常愿意,中立,"优化款式设计,加强科普宣传",可能会,大漆书签,简约现代风,可以接受,工艺质感,一般,盲盒款式,非常喜欢,莫兰迪浅色系,不愿意,节日礼物,无影响,"价格虚高,做工粗糙",20-40元,80-120元,完全愿意,大概率会,一定会了解购买,"校园市集,文创展会",无变化,一定会复购,"高颜值产品实拍图,工艺制作短视频",文具类,非常认可，环保创新,包装可以更精致，同时附上简明的非遗文化说明卡。
daqi-answer-480,2026-08-04T18:47:00+08:00,女,18岁以下,职场上班族,1000元以内,非常喜欢,每月1次,活动奖品,"校园市集,线下实体店",非常了解,非常感兴趣,"非遗文化底蕴,国风颜值高","不适合日常使用,款式老旧",无所谓,强烈支持,"加强科普宣传,优化款式设计",不确定,"大漆漆扇,大漆钥匙扣",传统国风古风,完全接受，更有特色,"颜值外观,独特小众性",极高,单品简约款,喜欢,自然原木底色,非常愿意,"纪念收藏,节日礼物",会，非常加分,款式同质化严重,40-60元,50元以内,可以接受小幅溢价,一定会买,会驻足了解,线下实体店,大幅提升,可能复购,工艺制作短视频,"文具类,桌面摆件类",无所谓,希望增加年轻化配色和小件礼盒，方便送礼和收藏。
daqi-answer-481,2026-08-05T09:00:00+08:00,男,18-22岁,自由职业,1000-2000元,比较喜欢,半年一次,"日常自用,市集/展会随手购买","短视频平台,朋友推荐",略有耳闻,非常感兴趣,"色泽质感高级,手工工艺独特",价格昂贵,非常愿意,支持,降低价格,一定会,"大漆书签,大漆钥匙扣",简约现代风,可以接受,"价格性价比,工艺质感",较高,组合套装礼盒,不喜欢,经典黑金红传统色,随缘,"同学朋友送礼,商务小礼品",略有影响,"价格虚高,华而不实无实用性",20元以内,50-80元,完全愿意,大概率会,随缘,"线上店铺,线下实体店",小幅提升,不会复购,"工艺制作短视频,非遗文化科普","桌面摆件类,文具类",非常认可，环保创新,希望兼顾传统工艺和日常实用性，价格可以分档。
daqi-answer-482,2026-08-06T10:13:00+08:00,女,23-30岁,在校学生,1000元以内,不太喜欢,每月多次,"送礼纪念,收藏爱好",电商店铺,非常了解,一般,非遗文化底蕴,"款式老旧,工艺精致",愿意,中立,"优化款式设计,适配日常使用",可能会,大漆书签,传统国风古风,介意，追求完美品,工艺质感,一般,定制专属款,非常喜欢,撞色潮流色系,非常愿意,师生赠礼,无影响,"华而不实无实用性,做工粗糙",20-40元,50元以内,可以接受小幅溢价,看价格款式决定,一定会了解购买,"校园市集,线上店铺",反而降低,一定会复购,"非遗文化科普,工艺制作短视频",文具类,比较认可,建议多做短视频展示制作过程，并在线下市集提供体验。
daqi-answer-483,2026-08-07T11:26:00+08:00,男,18岁以下,职场上班族,1000元以内,非常喜欢,每月1次,日常自用,"校园市集,文创展会",略有耳闻,非常感兴趣,"手工工艺独特,国风颜值高","工艺精致,款式老旧",无所谓,强烈支持,"降低价格,适配日常使用",一定会,"大漆钥匙扣,大漆漆扇",小众艺术轻奢风,完全接受，更有特色,"颜值外观,文化寓意",极高,单品简约款,无所谓,经典黑金红传统色,愿意,"同学朋友送礼,节日礼物",会，非常加分,款式同质化严重,20元以内,50-80元,不太接受,一定会买,会驻足了解,线上店铺,大幅提升,不确定,工艺制作短视频,"配饰挂件类,桌面摆件类",不认可,包装可以更精致，同时附上简明的非遗文化说明卡。
daqi-answer-484,2026-08-08T12:39:00+08:00,女,18-22岁,个体经营者,2000-3500元,比较喜欢,每月多次,"日常自用,活动奖品","短视频平台,校园市集",完全没听过,比较感兴趣,"国风颜值高,手工工艺独特",价格昂贵,非常愿意,支持,降低价格,可能会,"大漆书签,大漆漆扇",简约现代风,可以接受,"价格性价比,独特小众性",较高,盲盒款式,非常喜欢,莫兰迪浅色系,随缘,"节日礼物,商务小礼品",略有影响,"价格虚高,包装简陋",20-40元,80-120元,完全愿意,大概率会,不会关注,"线上店铺,文创展会",无变化,一定会复购,"高颜值产品实拍图,非遗文化科普","礼盒套装类,文具类",非常认可，环保创新,希望增加年轻化配色和小件礼盒，方便送礼和收藏。
daqi-answer-485,2026-08-09T13:52:00+08:00,男,31-40岁,在校学生,1000元以内,非常喜欢,每月多次,"收藏爱好,送礼纪念",电商店铺,非常了解,兴趣较低,非遗文化底蕴,"款式老旧,不适合日常使用",愿意,强烈支持,"适配日常使用,优化款式设计",不确定,大漆漆扇,传统国风古风,非常介意,文化寓意,不看重,单品简约款,喜欢,撞色潮流色系,非常愿意,师生赠礼,会，非常加分,"华而不实无实用性,款式同质化严重",40-60元,50元以内,可以接受小幅溢价,基本不会,一定会了解购买,"文创展会,线上店铺",大幅提升,可能复购,"市集线下体验,工艺制作短视频",文具类,比较认可,希望兼顾传统工艺和日常实用性，价格可以分档。
daqi-answer-486,2026-08-10T14:05:00+08:00,男,18岁以下,职场上班族,1000-2000元,非常喜欢,季度1-2次,日常自用,"朋友推荐,校园市集",完全没听过,非常感兴趣,"手工工艺独特,色泽质感高级","价格昂贵,不适合日常使用",非常愿意,支持,"降低价格,优化款式设计",一定会,"大漆钥匙扣,大漆书签",可爱治愈风,完全接受，更有特色,"颜值外观,价格性价比",极高,组合套装礼盒,无所谓,经典黑金红传统色,愿意,"同学朋友送礼,纪念收藏",略有影响,做工粗糙,20元以内,50-80元,完全不接受,一定会买,随缘,线上店铺,小幅提升,不会复购,工艺制作短视频,"配饰挂件类,文具类",非常认可，环保创新,建议多做短视频展示制作过程，并在线下市集提供体验。
daqi-answer-487,2026-08-11T15:18:00+08:00,男,18-22岁,在校学生,3500元以上,一般,每月多次,"送礼纪念,活动奖品","短视频平台,线下实体店",非常了解,比较感兴趣,"非遗文化底蕴,色泽质感高级",价格昂贵,愿意,中立,优化款式设计,可能会,"大漆书签,文创套装礼盒",简约现代风,介意，追求完美品,"价格性价比,文化寓意",一般,盲盒款式,非常喜欢,莫兰迪浅色系,非常愿意,"节日礼物,师生赠礼",无影响,"价格虚高,做工粗糙",20-40元,120元以上,完全愿意,看价格款式决定,一定会了解购买,"校园市集,文创展会",反而降低,一定会复购,"高颜值产品实拍图,工艺制作短视频","定制专属类,文具类",比较认可,包装可以更精致，同时附上简明的非遗文化说明卡。
daqi-answer-488,2026-08-12T16:31:00+08:00,男,18岁以下,在校学生,1000元以内,非常喜欢,每月1次,"活动奖品,送礼纪念",电商店铺,略有耳闻,非常感兴趣,非遗文化底蕴,"不适合日常使用,款式老旧",无所谓,强烈支持,"适配日常使用,降低价格",基本不会,大漆漆扇,小众艺术轻奢风,完全接受，更有特色,颜值外观,极高,单品简约款,喜欢,经典黑金红传统色,愿意,商务小礼品,会，非常加分,"华而不实无实用性,价格虚高",60元以上,50元以内,不太接受,一定会买,会驻足了解,"线下实体店,线上店铺",大幅提升,可能复购,"优惠活动福利,工艺制作短视频",文具类,无所谓,希望增加年轻化配色和小件礼盒，方便送礼和收藏。
daqi-answer-489,2026-08-13T17:44:00+08:00,女,18岁以下,自由职业,2000-3500元,比较喜欢,半年一次,日常自用,"短视频平台,校园市集",非常了解,非常感兴趣,"色泽质感高级,手工工艺独特","价格昂贵,款式老旧",非常愿意,支持,"降低价格,提升包装质感",一定会,"文创套装礼盒,大漆漆扇",简约现代风,可以接受,"颜值外观,实用性",较高,组合套装礼盒,非常喜欢,莫兰迪浅色系,随缘,"同学朋友送礼,商务小礼品",略有影响,价格虚高,20元以内,80-120元,完全愿意,大概率会,不会关注,线上店铺,小幅提升,一定会复购,工艺制作短视频,"桌面摆件类,文具类",非常认可，环保创新,希望兼顾传统工艺和日常实用性，价格可以分档。
daqi-answer-490,2026-08-14T18:57:00+08:00,男,23-30岁,在校学生,1000元以内,不太喜欢,每月多次,"送礼纪念,收藏爱好","短视频平台,文创展会",略有耳闻,一般,"非遗文化底蕴,手工工艺独特",款式老旧,愿意,不支持,优化款式设计,不确定,"大漆书签,大件漆艺摆件",传统国风古风,介意，追求完美品,"工艺质感,价格性价比",一般,单品简约款,喜欢,撞色潮流色系,非常愿意,"节日礼物,同学朋友送礼",不在意,"价格虚高,款式同质化严重",40-60元,50元以内,可以接受小幅溢价,基本不会,一定会了解购买,"校园市集,线上店铺",大幅提升,可能复购,"非遗文化科普,工艺制作短视频","文具类,定制专属类",比较认可,建议多做短视频展示制作过程，并在线下市集提供体验。
daqi-answer-491,2026-08-15T09:10:00+08:00,女,18岁以下,职场上班族,1000-2000元,非常喜欢,每月1次,"日常自用,收藏爱好",校园市集,完全没听过,非常感兴趣,手工工艺独特,"不适合日常使用,价格昂贵",不愿意,强烈支持,"提升包装质感,优化款式设计",一定会,大漆钥匙扣,小众艺术轻奢风,完全接受，更有特色,颜值外观,极高,组合套装礼盒,无所谓,经典黑金红传统色,愿意,同学朋友送礼,会，非常加分,"款式同质化严重,价格虚高",20元以内,50-80元,完全不接受,一定会买,会驻足了解,"社群团购,线上店铺",小幅提升,不确定,"工艺制作短视频,优惠活动福利",配饰挂件类,非常认可，环保创新,包装可以更精致，同时附上简明的非遗文化说明卡。
daqi-answer-492,2026-08-16T10:23:00+08:00,男,18-22岁,个体经营者,2000-3500元,比较喜欢,每月多次,日常自用,"短视频平台,线下实体店",非常了解,比较感兴趣,"色泽质感高级,非遗文化底蕴","价格昂贵,适合收藏送礼",非常愿意,中立,"降低价格,加强科普宣传",可能会,"大漆书签,大漆漆扇",简约现代风,可以接受,"价格性价比,文化寓意",较高,盲盒款式,非常喜欢,莫兰迪浅色系,不愿意,"同学朋友送礼,师生赠礼",无影响,价格虚高,20-40元,120元以上,完全愿意,大概率会,一定会了解购买,线上店铺,无变化,一定会复购,高颜值产品实拍图,"桌面摆件类,定制专属类",非常认可，环保创新,希望增加年轻化配色和小件礼盒，方便送礼和收藏。
daqi-answer-493,2026-08-17T11:36:00+08:00,女,31-40岁,在校学生,1000元以内,非常喜欢,每月多次,"收藏爱好,送礼纪念","电商店铺,校园市集",略有耳闻,一般,"非遗文化底蕴,小众不撞款",款式老旧,无所谓,强烈支持,适配日常使用,不确定,"大漆漆扇,大件漆艺摆件",传统国风古风,完全接受，更有特色,"工艺质感,独特小众性",较低,单品简约款,喜欢,自然原木底色,非常愿意,"师生赠礼,同学朋友送礼",会，非常加分,"华而不实无实用性,款式同质化严重",60元以上,50元以内,可以接受小幅溢价,一定会买,会驻足了解,"文创展会,线上店铺",大幅提升,可能复购,"非遗文化科普,优惠活动福利","文具类,礼盒套装类",无所谓,希望兼顾传统工艺和日常实用性，价格可以分档。
daqi-answer-494,2026-08-18T12:49:00+08:00,男,18岁以下,职场上班族,1000-2000元,非常喜欢,季度1-2次,"日常自用,送礼纪念",校园市集,非常了解,非常感兴趣,手工工艺独特,"适合收藏送礼,款式老旧",非常愿意,支持,"降低价格,优化款式设计",一定会,大漆钥匙扣,简约现代风,可以接受,颜值外观,极高,组合套装礼盒,不喜欢,经典黑金红传统色,随缘,同学朋友送礼,略有影响,"做工粗糙,价格虚高",20元以内,50-80元,完全愿意,大概率会,随缘,"线上店铺,社群团购",小幅提升,一定会复购,"工艺制作短视频,市集线下体验",配饰挂件类,非常认可，环保创新,建议多做短视频展示制作过程，并在线下市集提供体验。
daqi-answer-495,2026-08-19T13:02:00+08:00,女,18-22岁,在校学生,1000元以内,一般,每月多次,送礼纪念,"短视频平台,文创展会",略有耳闻,比较感兴趣,"小众不撞款,手工工艺独特","价格昂贵,工艺精致",愿意,中立,"优化款式设计,加强科普宣传",可能会,"大漆书签,文创套装礼盒",传统国风古风,介意，追求完美品,"价格性价比,颜值外观",较高,定制专属款,非常喜欢,撞色潮流色系,非常愿意,"节日礼物,师生赠礼",不在意,价格虚高,20-40元,50元以内,可以接受小幅溢价,看价格款式决定,一定会了解购买,校园市集,大幅提升,一定会复购,高颜值产品实拍图,"礼盒套装类,定制专属类",比较认可,包装可以更精致，同时附上简明的非遗文化说明卡。
daqi-answer-496,2026-08-20T14:15:00+08:00,男,18岁以下,在校学生,1000-2000元,非常喜欢,每月1次,"收藏爱好,日常自用","电商店铺,线下实体店",非常了解,毫无兴趣,"非遗文化底蕴,国风颜值高",不适合日常使用,无所谓,强烈支持,适配日常使用,一定会,"大漆漆扇,大漆钥匙扣",小众艺术轻奢风,完全接受，更有特色,"文化寓意,实用性",极高,单品简约款,无所谓,经典黑金红传统色,愿意,"商务小礼品,同学朋友送礼",会，非常加分,"华而不实无实用性,价格虚高",20元以内,50-80元,不太接受,一定会买,会驻足了解,"文创展会,社群团购",大幅提升,不确定,"市集线下体验,优惠活动福利","文具类,桌面摆件类",不认可,希望增加年轻化配色和小件礼盒，方便送礼和收藏。
daqi-answer-497,2026-08-21T15:28:00+08:00,女,18岁以下,自由职业,2000-3500元,比较喜欢,季度1-2次,"日常自用,市集/展会随手购买",文创展会,非常了解,非常感兴趣,色泽质感高级,"价格昂贵,款式老旧",非常愿意,支持,"降低价格,提升包装质感",可能会,大件漆艺摆件,简约现代风,可以接受,颜值外观,极高,盲盒款式,非常喜欢,莫兰迪浅色系,不愿意,同学朋友送礼,略有影响,"包装简陋,价格虚高",20-40元,80-120元,完全愿意,大概率会,一定会了解购买,"线上店铺,线下实体店",无变化,一定会复购,"工艺制作短视频,非遗文化科普",配饰挂件类,非常认可，环保创新,希望兼顾传统工艺和日常实用性，价格可以分档。
daqi-answer-498,2026-08-22T16:41:00+08:00,男,23-30岁,在校学生,1000元以内,一般,每月多次,送礼纪念,"短视频平台,电商店铺",完全没听过,一般,"非遗文化底蕴,手工工艺独特","款式老旧,工艺精致",愿意,强烈支持,"优化款式设计,适配日常使用",不确定,"大漆书签,大件漆艺摆件",传统国风古风,非常介意,"价格性价比,实用性",一般,单品简约款,喜欢,自然原木底色,非常愿意,"节日礼物,同学朋友送礼",会，非常加分,价格虚高,40-60元,50元以内,可以接受小幅溢价,一定会买,一定会了解购买,校园市集,大幅提升,可能复购,高颜值产品实拍图,"文具类,定制专属类",比较认可,建议多做短视频展示制作过程，并在线下市集提供体验。
daqi-answer-499,2026-08-23T17:54:00+08:00,女,18岁以下,职场上班族,1000-2000元,非常喜欢,每月1次,"市集/展会随手购买,送礼纪念","电商店铺,文创展会",非常了解,非常感兴趣,"手工工艺独特,国风颜值高",不适合日常使用,非常愿意,支持,加强科普宣传,一定会,"大漆漆扇,大漆书签",可爱治愈风,完全接受，更有特色,"颜值外观,实用性",极高,组合套装礼盒,不喜欢,经典黑金红传统色,愿意,"纪念收藏,同学朋友送礼",略有影响,"款式同质化严重,价格虚高",20元以内,50-80元,完全愿意,一定会买,随缘,"线下实体店,社群团购",小幅提升,不会复购,"工艺制作短视频,优惠活动福利","配饰挂件类,桌面摆件类",非常认可，环保创新,包装可以更精致，同时附上简明的非遗文化说明卡。
daqi-answer-500,2026-08-24T18:07:00+08:00,男,18-22岁,自由职业,3500元以上,比较喜欢,几乎不买,"日常自用,活动奖品",短视频平台,略有耳闻,比较感兴趣,色泽质感高级,"价格昂贵,适合收藏送礼",愿意,中立,"降低价格,加强科普宣传",可能会,大漆书签,简约现代风,介意，追求完美品,颜值外观,较高,定制专属款,非常喜欢,莫兰迪浅色系,非常愿意,同学朋友送礼,无影响,"价格虚高,包装简陋",20-40元,50元以内,完全愿意,看价格款式决定,一定会了解购买,"线上店铺,文创展会",反而降低,一定会复购,"高颜值产品实拍图,非遗文化科普",桌面摆件类,比较认可,希望增加年轻化配色和小件礼盒，方便送礼和收藏。
daqi-answer-501,2026-08-25T09:20:00+08:00,女,23-30岁,在校学生,1000元以内,完全不感兴趣,每月多次,收藏爱好,"短视频平台,朋友推荐",非常了解,一般,"非遗文化底蕴,小众不撞款","款式老旧,不适合日常使用",无所谓,强烈支持,"优化款式设计,降低价格",基本不会,"大漆书签,大漆钥匙扣",小众艺术轻奢风,完全接受，更有特色,"工艺质感,文化寓意",较低,单品简约款,喜欢,经典黑金红传统色,愿意,"师生赠礼,同学朋友送礼",会，非常加分,华而不实无实用性,20元以内,50元以内,不太接受,一定会买,会驻足了解,校园市集,大幅提升,可能复购,非遗文化科普,"文具类,礼盒套装类",无所谓,希望兼顾传统工艺和日常实用性，价格可以分档。
daqi-answer-502,2026-08-26T10:33:00+08:00,男,18岁以下,职场上班族,2000-3500元,非常喜欢,季度1-2次,"日常自用,送礼纪念","校园市集,电商店铺",略有耳闻,非常感兴趣,"手工工艺独特,色泽质感高级",工艺精致,非常愿意,支持,降低价格,一定会,"大漆钥匙扣,大漆书签",简约现代风,可以接受,"颜值外观,工艺质感",极高,组合套装礼盒,非常喜欢,莫兰迪浅色系,随缘,"同学朋友送礼,纪念收藏",略有影响,"款式同质化严重,包装简陋",20元以内,80-120元,完全愿意,大概率会,不会关注,"线上店铺,社群团购",小幅提升,一定会复购,"工艺制作短视频,市集线下体验","配饰挂件类,文具类",非常认可，环保创新,建议多做短视频展示制作过程，并在线下市集提供体验。
daqi-answer-503,2026-08-27T11:46:00+08:00,男,18-22岁,其他,1000元以内,一般,每月多次,"送礼纪念,活动奖品",短视频平台,完全没听过,比较感兴趣,国风颜值高,"价格昂贵,工艺精致",愿意,不支持,"降低价格,适配日常使用",不确定,大漆书签,传统国风古风,非常介意,价格性价比,较高,单品简约款,喜欢,撞色潮流色系,非常愿意,节日礼物,会，非常加分,"价格虚高,做工粗糙",40-60元,50元以内,可以接受小幅溢价,基本不会,一定会了解购买,"校园市集,文创展会",大幅提升,可能复购,"高颜值产品实拍图,工艺制作短视频",礼盒套装类,比较认可,包装可以更精致，同时附上简明的非遗文化说明卡。
daqi-answer-504,2026-08-28T12:59:00+08:00,男,40岁以上,在校学生,1000-2000元,非常喜欢,每月1次,收藏爱好,"电商店铺,文创展会",非常了解,兴趣较低,"非遗文化底蕴,国风颜值高","款式老旧,价格昂贵",不愿意,强烈支持,"适配日常使用,降低价格",一定会,"大漆漆扇,大漆钥匙扣",可爱治愈风,完全接受，更有特色,"工艺质感,颜值外观",不看重,组合套装礼盒,无所谓,经典黑金红传统色,愿意,"师生赠礼,纪念收藏",会，非常加分,华而不实无实用性,20元以内,50-80元,完全不接受,一定会买,会驻足了解,文创展会,小幅提升,不确定,市集线下体验,"文具类,桌面摆件类",非常认可，环保创新,希望增加年轻化配色和小件礼盒，方便送礼和收藏。
daqi-answer-505,2026-08-01T13:12:00+08:00,男,18岁以下,自由职业,2000-3500元,比较喜欢,季度1-2次,"日常自用,市集/展会随手购买","校园市集,线下实体店",完全没听过,非常感兴趣,"手工工艺独特,非遗文化底蕴",价格昂贵,非常愿意,中立,降低价格,可能会,"大件漆艺摆件,大漆书签",简约现代风,可以接受,"颜值外观,独特小众性",极高,盲盒款式,非常喜欢,莫兰迪浅色系,非常愿意,"同学朋友送礼,商务小礼品",无影响,"做工粗糙,包装简陋",20-40元,120元以上,完全愿意,大概率会,一定会了解购买,"线上店铺,线下实体店",无变化,一定会复购,"工艺制作短视频,非遗文化科普","配饰挂件类,定制专属类",非常认可，环保创新,希望兼顾传统工艺和日常实用性，价格可以分档。
daqi-answer-506,2026-08-02T14:25:00+08:00,女,23-30岁,在校学生,1000元以内,一般,每月多次,"送礼纪念,收藏爱好",短视频平台,非常了解,比较感兴趣,非遗文化底蕴,"价格昂贵,不适合日常使用",无所谓,强烈支持,"优化款式设计,适配日常使用",基本不会,大漆书签,传统国风古风,完全接受，更有特色,价格性价比,一般,单品简约款,喜欢,经典黑金红传统色,非常愿意,节日礼物,会，非常加分,"价格虚高,款式同质化严重",60元以上,50元以内,可以接受小幅溢价,一定会买,会驻足了解,"校园市集,线上店铺",大幅提升,可能复购,"高颜值产品实拍图,优惠活动福利",文具类,无所谓,建议多做短视频展示制作过程，并在线下市集提供体验。
daqi-answer-507,2026-08-03T15:38:00+08:00,男,18岁以下,职场上班族,1000-2000元,非常喜欢,每月1次,活动奖品,"电商店铺,短视频平台",略有耳闻,非常感兴趣,"非遗文化底蕴,色泽质感高级","不适合日常使用,价格昂贵",非常愿意,支持,"加强科普宣传,降低价格",一定会,"大漆漆扇,大漆书签",简约现代风,可以接受,"文化寓意,独特小众性",极高,组合套装礼盒,非常喜欢,经典黑金红传统色,随缘,"商务小礼品,纪念收藏",略有影响,华而不实无实用性,20元以内,50-80元,完全愿意,大概率会,随缘,线下实体店,小幅提升,一定会复购,工艺制作短视频,"文具类,配饰挂件类",非常认可，环保创新,包装可以更精致，同时附上简明的非遗文化说明卡。
daqi-answer-508,2026-08-04T16:51:00+08:00,女,18-22岁,自由职业,1000元以内,比较喜欢,半年一次,"日常自用,活动奖品","文创展会,朋友推荐",非常了解,非常感兴趣,"色泽质感高级,非遗文化底蕴",价格昂贵,愿意,不支持,降低价格,可能会,"文创套装礼盒,大漆书签",传统国风古风,介意，追求完美品,"颜值外观,文化寓意",较高,单品简约款,非常喜欢,撞色潮流色系,非常愿意,"同学朋友送礼,师生赠礼",不在意,"价格虚高,包装简陋",20-40元,50元以内,可以接受小幅溢价,看价格款式决定,一定会了解购买,"线上店铺,文创展会",大幅提升,一定会复购,"工艺制作短视频,高颜值产品实拍图","桌面摆件类,定制专属类",比较认可,希望增加年轻化配色和小件礼盒，方便送礼和收藏。
daqi-answer-509,2026-08-05T17:04:00+08:00,男,23-30岁,在校学生,1000-2000元,不太喜欢,每月多次,"送礼纪念,日常自用",短视频平台,略有耳闻,一般,非遗文化底蕴,"款式老旧,不适合日常使用",不愿意,强烈支持,"优化款式设计,降低价格",一定会,大漆书签,小众艺术轻奢风,完全接受，更有特色,价格性价比,一般,单品简约款,无所谓,经典黑金红传统色,愿意,节日礼物,会，非常加分,"华而不实无实用性,款式同质化严重",20元以内,50-80元,不太接受,一定会买,会驻足了解,"校园市集,社群团购",大幅提升,不确定,"非遗文化科普,优惠活动福利",文具类,不认可,希望兼顾传统工艺和日常实用性，价格可以分档。
daqi-answer-510,2026-08-06T18:17:00+08:00,女,18岁以下,职场上班族,2000-3500元,非常喜欢,每月1次,日常自用,"电商店铺,朋友推荐",完全没听过,非常感兴趣,"手工工艺独特,色泽质感高级","工艺精致,价格昂贵",非常愿意,支持,"提升包装质感,降低价格",可能会,"大漆钥匙扣,大漆书签",简约现代风,可以接受,"颜值外观,独特小众性",极高,盲盒款式,非常喜欢,莫兰迪浅色系,不愿意,"同学朋友送礼,纪念收藏",略有影响,款式同质化严重,20-40元,80-120元,完全愿意,大概率会,一定会了解购买,线上店铺,无变化,一定会复购,工艺制作短视频,"配饰挂件类,文具类",非常认可，环保创新,建议多做短视频展示制作过程，并在线下市集提供体验。
daqi-answer-511,2026-08-07T09:30:00+08:00,男,18-22岁,个体经营者,1000元以内,比较喜欢,每月多次,"日常自用,收藏爱好","短视频平台,朋友推荐",非常了解,比较感兴趣,"国风颜值高,非遗文化底蕴",价格昂贵,愿意,强烈支持,降低价格,不确定,"大漆书签,文创套装礼盒",传统国风古风,完全接受，更有特色,"颜值外观,价格性价比",较高,单品简约款,喜欢,自然原木底色,非常愿意,"节日礼物,师生赠礼",会，非常加分,"价格虚高,做工粗糙",40-60元,50元以内,可以接受小幅溢价,一定会买,一定会了解购买,"线上店铺,校园市集",大幅提升,可能复购,"高颜值产品实拍图,工艺制作短视频","桌面摆件类,礼盒套装类",比较认可,包装可以更精致，同时附上简明的非遗文化说明卡。
daqi-answer-512,2026-08-08T10:43:00+08:00,女,31-40岁,在校学生,1000-2000元,非常喜欢,每月多次,"收藏爱好,日常自用",短视频平台,略有耳闻,兴趣较低,非遗文化底蕴,"款式老旧,价格昂贵",非常愿意,支持,"适配日常使用,降低价格",一定会,大漆漆扇,简约现代风,完全接受，更有特色,工艺质感,较低,组合套装礼盒,不喜欢,经典黑金红传统色,愿意,师生赠礼,略有影响,"华而不实无实用性,价格虚高",20元以内,50-80元,完全愿意,一定会买,随缘,"文创展会,社群团购",小幅提升,不会复购,"非遗文化科普,市集线下体验",文具类,非常认可，环保创新,希望增加年轻化配色和小件礼盒，方便送礼和收藏。
daqi-answer-513,2026-08-09T11:56:00+08:00,男,18岁以下,职场上班族,3500元以上,非常喜欢,季度1-2次,日常自用,"校园市集,文创展会",非常了解,非常感兴趣,"手工工艺独特,非遗文化底蕴","适合收藏送礼,价格昂贵",愿意,中立,"降低价格,提升包装质感",可能会,"大漆钥匙扣,文创套装礼盒",简约现代风,介意，追求完美品,"颜值外观,文化寓意",极高,定制专属款,非常喜欢,莫兰迪浅色系,非常愿意,"同学朋友送礼,商务小礼品",无影响,做工粗糙,20-40元,50元以内,完全愿意,看价格款式决定,一定会了解购买,线上店铺,反而降低,一定会复购,工艺制作短视频,"配饰挂件类,定制专属类",比较认可,希望兼顾传统工艺和日常实用性，价格可以分档。
daqi-answer-514,2026-08-10T12:09:00+08:00,女,18-22岁,在校学生,1000元以内,一般,每月多次,"送礼纪念,收藏爱好","短视频平台,校园市集",略有耳闻,比较感兴趣,"小众不撞款,非遗文化底蕴",价格昂贵,无所谓,强烈支持,优化款式设计,一定会,"大漆书签,大件漆艺摆件",小众艺术轻奢风,完全接受，更有特色,"价格性价比,独特小众性",较高,单品简约款,喜欢,经典黑金红传统色,愿意,"节日礼物,同学朋友送礼",会，非常加分,"价格虚高,款式同质化严重",20元以内,50元以内,不太接受,一定会买,会驻足了解,"校园市集,线上店铺",大幅提升,可能复购,"高颜值产品实拍图,优惠活动福利","定制专属类,礼盒套装类",无所谓,建议多做短视频展示制作过程，并在线下市集提供体验。
daqi-answer-515,2026-08-11T13:22:00+08:00,男,18岁以下,在校学生,2000-3500元,非常喜欢,每月1次,"活动奖品,日常自用",电商店铺,非常了解,毫无兴趣,非遗文化底蕴,"不适合日常使用,价格昂贵",非常愿意,支持,"适配日常使用,提升包装质感",一定会,大漆漆扇,简约现代风,可以接受,工艺质感,极高,组合套装礼盒,非常喜欢,莫兰迪浅色系,随缘,商务小礼品,略有影响,"华而不实无实用性,包装简陋",20元以内,80-120元,完全愿意,大概率会,不会关注,"文创展会,线下实体店",小幅提升,一定会复购,"优惠活动福利,市集线下体验",文具类,非常认可，环保创新,包装可以更精致，同时附上简明的非遗文化说明卡。
daqi-answer-516,2026-08-12T14:35:00+08:00,女,18岁以下,自由职业,1000元以内,比较喜欢,半年一次,日常自用,"校园市集,短视频平台",非常了解,非常感兴趣,"色泽质感高级,非遗文化底蕴","价格昂贵,适合收藏送礼",愿意,强烈支持,"降低价格,加强科普宣传",不确定,"大件漆艺摆件,文创套装礼盒",传统国风古风,非常介意,"颜值外观,价格性价比",较高,单品简约款,喜欢,撞色潮流色系,非常愿意,"同学朋友送礼,师生赠礼",会，非常加分,价格虚高,40-60元,50元以内,可以接受小幅溢价,基本不会,一定会了解购买,线上店铺,大幅提升,可能复购,工艺制作短视频,"桌面摆件类,定制专属类",比较认可,希望增加年轻化配色和小件礼盒，方便送礼和收藏。
daqi-answer-517,2026-08-13T15:48:00+08:00,男,23-30岁,在校学生,1000-2000元,不太喜欢,每月多次,"送礼纪念,日常自用","短视频平台,线下实体店",完全没听过,一般,"非遗文化底蕴,小众不撞款",款式老旧,非常愿意,强烈支持,优化款式设计,一定会,"大漆书签,大漆钥匙扣",可爱治愈风,完全接受，更有特色,"价格性价比,文化寓意",一般,组合套装礼盒,无所谓,经典黑金红传统色,愿意,"节日礼物,纪念收藏",会，非常加分,"价格虚高,华而不实无实用性",20元以内,50-80元,完全不接受,一定会买,会驻足了解,"校园市集,社群团购",小幅提升,不确定,"非遗文化科普,优惠活动福利","文具类,礼盒套装类",非常认可，环保创新,希望兼顾传统工艺和日常实用性，价格可以分档。
daqi-answer-518,2026-08-14T16:01:00+08:00,女,18岁以下,职场上班族,3500元以上,非常喜欢,每月1次,"市集/展会随手购买,日常自用",电商店铺,非常了解,非常感兴趣,手工工艺独特,"不适合日常使用,适合收藏送礼",非常愿意,中立,"加强科普宣传,提升包装质感",可能会,大漆漆扇,简约现代风,可以接受,文化寓意,极高,盲盒款式,非常喜欢,莫兰迪浅色系,非常愿意,同学朋友送礼,无影响,"款式同质化严重,包装简陋",20-40元,120元以上,完全愿意,大概率会,一定会了解购买,"社群团购,线下实体店",无变化,一定会复购,"工艺制作短视频,市集线下体验",配饰挂件类,非常认可，环保创新,建议多做短视频展示制作过程，并在线下市集提供体验。
daqi-answer-519,2026-08-15T17:14:00+08:00,男,18-22岁,个体经营者,1000元以内,比较喜欢,几乎不买,日常自用,"文创展会,线下实体店",略有耳闻,比较感兴趣,"色泽质感高级,小众不撞款","价格昂贵,工艺精致",无所谓,强烈支持,"降低价格,适配日常使用",基本不会,"大漆书签,文创套装礼盒",传统国风古风,完全接受，更有特色,"颜值外观,实用性",较高,单品简约款,喜欢,经典黑金红传统色,非常愿意,"同学朋友送礼,节日礼物",会，非常加分,价格虚高,60元以上,50元以内,可以接受小幅溢价,一定会买,会驻足了解,线上店铺,大幅提升,可能复购,高颜值产品实拍图,"桌面摆件类,礼盒套装类",无所谓,包装可以更精致，同时附上简明的非遗文化说明卡。
daqi-answer-520,2026-08-16T18:27:00+08:00,男,31-40岁,在校学生,1000-2000元,完全不感兴趣,每月多次,"收藏爱好,日常自用","短视频平台,文创展会",非常了解,一般,"非遗文化底蕴,国风颜值高",款式老旧,非常愿意,支持,优化款式设计,一定会,"大漆漆扇,大漆钥匙扣",简约现代风,可以接受,"价格性价比,颜值外观",较低,组合套装礼盒,非常喜欢,经典黑金红传统色,随缘,"师生赠礼,纪念收藏",略有影响,"华而不实无实用性,价格虚高",20元以内,50-80元,完全愿意,大概率会,随缘,"文创展会,社群团购",小幅提升,一定会复购,"非遗文化科普,市集线下体验","文具类,桌面摆件类",非常认可，环保创新,希望增加年轻化配色和小件礼盒，方便送礼和收藏。
daqi-answer-521,2026-08-17T09:40:00+08:00,男,18岁以下,职场上班族,1000元以内,非常喜欢,季度1-2次,"日常自用,市集/展会随手购买",电商店铺,略有耳闻,非常感兴趣,手工工艺独特,"工艺精致,适合收藏送礼",愿意,不支持,"降低价格,提升包装质感",可能会,大漆钥匙扣,传统国风古风,介意，追求完美品,独特小众性,极高,单品简约款,非常喜欢,撞色潮流色系,非常愿意,同学朋友送礼,不在意,"款式同质化严重,做工粗糙",20-40元,50元以内,可以接受小幅溢价,看价格款式决定,一定会了解购买,"线上店铺,线下实体店",大幅提升,一定会复购,"工艺制作短视频,非遗文化科普",配饰挂件类,比较认可,希望兼顾传统工艺和日常实用性，价格可以分档。
daqi-answer-522,2026-08-18T10:53:00+08:00,男,18-22岁,其他,1000-2000元,一般,每月多次,送礼纪念,"短视频平台,线下实体店",完全没听过,比较感兴趣,"国风颜值高,小众不撞款","价格昂贵,不适合日常使用",不愿意,强烈支持,"优化款式设计,适配日常使用",一定会,"大漆书签,大件漆艺摆件",小众艺术轻奢风,完全接受，更有特色,"颜值外观,工艺质感",较高,单品简约款,无所谓,经典黑金红传统色,愿意,"节日礼物,同学朋友送礼",会，非常加分,价格虚高,20元以内,50-80元,不太接受,一定会买,会驻足了解,校园市集,大幅提升,不确定,高颜值产品实拍图,"礼盒套装类,桌面摆件类",不认可,建议多做短视频展示制作过程，并在线下市集提供体验。
daqi-answer-523,2026-08-19T11:06:00+08:00,女,40岁以上,在校学生,2000-3500元,非常喜欢,每月1次,"收藏爱好,市集/展会随手购买","短视频平台,电商店铺",非常了解,兴趣较低,"非遗文化底蕴,色泽质感高级",款式老旧,非常愿意,支持,适配日常使用,可能会,"大漆漆扇,大漆书签",简约现代风,可以接受,"工艺质感,独特小众性",极高,盲盒款式,非常喜欢,莫兰迪浅色系,不愿意,"师生赠礼,商务小礼品",略有影响,"华而不实无实用性,包装简陋",20-40元,80-120元,完全愿意,大概率会,一定会了解购买,"文创展会,线下实体店",无变化,一定会复购,"市集线下体验,非遗文化科普","文具类,配饰挂件类",非常认可，环保创新,包装可以更精致，同时附上简明的非遗文化说明卡。
daqi-answer-524,2026-08-20T12:19:00+08:00,男,18岁以下,自由职业,1000元以内,比较喜欢,季度1-2次,"日常自用,活动奖品",校园市集,完全没听过,非常感兴趣,手工工艺独特,"价格昂贵,适合收藏送礼",愿意,强烈支持,"降低价格,加强科普宣传",不确定,大件漆艺摆件,传统国风古风,完全接受，更有特色,颜值外观,极高,单品简约款,喜欢,自然原木底色,非常愿意,同学朋友送礼,会，非常加分,"包装简陋,做工粗糙",40-60元,50元以内,可以接受小幅溢价,一定会买,一定会了解购买,"线上店铺,文创展会",大幅提升,可能复购,"工艺制作短视频,高颜值产品实拍图",配饰挂件类,比较认可,希望增加年轻化配色和小件礼盒，方便送礼和收藏。
daqi-answer-525,2026-08-21T13:32:00+08:00,女,23-30岁,在校学生,1000-2000元,一般,每月多次,送礼纪念,"短视频平台,文创展会",非常了解,比较感兴趣,"非遗文化底蕴,小众不撞款","款式老旧,不适合日常使用",非常愿意,支持,"优化款式设计,降低价格",一定会,"大漆书签,大漆钥匙扣",简约现代风,完全接受，更有特色,"价格性价比,颜值外观",一般,组合套装礼盒,不喜欢,经典黑金红传统色,愿意,"节日礼物,纪念收藏",略有影响,价格虚高,20元以内,50-80元,完全愿意,一定会买,随缘,校园市集,小幅提升,不会复购,高颜值产品实拍图,"文具类,礼盒套装类",非常认可，环保创新,希望兼顾传统工艺和日常实用性，价格可以分档。
daqi-answer-526,2026-08-22T14:45:00+08:00,男,18岁以下,职场上班族,1000元以内,非常喜欢,每月1次,"活动奖品,市集/展会随手购买","电商店铺,线下实体店",略有耳闻,非常感兴趣,"手工工艺独特,色泽质感高级",不适合日常使用,愿意,中立,加强科普宣传,可能会,"大漆漆扇,文创套装礼盒",简约现代风,介意，追求完美品,"工艺质感,文化寓意",极高,定制专属款,非常喜欢,莫兰迪浅色系,非常愿意,"纪念收藏,商务小礼品",无影响,"款式同质化严重,包装简陋",20-40元,50元以内,完全愿意,看价格款式决定,一定会了解购买,"线下实体店,文创展会",反而降低,一定会复购,"工艺制作短视频,市集线下体验","配饰挂件类,文具类",比较认可,建议多做短视频展示制作过程，并在线下市集提供体验。
daqi-answer-527,2026-08-23T15:58:00+08:00,女,18-22岁,自由职业,1000元以内,比较喜欢,半年一次,"日常自用,收藏爱好",校园市集,非常了解,比较感兴趣,色泽质感高级,"价格昂贵,工艺精致",无所谓,强烈支持,"降低价格,适配日常使用",一定会,大漆书签,小众艺术轻奢风,完全接受，更有特色,颜值外观,较高,单品简约款,喜欢,经典黑金红传统色,愿意,同学朋友送礼,会，非常加分,"价格虚高,做工粗糙",20元以内,50元以内,不太接受,一定会买,会驻足了解,"线上店铺,校园市集",大幅提升,可能复购,"高颜值产品实拍图,工艺制作短视频",桌面摆件类,无所谓,包装可以更精致，同时附上简明的非遗文化说明卡。
daqi-answer-528,2026-08-24T16:11:00+08:00,男,23-30岁,在校学生,2000-3500元,不太喜欢,每月多次,送礼纪念,"短视频平台,电商店铺",略有耳闻,一般,"非遗文化底蕴,国风颜值高","款式老旧,价格昂贵",非常愿意,支持,"优化款式设计,提升包装质感",一定会,"大漆书签,大漆漆扇",简约现代风,可以接受,"价格性价比,实用性",一般,组合套装礼盒,非常喜欢,莫兰迪浅色系,随缘,"师生赠礼,纪念收藏",略有影响,华而不实无实用性,20元以内,80-120元,完全愿意,大概率会,不会关注,校园市集,小幅提升,一定会复购,非遗文化科普,"文具类,桌面摆件类",非常认可，环保创新,希望增加年轻化配色和小件礼盒，方便送礼和收藏。
daqi-answer-529,2026-08-25T17:24:00+08:00,女,18岁以下,职场上班族,1000元以内,非常喜欢,每月1次,"日常自用,市集/展会随手购买","电商店铺,文创展会",完全没听过,非常感兴趣,"手工工艺独特,非遗文化底蕴",工艺精致,愿意,强烈支持,降低价格,不确定,"大漆钥匙扣,文创套装礼盒",传统国风古风,非常介意,"文化寓意,价格性价比",极高,单品简约款,喜欢,撞色潮流色系,非常愿意,"同学朋友送礼,商务小礼品",会，非常加分,"款式同质化严重,做工粗糙",40-60元,50元以内,可以接受小幅溢价,基本不会,一定会了解购买,"线上店铺,线下实体店",大幅提升,可能复购,"工艺制作短视频,非遗文化科普","配饰挂件类,定制专属类",比较认可,希望兼顾传统工艺和日常实用性，价格可以分档。
daqi-answer-530,2026-08-26T18:37:00+08:00,男,18-22岁,个体经营者,1000-2000元,比较喜欢,每月多次,"送礼纪念,收藏爱好",文创展会,非常了解,比较感兴趣,国风颜值高,"价格昂贵,不适合日常使用",非常愿意,强烈支持,"降低价格,优化款式设计",一定会,大漆书签,可爱治愈风,完全接受，更有特色,颜值外观,较高,组合套装礼盒,无所谓,经典黑金红传统色,愿意,节日礼物,会，非常加分,"价格虚高,款式同质化严重",20元以内,50-80元,完全不接受,一定会买,会驻足了解,"校园市集,线上店铺",小幅提升,不确定,"高颜值产品实拍图,优惠活动福利",礼盒套装类,非常认可，环保创新,建议多做短视频展示制作过程，并在线下市集提供体验。
daqi-answer-531,2026-08-27T09:50:00+08:00,女,31-40岁,在校学生,3500元以上,非常喜欢,每月1次,收藏爱好,"短视频平台,朋友推荐",略有耳闻,兴趣较低,"非遗文化底蕴,色泽质感高级","款式老旧,适合收藏送礼",非常愿意,中立,"适配日常使用,提升包装质感",可能会,"大漆漆扇,大漆书签",简约现代风,可以接受,"价格性价比,工艺质感",不看重,盲盒款式,非常喜欢,莫兰迪浅色系,非常愿意,"师生赠礼,商务小礼品",无影响,华而不实无实用性,20-40元,120元以上,完全愿意,大概率会,一定会了解购买,文创展会,无变化,一定会复购,市集线下体验,"文具类,配饰挂件类",非常认可，环保创新,包装可以更精致，同时附上简明的非遗文化说明卡。
daqi-answer-532,2026-08-28T10:03:00+08:00,男,18岁以下,职场上班族,1000元以内,比较喜欢,季度1-2次,"日常自用,活动奖品","电商店铺,短视频平台",非常了解,非常感兴趣,"手工工艺独特,小众不撞款",价格昂贵,无所谓,强烈支持,降低价格,基本不会,"大漆钥匙扣,大件漆艺摆件",传统国风古风,完全接受，更有特色,"独特小众性,价格性价比",极高,单品简约款,喜欢,经典黑金红传统色,非常愿意,"同学朋友送礼,师生赠礼",会，非常加分,"做工粗糙,款式同质化严重",60元以上,50元以内,可以接受小幅溢价,一定会买,会驻足了解,"线上店铺,文创展会",大幅提升,可能复购,"工艺制作短视频,高颜值产品实拍图","配饰挂件类,礼盒套装类",无所谓,希望增加年轻化配色和小件礼盒，方便送礼和收藏。
daqi-answer-533,2026-08-01T11:16:00+08:00,女,18-22岁,在校学生,1000-2000元,一般,每月多次,"送礼纪念,日常自用",线下实体店,略有耳闻,比较感兴趣,非遗文化底蕴,"价格昂贵,款式老旧",非常愿意,支持,"优化款式设计,降低价格",一定会,大漆书签,简约现代风,可以接受,颜值外观,一般,组合套装礼盒,非常喜欢,经典黑金红传统色,随缘,节日礼物,略有影响,"价格虚高,华而不实无实用性",20元以内,50-80元,完全愿意,大概率会,随缘,"校园市集,社群团购",小幅提升,一定会复购,"高颜值产品实拍图,市集线下体验",文具类,非常认可，环保创新,希望兼顾传统工艺和日常实用性，价格可以分档。
daqi-answer-534,2026-08-02T12:29:00+08:00,男,18岁以下,职场上班族,1000元以内,非常喜欢,每月1次,活动奖品,"短视频平台,校园市集",非常了解,非常感兴趣,"非遗文化底蕴,手工工艺独特","不适合日常使用,适合收藏送礼",愿意,不支持,"适配日常使用,加强科普宣传",可能会,"大漆漆扇,文创套装礼盒",传统国风古风,介意，追求完美品,"工艺质感,颜值外观",极高,单品简约款,非常喜欢,撞色潮流色系,非常愿意,"商务小礼品,师生赠礼",不在意,华而不实无实用性,20-40元,50元以内,可以接受小幅溢价,看价格款式决定,一定会了解购买,线下实体店,大幅提升,一定会复购,工艺制作短视频,"文具类,定制专属类",比较认可,建议多做短视频展示制作过程，并在线下市集提供体验。
daqi-answer-535,2026-08-03T13:42:00+08:00,女,18-22岁,自由职业,1000-2000元,比较喜欢,半年一次,"日常自用,收藏爱好","校园市集,线下实体店",非常了解,非常感兴趣,"色泽质感高级,小众不撞款",价格昂贵,不愿意,强烈支持,降低价格,一定会,"文创套装礼盒,大件漆艺摆件",小众艺术轻奢风,完全接受，更有特色,"颜值外观,独特小众性",较高,单品简约款,无所谓,经典黑金红传统色,愿意,"同学朋友送礼,节日礼物",会，非常加分,"价格虚高,做工粗糙",20元以内,50-80元,不太接受,一定会买,会驻足了解,"线上店铺,校园市集",大幅提升,不确定,"工艺制作短视频,优惠活动福利","桌面摆件类,礼盒套装类",不认可,包装可以更精致，同时附上简明的非遗文化说明卡。
daqi-answer-536,2026-08-04T14:55:00+08:00,男,23-30岁,在校学生,2000-3500元,不太喜欢,每月多次,"送礼纪念,市集/展会随手购买",短视频平台,完全没听过,一般,非遗文化底蕴,"款式老旧,价格昂贵",非常愿意,支持,"优化款式设计,提升包装质感",可能会,大漆书签,简约现代风,可以接受,价格性价比,一般,盲盒款式,非常喜欢,莫兰迪浅色系,不愿意,节日礼物,略有影响,"华而不实无实用性,价格虚高",20-40元,80-120元,完全愿意,大概率会,一定会了解购买,"校园市集,线下实体店",无变化,一定会复购,"非遗文化科普,市集线下体验",文具类,非常认可，环保创新,希望增加年轻化配色和小件礼盒，方便送礼和收藏。
daqi-answer-537,2026-08-05T15:08:00+08:00,男,18岁以下,职场上班族,1000元以内,非常喜欢,每月1次,日常自用,"电商店铺,短视频平台",非常了解,非常感兴趣,"手工工艺独特,非遗文化底蕴","不适合日常使用,工艺精致",愿意,强烈支持,"提升包装质感,加强科普宣传",不确定,"大漆钥匙扣,文创套装礼盒",传统国风古风,完全接受，更有特色,"工艺质感,实用性",极高,单品简约款,喜欢,自然原木底色,非常愿意,"同学朋友送礼,商务小礼品",会，非常加分,款式同质化严重,40-60元,50元以内,可以接受小幅溢价,一定会买,一定会了解购买,线上店铺,大幅提升,可能复购,工艺制作短视频,"配饰挂件类,定制专属类",无所谓,希望兼顾传统工艺和日常实用性，价格可以分档。
daqi-answer-538,2026-08-06T16:21:00+08:00,男,18-22岁,个体经营者,1000-2000元,比较喜欢,每月多次,"日常自用,送礼纪念","校园市集,文创展会",略有耳闻,比较感兴趣,"色泽质感高级,国风颜值高",价格昂贵,非常愿意,支持,降低价格,一定会,"大漆书签,大件漆艺摆件",简约现代风,完全接受，更有特色,"颜值外观,文化寓意",较高,组合套装礼盒,不喜欢,经典黑金红传统色,愿意,"节日礼物,同学朋友送礼",略有影响,"价格虚高,款式同质化严重",20元以内,50-80元,完全愿意,一定会买,随缘,"线上店铺,社群团购",小幅提升,不会复购,"高颜值产品实拍图,优惠活动福利","桌面摆件类,配饰挂件类",非常认可，环保创新,建议多做短视频展示制作过程，并在线下市集提供体验。
daqi-answer-539,2026-08-07T17:34:00+08:00,男,31-40岁,在校学生,1000元以内,非常喜欢,每月多次,"收藏爱好,市集/展会随手购买",短视频平台,非常了解,一般,非遗文化底蕴,"款式老旧,适合收藏送礼",愿意,中立,"适配日常使用,提升包装质感",可能会,大漆漆扇,简约现代风,介意，追求完美品,价格性价比,较低,定制专属款,非常喜欢,莫兰迪浅色系,非常愿意,师生赠礼,无影响,"华而不实无实用性,包装简陋",20-40元,50元以内,完全愿意,看价格款式决定,一定会了解购买,"文创展会,线下实体店",反而降低,一定会复购,"非遗文化科普,高颜值产品实拍图",文具类,比较认可,包装可以更精致，同时附上简明的非遗文化说明卡。
daqi-answer-540,2026-08-08T18:47:00+08:00,男,18岁以下,职场上班族,1000元以内,非常喜欢,季度1-2次,日常自用,"电商店铺,朋友推荐",略有耳闻,非常感兴趣,"手工工艺独特,小众不撞款","适合收藏送礼,工艺精致",无所谓,强烈支持,"降低价格,加强科普宣传",一定会,"大漆钥匙扣,大件漆艺摆件",小众艺术轻奢风,完全接受，更有特色,"文化寓意,工艺质感",极高,单品简约款,喜欢,经典黑金红传统色,愿意,"同学朋友送礼,师生赠礼",会，非常加分,做工粗糙,20元以内,50元以内,不太接受,一定会买,会驻足了解,线上店铺,大幅提升,不确定,工艺制作短视频,"配饰挂件类,礼盒套装类",无所谓,希望增加年轻化配色和小件礼盒，方便送礼和收藏。
daqi-answer-541,2026-08-09T09:00:00+08:00,男,18-22岁,在校学生,2000-3500元,一般,每月多次,"送礼纪念,日常自用","文创展会,电商店铺",完全没听过,比较感兴趣,"小众不撞款,国风颜值高",价格昂贵,非常愿意,支持,优化款式设计,一定会,"大漆书签,大漆钥匙扣",简约现代风,可以接受,"颜值外观,价格性价比",较高,组合套装礼盒,非常喜欢,莫兰迪浅色系,随缘,"节日礼物,纪念收藏",略有影响,"价格虚高,华而不实无实用性",20元以内,80-120元,完全愿意,大概率会,不会关注,"校园市集,社群团购",无变化,一定会复购,"高颜值产品实拍图,市集线下体验","定制专属类,桌面摆件类",非常认可，环保创新,希望兼顾传统工艺和日常实用性，价格可以分档。
daqi-answer-542,2026-08-10T10:13:00+08:00,女,18岁以下,在校学生,1000元以内,非常喜欢,每月1次,"收藏爱好,活动奖品",短视频平台,非常了解,毫无兴趣,非遗文化底蕴,"不适合日常使用,适合收藏送礼",愿意,强烈支持,"适配日常使用,加强科普宣传",不确定,大漆漆扇,传统国风古风,非常介意,价格性价比,极高,单品简约款,喜欢,撞色潮流色系,非常愿意,商务小礼品,会，非常加分,"华而不实无实用性,做工粗糙",40-60元,50元以内,可以接受小幅溢价,基本不会,一定会了解购买,"文创展会,校园市集",大幅提升,可能复购,"优惠活动福利,非遗文化科普",文具类,比较认可,建议多做短视频展示制作过程，并在线下市集提供体验。
daqi-answer-543,2026-08-11T11:26:00+08:00,男,18岁以下,自由职业,1000-2000元,比较喜欢,季度1-2次,日常自用,"电商店铺,校园市集",完全没听过,非常感兴趣,"色泽质感高级,小众不撞款","价格昂贵,工艺精致",非常愿意,强烈支持,"降低价格,适配日常使用",一定会,"大件漆艺摆件,大漆钥匙扣",可爱治愈风,完全接受，更有特色,"实用性,价格性价比",较高,组合套装礼盒,无所谓,经典黑金红传统色,愿意,"同学朋友送礼,节日礼物",会，非常加分,价格虚高,20元以内,50-80元,完全不接受,一定会买,随缘,线上店铺,小幅提升,不确定,工艺制作短视频,"桌面摆件类,礼盒套装类",非常认可，环保创新,包装可以更精致，同时附上简明的非遗文化说明卡。
daqi-answer-544,2026-08-12T12:39:00+08:00,女,23-30岁,在校学生,3500元以上,一般,每月多次,"送礼纪念,市集/展会随手购买","线下实体店,电商店铺",非常了解,一般,"非遗文化底蕴,国风颜值高",款式老旧,非常愿意,中立,优化款式设计,可能会,"大漆书签,大漆漆扇",简约现代风,可以接受,"颜值外观,实用性",一般,盲盒款式,非常喜欢,莫兰迪浅色系,非常愿意,"节日礼物,商务小礼品",无影响,"价格虚高,包装简陋",20-40元,120元以上,完全愿意,看价格款式决定,一定会了解购买,"校园市集,线下实体店",无变化,一定会复购,"非遗文化科普,市集线下体验","文具类,桌面摆件类",非常认可，环保创新,希望增加年轻化配色和小件礼盒，方便送礼和收藏。
daqi-answer-545,2026-08-13T13:52:00+08:00,男,18岁以下,职场上班族,1000元以内,非常喜欢,每月1次,"市集/展会随手购买,活动奖品",短视频平台,略有耳闻,非常感兴趣,手工工艺独特,"不适合日常使用,工艺精致",无所谓,强烈支持,"加强科普宣传,适配日常使用",基本不会,大漆漆扇,传统国风古风,完全接受，更有特色,工艺质感,极高,单品简约款,喜欢,经典黑金红传统色,非常愿意,同学朋友送礼,会，非常加分,"款式同质化严重,做工粗糙",60元以上,50元以内,不太接受,一定会买,会驻足了解,"社群团购,文创展会",大幅提升,可能复购,"工艺制作短视频,非遗文化科普",配饰挂件类,无所谓,希望兼顾传统工艺和日常实用性，价格可以分档。
daqi-answer-546,2026-08-14T14:05:00+08:00,女,18-22岁,自由职业,1000-2000元,比较喜欢,几乎不买,日常自用,"校园市集,短视频平台",非常了解,比较感兴趣,"色泽质感高级,国风颜值高","价格昂贵,不适合日常使用",非常愿意,支持,"降低价格,优化款式设计",一定会,"大漆书签,大件漆艺摆件",简约现代风,可以接受,"颜值外观,价格性价比",较高,组合套装礼盒,非常喜欢,经典黑金红传统色,随缘,"同学朋友送礼,纪念收藏",略有影响,价格虚高,20元以内,80-120元,完全愿意,大概率会,随缘,线上店铺,小幅提升,一定会复购,高颜值产品实拍图,"桌面摆件类,配饰挂件类",非常认可，环保创新,建议多做短视频展示制作过程，并在线下市集提供体验。
daqi-answer-547,2026-08-15T15:18:00+08:00,男,23-30岁,在校学生,1000元以内,完全不感兴趣,每月多次,"收藏爱好,市集/展会随手购买","短视频平台,线下实体店",略有耳闻,一般,"非遗文化底蕴,色泽质感高级",款式老旧,愿意,不支持,优化款式设计,可能会,"大漆漆扇,大漆书签",传统国风古风,介意，追求完美品,"价格性价比,文化寓意",较低,单品简约款,非常喜欢,撞色潮流色系,非常愿意,"师生赠礼,商务小礼品",不在意,"华而不实无实用性,包装简陋",40-60元,50元以内,可以接受小幅溢价,看价格款式决定,一定会了解购买,"文创展会,线下实体店",大幅提升,一定会复购,"非遗文化科普,高颜值产品实拍图","文具类,配饰挂件类",比较认可,包装可以更精致，同时附上简明的非遗文化说明卡。
daqi-answer-548,2026-08-16T16:31:00+08:00,女,18岁以下,职场上班族,1000-2000元,非常喜欢,季度1-2次,"日常自用,活动奖品",电商店铺,完全没听过,非常感兴趣,手工工艺独特,"工艺精致,不适合日常使用",不愿意,强烈支持,"降低价格,加强科普宣传",一定会,大漆钥匙扣,小众艺术轻奢风,完全接受，更有特色,工艺质感,极高,单品简约款,无所谓,经典黑金红传统色,愿意,同学朋友送礼,会，非常加分,"款式同质化严重,华而不实无实用性",20元以内,50-80元,不太接受,一定会买,会驻足了解,"线上店铺,文创展会",大幅提升,不确定,"工艺制作短视频,高颜值产品实拍图",配饰挂件类,不认可,希望增加年轻化配色和小件礼盒，方便送礼和收藏。
daqi-answer-549,2026-08-17T17:44:00+08:00,男,18-22岁,其他,2000-3500元,一般,每月多次,送礼纪念,"校园市集,朋友推荐",非常了解,比较感兴趣,"国风颜值高,色泽质感高级","价格昂贵,款式老旧",非常愿意,支持,"优化款式设计,降低价格",可能会,"大漆书签,大漆钥匙扣",简约现代风,可以接受,"颜值外观,实用性",较高,盲盒款式,非常喜欢,莫兰迪浅色系,不愿意,"节日礼物,纪念收藏",无影响,价格虚高,20-40元,80-120元,完全愿意,大概率会,一定会了解购买,校园市集,无变化,一定会复购,高颜值产品实拍图,"礼盒套装类,配饰挂件类",非常认可，环保创新,希望兼顾传统工艺和日常实用性，价格可以分档。
daqi-answer-550,2026-08-18T18:57:00+08:00,女,40岁以上,在校学生,1000元以内,非常喜欢,每月1次,"收藏爱好,活动奖品","短视频平台,文创展会",略有耳闻,兴趣较低,"非遗文化底蕴,手工工艺独特",款式老旧,愿意,强烈支持,适配日常使用,不确定,"大漆漆扇,文创套装礼盒",传统国风古风,完全接受，更有特色,"价格性价比,颜值外观",极高,单品简约款,喜欢,自然原木底色,非常愿意,"师生赠礼,节日礼物",会，非常加分,"华而不实无实用性,做工粗糙",40-60元,50元以内,可以接受小幅溢价,一定会买,一定会了解购买,"文创展会,校园市集",大幅提升,可能复购,"市集线下体验,高颜值产品实拍图","文具类,定制专属类",无所谓,建议多做短视频展示制作过程，并在线下市集提供体验。
daqi-answer-551,2026-08-19T09:10:00+08:00,男,18岁以下,自由职业,1000-2000元,比较喜欢,季度1-2次,"日常自用,收藏爱好",电商店铺,非常了解,非常感兴趣,手工工艺独特,"价格昂贵,工艺精致",非常愿意,支持,"降低价格,适配日常使用",一定会,大件漆艺摆件,简约现代风,完全接受，更有特色,文化寓意,极高,组合套装礼盒,不喜欢,经典黑金红传统色,随缘,同学朋友送礼,略有影响,"包装简陋,款式同质化严重",20元以内,50-80元,完全愿意,一定会买,随缘,"线上店铺,校园市集",小幅提升,不会复购,"工艺制作短视频,优惠活动福利",配饰挂件类,非常认可，环保创新,包装可以更精致，同时附上简明的非遗文化说明卡。
daqi-answer-552,2026-08-20T10:23:00+08:00,女,23-30岁,在校学生,1000元以内,一般,每月多次,送礼纪念,"文创展会,校园市集",略有耳闻,比较感兴趣,"非遗文化底蕴,国风颜值高","款式老旧,价格昂贵",愿意,中立,"优化款式设计,提升包装质感",可能会,"大漆书签,大漆漆扇",简约现代风,介意，追求完美品,"颜值外观,工艺质感",一般,定制专属款,非常喜欢,撞色潮流色系,非常愿意,"节日礼物,商务小礼品",无影响,价格虚高,20-40元,50元以内,完全愿意,看价格款式决定,一定会了解购买,校园市集,反而降低,一定会复购,高颜值产品实拍图,"文具类,桌面摆件类",比较认可,希望增加年轻化配色和小件礼盒，方便送礼和收藏。
daqi-answer-553,2026-08-21T11:36:00+08:00,男,18岁以下,职场上班族,1000元以内,非常喜欢,每月1次,"活动奖品,收藏爱好","短视频平台,电商店铺",非常了解,非常感兴趣,"手工工艺独特,非遗文化底蕴",不适合日常使用,无所谓,强烈支持,加强科普宣传,一定会,"大漆漆扇,大件漆艺摆件",小众艺术轻奢风,完全接受，更有特色,"价格性价比,实用性",极高,单品简约款,无所谓,经典黑金红传统色,愿意,"纪念收藏,师生赠礼",会，非常加分,"款式同质化严重,做工粗糙",20元以内,50元以内,不太接受,一定会买,会驻足了解,"线下实体店,校园市集",大幅提升,不确定,"工艺制作短视频,非遗文化科普","文具类,礼盒套装类",无所谓,希望兼顾传统工艺和日常实用性，价格可以分档。
daqi-answer-554,2026-08-22T12:49:00+08:00,女,18-22岁,自由职业,2000-3500元,比较喜欢,半年一次,"日常自用,送礼纪念",电商店铺,非常了解,比较感兴趣,色泽质感高级,"价格昂贵,不适合日常使用",非常愿意,支持,"降低价格,优化款式设计",一定会,大漆书签,简约现代风,可以接受,实用性,较高,盲盒款式,非常喜欢,莫兰迪浅色系,随缘,同学朋友送礼,略有影响,"价格虚高,款式同质化严重",20元以内,80-120元,完全愿意,大概率会,不会关注,"线上店铺,社群团购",无变化,一定会复购,"工艺制作短视频,市集线下体验",桌面摆件类,非常认可，环保创新,建议多做短视频展示制作过程，并在线下市集提供体验。
daqi-answer-555,2026-08-23T13:02:00+08:00,男,23-30岁,在校学生,1000元以内,不太喜欢,每月多次,送礼纪念,"朋友推荐,电商店铺",完全没听过,一般,"非遗文化底蕴,色泽质感高级","款式老旧,适合收藏送礼",愿意,强烈支持,"优化款式设计,加强科普宣传",不确定,"大漆书签,文创套装礼盒",传统国风古风,非常介意,"颜值外观,独特小众性",一般,单品简约款,喜欢,撞色潮流色系,非常愿意,"师生赠礼,商务小礼品",会，非常加分,华而不实无实用性,40-60元,50元以内,可以接受小幅溢价,基本不会,一定会了解购买,校园市集,大幅提升,可能复购,非遗文化科普,"文具类,配饰挂件类",比较认可,包装可以更精致，同时附上简明的非遗文化说明卡。
daqi-answer-556,2026-08-24T14:15:00+08:00,男,18岁以下,职场上班族,1000-2000元,非常喜欢,每月1次,"日常自用,活动奖品","短视频平台,朋友推荐",非常了解,非常感兴趣,"手工工艺独特,小众不撞款",工艺精致,非常愿意,强烈支持,降低价格,一定会,"大漆钥匙扣,大件漆艺摆件",可爱治愈风,完全接受，更有特色,"工艺质感,文化寓意",极高,组合套装礼盒,无所谓,经典黑金红传统色,愿意,"同学朋友送礼,师生赠礼",会，非常加分,"款式同质化严重,华而不实无实用性",20元以内,50-80元,完全不接受,一定会买,随缘,"线上店铺,文创展会",小幅提升,不确定,"工艺制作短视频,高颜值产品实拍图","配饰挂件类,礼盒套装类",非常认可，环保创新,希望增加年轻化配色和小件礼盒，方便送礼和收藏。
daqi-answer-557,2026-08-25T15:28:00+08:00,男,18-22岁,个体经营者,3500元以上,比较喜欢,每月多次,"送礼纪念,日常自用",校园市集,略有耳闻,比较感兴趣,国风颜值高,"价格昂贵,款式老旧",非常愿意,中立,"降低价格,提升包装质感",可能会,大漆书签,简约现代风,介意，追求完美品,颜值外观,较高,盲盒款式,非常喜欢,莫兰迪浅色系,非常愿意,节日礼物,无影响,"价格虚高,华而不实无实用性",20-40元,120元以上,完全愿意,看价格款式决定,一定会了解购买,"线上店铺,线下实体店",无变化,一定会复购,"高颜值产品实拍图,市集线下体验",礼盒套装类,比较认可,希望兼顾传统工艺和日常实用性，价格可以分档。
daqi-answer-558,2026-08-26T16:41:00+08:00,男,31-40岁,在校学生,1000元以内,非常喜欢,每月1次,收藏爱好,"短视频平台,电商店铺",非常了解,兴趣较低,"非遗文化底蕴,手工工艺独特","款式老旧,工艺精致",无所谓,强烈支持,"适配日常使用,加强科普宣传",基本不会,"大漆漆扇,文创套装礼盒",小众艺术轻奢风,完全接受，更有特色,"价格性价比,实用性",不看重,单品简约款,喜欢,经典黑金红传统色,非常愿意,"师生赠礼,节日礼物",会，非常加分,华而不实无实用性,60元以上,50元以内,不太接受,一定会买,会驻足了解,文创展会,大幅提升,可能复购,市集线下体验,"文具类,定制专属类",无所谓,建议多做短视频展示制作过程，并在线下市集提供体验。
daqi-answer-559,2026-08-27T17:54:00+08:00,女,18岁以下,职场上班族,1000-2000元,比较喜欢,季度1-2次,"日常自用,收藏爱好","电商店铺,文创展会",略有耳闻,非常感兴趣,"手工工艺独特,国风颜值高",价格昂贵,非常愿意,支持,降低价格,一定会,"大漆钥匙扣,大漆漆扇",简约现代风,可以接受,"工艺质感,颜值外观",极高,组合套装礼盒,非常喜欢,经典黑金红传统色,随缘,"同学朋友送礼,节日礼物",略有影响,"做工粗糙,华而不实无实用性",20元以内,80-120元,完全愿意,大概率会,随缘,"线上店铺,校园市集",小幅提升,一定会复购,"工艺制作短视频,优惠活动福利","配饰挂件类,桌面摆件类",非常认可，环保创新,包装可以更精致，同时附上简明的非遗文化说明卡。
daqi-answer-560,2026-08-28T18:07:00+08:00,男,18-22岁,在校学生,1000元以内,一般,每月多次,"送礼纪念,市集/展会随手购买",校园市集,完全没听过,比较感兴趣,非遗文化底蕴,"价格昂贵,适合收藏送礼",愿意,不支持,"优化款式设计,提升包装质感",不确定,大漆书签,传统国风古风,介意，追求完美品,颜值外观,一般,单品简约款,非常喜欢,撞色潮流色系,非常愿意,节日礼物,不在意,"价格虚高,包装简陋",40-60元,50元以内,可以接受小幅溢价,看价格款式决定,一定会了解购买,"校园市集,线下实体店",大幅提升,可能复购,"高颜值产品实拍图,非遗文化科普",文具类,比较认可,希望增加年轻化配色和小件礼盒，方便送礼和收藏。
daqi-answer-561,2026-08-01T09:20:00+08:00,女,18岁以下,职场上班族,1000-2000元,非常喜欢,每月1次,活动奖品,"短视频平台,朋友推荐",非常了解,非常感兴趣,"非遗文化底蕴,小众不撞款","不适合日常使用,工艺精致",不愿意,强烈支持,"适配日常使用,优化款式设计",一定会,"大漆漆扇,大件漆艺摆件",小众艺术轻奢风,完全接受，更有特色,"价格性价比,工艺质感",极高,单品简约款,无所谓,经典黑金红传统色,愿意,"商务小礼品,节日礼物",会，非常加分,华而不实无实用性,20元以内,50-80元,不太接受,一定会买,会驻足了解,线下实体店,小幅提升,不确定,工艺制作短视频,"文具类,礼盒套装类",不认可,希望兼顾传统工艺和日常实用性，价格可以分档。
daqi-answer-562,2026-08-02T10:33:00+08:00,男,18-22岁,自由职业,2000-3500元,比较喜欢,半年一次,"日常自用,送礼纪念","电商店铺,短视频平台",略有耳闻,非常感兴趣,"色泽质感高级,国风颜值高",价格昂贵,非常愿意,中立,降低价格,可能会,"文创套装礼盒,大漆钥匙扣",简约现代风,可以接受,"文化寓意,独特小众性",较高,盲盒款式,非常喜欢,莫兰迪浅色系,不愿意,"同学朋友送礼,纪念收藏",无影响,"价格虚高,款式同质化严重",20-40元,80-120元,完全愿意,大概率会,一定会了解购买,"线上店铺,社群团购",无变化,一定会复购,"工艺制作短视频,市集线下体验","桌面摆件类,配饰挂件类",非常认可，环保创新,建议多做短视频展示制作过程，并在线下市集提供体验。
daqi-answer-563,2026-08-03T11:46:00+08:00,女,23-30岁,在校学生,1000元以内,不太喜欢,每月多次,"送礼纪念,活动奖品",文创展会,非常了解,一般,非遗文化底蕴,"款式老旧,适合收藏送礼",无所谓,强烈支持,"优化款式设计,加强科普宣传",不确定,大漆书签,传统国风古风,完全接受，更有特色,颜值外观,一般,单品简约款,喜欢,自然原木底色,非常愿意,节日礼物,会，非常加分,"价格虚高,做工粗糙",40-60元,50元以内,可以接受小幅溢价,一定会买,会驻足了解,"校园市集,文创展会",大幅提升,可能复购,"非遗文化科普,高颜值产品实拍图",文具类,无所谓,包装可以更精致，同时附上简明的非遗文化说明卡。
daqi-answer-564,2026-08-04T12:59:00+08:00,男,18岁以下,职场上班族,1000-2000元,非常喜欢,每月1次,日常自用,"短视频平台,校园市集",略有耳闻,非常感兴趣,"手工工艺独特,小众不撞款","不适合日常使用,款式老旧",非常愿意,支持,"提升包装质感,适配日常使用",一定会,"大漆钥匙扣,大件漆艺摆件",简约现代风,完全接受，更有特色,"价格性价比,独特小众性",极高,组合套装礼盒,不喜欢,经典黑金红传统色,随缘,"同学朋友送礼,师生赠礼",略有影响,款式同质化严重,20元以内,50-80元,完全愿意,大概率会,随缘,线上店铺,小幅提升,不会复购,工艺制作短视频,"配饰挂件类,礼盒套装类",非常认可，环保创新,希望增加年轻化配色和小件礼盒，方便送礼和收藏。
daqi-answer-565,2026-08-05T13:12:00+08:00,女,18-22岁,个体经营者,1000元以内,比较喜欢,每月多次,"日常自用,市集/展会随手购买","电商店铺,朋友推荐",非常了解,比较感兴趣,"色泽质感高级,手工工艺独特",价格昂贵,愿意,中立,降低价格,可能会,"大漆书签,大漆钥匙扣",简约现代风,介意，追求完美品,"实用性,文化寓意",较高,定制专属款,非常喜欢,撞色潮流色系,非常愿意,"同学朋友送礼,商务小礼品",无影响,"价格虚高,华而不实无实用性",20-40元,50元以内,可以接受小幅溢价,看价格款式决定,一定会了解购买,"线上店铺,线下实体店",反而降低,一定会复购,"高颜值产品实拍图,市集线下体验","桌面摆件类,文具类",比较认可,希望兼顾传统工艺和日常实用性，价格可以分档。
daqi-answer-566,2026-08-06T14:25:00+08:00,男,31-40岁,在校学生,1000元以内,非常喜欢,每月多次,"收藏爱好,活动奖品",朋友推荐,非常了解,一般,非遗文化底蕴,"款式老旧,工艺精致",无所谓,强烈支持,"适配日常使用,加强科普宣传",一定会,大漆漆扇,小众艺术轻奢风,完全接受，更有特色,颜值外观,较低,单品简约款,无所谓,经典黑金红传统色,愿意,师生赠礼,会，非常加分,"华而不实无实用性,做工粗糙",20元以内,50-80元,不太接受,一定会买,会驻足了解,"文创展会,校园市集",大幅提升,不确定,"非遗文化科普,工艺制作短视频",文具类,无所谓,建议多做短视频展示制作过程，并在线下市集提供体验。
daqi-answer-567,2026-08-07T15:38:00+08:00,女,18岁以下,职场上班族,2000-3500元,非常喜欢,季度1-2次,日常自用,"短视频平台,线下实体店",完全没听过,非常感兴趣,"手工工艺独特,国风颜值高","适合收藏送礼,不适合日常使用",非常愿意,支持,"降低价格,适配日常使用",一定会,"大漆钥匙扣,大漆漆扇",简约现代风,可以接受,"价格性价比,文化寓意",极高,盲盒款式,非常喜欢,莫兰迪浅色系,随缘,"同学朋友送礼,节日礼物",略有影响,做工粗糙,20-40元,80-120元,完全愿意,大概率会,不会关注,线上店铺,无变化,一定会复购,工艺制作短视频,"配饰挂件类,桌面摆件类",非常认可，环保创新,包装可以更精致，同时附上简明的非遗文化说明卡。
daqi-answer-568,2026-08-08T16:51:00+08:00,男,18-22岁,在校学生,1000元以内,一般,每月多次,"送礼纪念,市集/展会随手购买","校园市集,文创展会",非常了解,比较感兴趣,"小众不撞款,色泽质感高级",价格昂贵,愿意,强烈支持,优化款式设计,不确定,"大漆书签,大漆漆扇",传统国风古风,非常介意,"颜值外观,文化寓意",较高,单品简约款,喜欢,撞色潮流色系,非常愿意,"节日礼物,商务小礼品",会，非常加分,"价格虚高,包装简陋",40-60元,50元以内,可以接受小幅溢价,基本不会,一定会了解购买,"校园市集,线下实体店",大幅提升,可能复购,"高颜值产品实拍图,非遗文化科普","定制专属类,配饰挂件类",比较认可,希望增加年轻化配色和小件礼盒，方便送礼和收藏。
daqi-answer-569,2026-08-09T17:04:00+08:00,女,18岁以下,在校学生,1000-2000元,非常喜欢,每月1次,"收藏爱好,送礼纪念",短视频平台,略有耳闻,毫无兴趣,非遗文化底蕴,"不适合日常使用,工艺精致",非常愿意,强烈支持,"适配日常使用,优化款式设计",一定会,大漆漆扇,可爱治愈风,完全接受，更有特色,颜值外观,极高,组合套装礼盒,无所谓,经典黑金红传统色,愿意,商务小礼品,略有影响,"华而不实无实用性,款式同质化严重",20元以内,50-80元,完全不接受,一定会买,随缘,"文创展会,线上店铺",小幅提升,不确定,"优惠活动福利,高颜值产品实拍图",文具类,非常认可，环保创新,希望兼顾传统工艺和日常实用性，价格可以分档。
daqi-answer-570,2026-08-10T18:17:00+08:00,男,18岁以下,自由职业,3500元以上,比较喜欢,季度1-2次,日常自用,"电商店铺,朋友推荐",非常了解,非常感兴趣,"色泽质感高级,国风颜值高","价格昂贵,不适合日常使用",非常愿意,中立,"降低价格,优化款式设计",可能会,"大件漆艺摆件,大漆漆扇",简约现代风,介意，追求完美品,"工艺质感,价格性价比",极高,盲盒款式,非常喜欢,莫兰迪浅色系,非常愿意,"同学朋友送礼,纪念收藏",无影响,价格虚高,20-40元,120元以上,完全愿意,看价格款式决定,一定会了解购买,线上店铺,无变化,一定会复购,工艺制作短视频,"桌面摆件类,配饰挂件类",比较认可,建议多做短视频展示制作过程，并在线下市集提供体验。
daqi-answer-571,2026-08-11T09:30:00+08:00,女,23-30岁,在校学生,1000元以内,一般,每月多次,"送礼纪念,活动奖品","校园市集,短视频平台",略有耳闻,一般,"非遗文化底蕴,色泽质感高级",款式老旧,无所谓,强烈支持,优化款式设计,基本不会,"大漆书签,文创套装礼盒",小众艺术轻奢风,完全接受，更有特色,"颜值外观,价格性价比",一般,单品简约款,喜欢,经典黑金红传统色,愿意,"节日礼物,师生赠礼",会，非常加分,"价格虚高,做工粗糙",60元以上,50元以内,不太接受,一定会买,会驻足了解,"校园市集,文创展会",大幅提升,可能复购,"非遗文化科普,高颜值产品实拍图","文具类,配饰挂件类",无所谓,包装可以更精致，同时附上简明的非遗文化说明卡。
daqi-answer-572,2026-08-12T10:43:00+08:00,男,18岁以下,职场上班族,2000-3500元,非常喜欢,每月1次,"市集/展会随手购买,收藏爱好",短视频平台,完全没听过,非常感兴趣,手工工艺独特,"不适合日常使用,款式老旧",非常愿意,支持,"加强科普宣传,优化款式设计",一定会,大漆漆扇,简约现代风,可以接受,价格性价比,极高,组合套装礼盒,非常喜欢,莫兰迪浅色系,随缘,同学朋友送礼,略有影响,"款式同质化严重,华而不实无实用性",20元以内,80-120元,完全愿意,大概率会,随缘,"社群团购,校园市集",小幅提升,一定会复购,"工艺制作短视频,高颜值产品实拍图",配饰挂件类,非常认可，环保创新,希望增加年轻化配色和小件礼盒，方便送礼和收藏。
daqi-answer-573,2026-08-13T11:56:00+08:00,男,18-22岁,自由职业,1000元以内,比较喜欢,几乎不买,日常自用,"电商店铺,校园市集",非常了解,比较感兴趣,"色泽质感高级,手工工艺独特","价格昂贵,款式老旧",愿意,不支持,"降低价格,提升包装质感",不确定,"大漆书签,大漆钥匙扣",传统国风古风,介意，追求完美品,"工艺质感,独特小众性",较高,单品简约款,喜欢,撞色潮流色系,非常愿意,"同学朋友送礼,商务小礼品",不在意,价格虚高,40-60元,50元以内,可以接受小幅溢价,看价格款式决定,一定会了解购买,线上店铺,大幅提升,可能复购,高颜值产品实拍图,"桌面摆件类,文具类",比较认可,希望兼顾传统工艺和日常实用性，价格可以分档。
daqi-answer-574,2026-08-14T12:09:00+08:00,男,23-30岁,在校学生,1000-2000元,完全不感兴趣,每月多次,"收藏爱好,活动奖品","文创展会,线下实体店",完全没听过,一般,"非遗文化底蕴,手工工艺独特",款式老旧,不愿意,强烈支持,优化款式设计,一定会,"大漆书签,大件漆艺摆件",小众艺术轻奢风,完全接受，更有特色,"颜值外观,实用性",较低,组合套装礼盒,无所谓,经典黑金红传统色,愿意,"师生赠礼,节日礼物",会，非常加分,"华而不实无实用性,做工粗糙",20元以内,50-80元,不太接受,一定会买,会驻足了解,"文创展会,校园市集",小幅提升,不确定,"非遗文化科普,工艺制作短视频","文具类,定制专属类",不认可,建议多做短视频展示制作过程，并在线下市集提供体验。
daqi-answer-575,2026-08-15T13:22:00+08:00,男,18岁以下,职场上班族,2000-3500元,非常喜欢,季度1-2次,"日常自用,收藏爱好",短视频平台,非常了解,非常感兴趣,手工工艺独特,"工艺精致,款式老旧",非常愿意,中立,"降低价格,适配日常使用",可能会,大漆钥匙扣,简约现代风,可以接受,价格性价比,极高,盲盒款式,非常喜欢,莫兰迪浅色系,不愿意,同学朋友送礼,无影响,"款式同质化严重,价格虚高",20-40元,80-120元,完全愿意,大概率会,一定会了解购买,"线上店铺,校园市集",无变化,一定会复购,"工艺制作短视频,优惠活动福利",配饰挂件类,非常认可，环保创新,包装可以更精致，同时附上简明的非遗文化说明卡。
daqi-answer-576,2026-08-16T14:35:00+08:00,女,18-22岁,其他,1000元以内,一般,每月多次,送礼纪念,"电商店铺,线下实体店",略有耳闻,比较感兴趣,"国风颜值高,手工工艺独特","价格昂贵,适合收藏送礼",无所谓,强烈支持,"降低价格,加强科普宣传",不确定,"大漆书签,大漆漆扇",传统国风古风,完全接受，更有特色,"实用性,独特小众性",较高,单品简约款,喜欢,自然原木底色,非常愿意,"节日礼物,商务小礼品",会，非常加分,价格虚高,40-60元,50元以内,可以接受小幅溢价,一定会买,会驻足了解,校园市集,大幅提升,可能复购,高颜值产品实拍图,"礼盒套装类,文具类",无所谓,希望增加年轻化配色和小件礼盒，方便送礼和收藏。
daqi-answer-577,2026-08-17T15:48:00+08:00,男,40岁以上,在校学生,1000-2000元,非常喜欢,每月1次,"收藏爱好,送礼纪念","朋友推荐,文创展会",非常了解,兴趣较低,"非遗文化底蕴,小众不撞款",款式老旧,非常愿意,支持,适配日常使用,一定会,"大漆漆扇,大件漆艺摆件",简约现代风,可以接受,"颜值外观,工艺质感",极高,组合套装礼盒,不喜欢,经典黑金红传统色,随缘,"师生赠礼,同学朋友送礼",略有影响,"华而不实无实用性,款式同质化严重",20元以内,50-80元,完全愿意,大概率会,随缘,"文创展会,线上店铺",小幅提升,不会复购,"市集线下体验,工艺制作短视频","文具类,礼盒套装类",非常认可，环保创新,希望兼顾传统工艺和日常实用性，价格可以分档。
daqi-answer-578,2026-08-18T16:01:00+08:00,女,18岁以下,自由职业,1000元以内,比较喜欢,季度1-2次,"日常自用,送礼纪念",短视频平台,略有耳闻,非常感兴趣,手工工艺独特,"价格昂贵,不适合日常使用",愿意,中立,"降低价格,优化款式设计",可能会,大件漆艺摆件,传统国风古风,介意，追求完美品,价格性价比,极高,定制专属款,非常喜欢,撞色潮流色系,非常愿意,同学朋友送礼,无影响,"包装简陋,华而不实无实用性",20-40元,50元以内,可以接受小幅溢价,看价格款式决定,一定会了解购买,"线上店铺,社群团购",反而降低,一定会复购,"工艺制作短视频,市集线下体验",配饰挂件类,比较认可,建议多做短视频展示制作过程，并在线下市集提供体验。
daqi-answer-579,2026-08-19T17:14:00+08:00,男,23-30岁,在校学生,1000元以内,一般,每月多次,送礼纪念,"电商店铺,文创展会",完全没听过,比较感兴趣,"非遗文化底蕴,色泽质感高级","价格昂贵,工艺精致",无所谓,强烈支持,"优化款式设计,加强科普宣传",一定会,"大漆书签,文创套装礼盒",小众艺术轻奢风,完全接受，更有特色,"颜值外观,实用性",一般,单品简约款,无所谓,经典黑金红传统色,愿意,"节日礼物,师生赠礼",会，非常加分,价格虚高,20元以内,50-80元,不太接受,一定会买,会驻足了解,校园市集,大幅提升,不确定,高颜值产品实拍图,"文具类,配饰挂件类",不认可,包装可以更精致，同时附上简明的非遗文化说明卡。
daqi-answer-580,2026-08-20T18:27:00+08:00,女,18岁以下,职场上班族,2000-3500元,非常喜欢,每月1次,"活动奖品,送礼纪念","短视频平台,文创展会",非常了解,非常感兴趣,"非遗文化底蕴,国风颜值高",不适合日常使用,非常愿意,支持,加强科普宣传,可能会,"大漆漆扇,大漆钥匙扣",简约现代风,可以接受,"颜值外观,独特小众性",极高,盲盒款式,非常喜欢,莫兰迪浅色系,随缘,"纪念收藏,节日礼物",略有影响,"款式同质化严重,华而不实无实用性",20-40元,80-120元,完全愿意,大概率会,不会关注,"线下实体店,线上店铺",无变化,一定会复购,"工艺制作短视频,高颜值产品实拍图","文具类,桌面摆件类",非常认可，环保创新,希望增加年轻化配色和小件礼盒，方便送礼和收藏。
daqi-answer-581,2026-08-21T09:40:00+08:00,男,18-22岁,自由职业,1000元以内,比较喜欢,半年一次,"日常自用,市集/展会随手购买",短视频平台,略有耳闻,非常感兴趣,色泽质感高级,"价格昂贵,款式老旧",愿意,强烈支持,"降低价格,提升包装质感",不确定,大漆书签,传统国风古风,非常介意,工艺质感,较高,单品简约款,喜欢,撞色潮流色系,非常愿意,同学朋友送礼,会，非常加分,"价格虚高,华而不实无实用性",40-60元,50元以内,可以接受小幅溢价,基本不会,一定会了解购买,"线上店铺,线下实体店",大幅提升,可能复购,"工艺制作短视频,非遗文化科普",桌面摆件类,比较认可,希望兼顾传统工艺和日常实用性，价格可以分档。
daqi-answer-582,2026-08-22T10:53:00+08:00,女,23-30岁,在校学生,1000-2000元,不太喜欢,每月多次,送礼纪念,"校园市集,电商店铺",非常了解,一般,"非遗文化底蕴,手工工艺独特","款式老旧,工艺精致",非常愿意,支持,"优化款式设计,适配日常使用",一定会,"大漆书签,大件漆艺摆件",可爱治愈风,完全接受，更有特色,"颜值外观,工艺质感",一般,组合套装礼盒,无所谓,经典黑金红传统色,愿意,"师生赠礼,节日礼物",略有影响,华而不实无实用性,20元以内,50-80元,完全不接受,一定会买,随缘,校园市集,小幅提升,不会复购,非遗文化科普,"文具类,定制专属类",非常认可，环保创新,建议多做短视频展示制作过程，并在线下市集提供体验。
daqi-answer-583,2026-08-23T11:06:00+08:00,男,18岁以下,职场上班族,3500元以上,非常喜欢,每月1次,"日常自用,收藏爱好","短视频平台,电商店铺",略有耳闻,非常感兴趣,"手工工艺独特,国风颜值高",工艺精致,愿意,中立,降低价格,可能会,"大漆钥匙扣,大漆漆扇",简约现代风,介意，追求完美品,"价格性价比,实用性",极高,盲盒款式,非常喜欢,莫兰迪浅色系,非常愿意,"同学朋友送礼,节日礼物",无影响,"款式同质化严重,价格虚高",20-40元,120元以上,完全愿意,看价格款式决定,一定会了解购买,"线上店铺,校园市集",反而降低,一定会复购,"工艺制作短视频,优惠活动福利","配饰挂件类,桌面摆件类",比较认可,包装可以更精致，同时附上简明的非遗文化说明卡。
daqi-answer-584,2026-08-24T12:19:00+08:00,女,18-22岁,个体经营者,1000元以内,比较喜欢,每月多次,"日常自用,活动奖品",电商店铺,非常了解,比较感兴趣,国风颜值高,"价格昂贵,适合收藏送礼",无所谓,强烈支持,"降低价格,加强科普宣传",基本不会,大漆书签,小众艺术轻奢风,完全接受，更有特色,工艺质感,较高,单品简约款,喜欢,经典黑金红传统色,愿意,节日礼物,会，非常加分,"价格虚高,包装简陋",60元以上,50元以内,不太接受,一定会买,会驻足了解,"线上店铺,文创展会",大幅提升,可能复购,"高颜值产品实拍图,非遗文化科普",礼盒套装类,无所谓,希望增加年轻化配色和小件礼盒，方便送礼和收藏。
daqi-answer-585,2026-08-25T13:32:00+08:00,男,31-40岁,在校学生,2000-3500元,非常喜欢,每月多次,收藏爱好,"校园市集,线下实体店",非常了解,兴趣较低,"非遗文化底蕴,小众不撞款","款式老旧,不适合日常使用",非常愿意,支持,"适配日常使用,优化款式设计",一定会,"大漆漆扇,大件漆艺摆件",简约现代风,可以接受,"颜值外观,独特小众性",不看重,组合套装礼盒,非常喜欢,莫兰迪浅色系,随缘,"师生赠礼,同学朋友送礼",略有影响,华而不实无实用性,20元以内,80-120元,完全愿意,大概率会,不会关注,文创展会,小幅提升,一定会复购,市集线下体验,"文具类,礼盒套装类",非常认可，环保创新,希望兼顾传统工艺和日常实用性，价格可以分档。
daqi-answer-586,2026-08-26T14:45:00+08:00,女,18岁以下,职场上班族,1000元以内,非常喜欢,季度1-2次,"日常自用,送礼纪念","短视频平台,朋友推荐",完全没听过,非常感兴趣,"手工工艺独特,色泽质感高级",价格昂贵,愿意,不支持,降低价格,不确定,"大漆钥匙扣,大漆书签",传统国风古风,介意，追求完美品,"价格性价比,工艺质感",极高,单品简约款,喜欢,撞色潮流色系,非常愿意,"同学朋友送礼,纪念收藏",不在意,"做工粗糙,价格虚高",40-60元,50元以内,可以接受小幅溢价,基本不会,一定会了解购买,"线上店铺,社群团购",大幅提升,可能复购,"工艺制作短视频,市集线下体验","配饰挂件类,文具类",比较认可,建议多做短视频展示制作过程，并在线下市集提供体验。
daqi-answer-587,2026-08-27T15:58:00+08:00,男,18-22岁,在校学生,1000-2000元,一般,每月多次,"送礼纪念,活动奖品",电商店铺,非常了解,比较感兴趣,非遗文化底蕴,"价格昂贵,工艺精致",不愿意,强烈支持,"优化款式设计,加强科普宣传",一定会,大漆书签,小众艺术轻奢风,完全接受，更有特色,文化寓意,一般,组合套装礼盒,无所谓,经典黑金红传统色,愿意,节日礼物,会，非常加分,"价格虚高,做工粗糙",20元以内,50-80元,完全不接受,一定会买,会驻足了解,"校园市集,文创展会",小幅提升,不确定,"高颜值产品实拍图,工艺制作短视频",定制专属类,非常认可，环保创新,包装可以更精致，同时附上简明的非遗文化说明卡。
daqi-answer-588,2026-08-28T16:11:00+08:00,女,18岁以下,在校学生,2000-3500元,非常喜欢,每月1次,活动奖品,"朋友推荐,线下实体店",略有耳闻,非常感兴趣,"非遗文化底蕴,国风颜值高","不适合日常使用,款式老旧",非常愿意,中立,"适配日常使用,降低价格",可能会,"大漆漆扇,大漆钥匙扣",简约现代风,可以接受,"颜值外观,文化寓意",极高,盲盒款式,非常喜欢,莫兰迪浅色系,不愿意,"商务小礼品,同学朋友送礼",无影响,华而不实无实用性,20-40元,120元以上,完全愿意,大概率会,一定会了解购买,线下实体店,无变化,一定会复购,优惠活动福利,"文具类,桌面摆件类",非常认可，环保创新,希望增加年轻化配色和小件礼盒，方便送礼和收藏。
daqi-answer-589,2026-08-01T17:24:00+08:00,男,18岁以下,自由职业,1000元以内,比较喜欢,半年一次,"日常自用,市集/展会随手购买","短视频平台,校园市集",非常了解,非常感兴趣,"色泽质感高级,手工工艺独特",价格昂贵,无所谓,强烈支持,降低价格,不确定,"文创套装礼盒,大漆漆扇",传统国风古风,完全接受，更有特色,"价格性价比,独特小众性",较高,单品简约款,喜欢,自然原木底色,非常愿意,"同学朋友送礼,商务小礼品",会，非常加分,"价格虚高,华而不实无实用性",60元以上,50元以内,可以接受小幅溢价,一定会买,会驻足了解,"线上店铺,线下实体店",大幅提升,可能复购,"工艺制作短视频,非遗文化科普","桌面摆件类,文具类",无所谓,希望兼顾传统工艺和日常实用性，价格可以分档。
daqi-answer-590,2026-08-02T18:37:00+08:00,男,23-30岁,在校学生,1000-2000元,不太喜欢,每月多次,"送礼纪念,收藏爱好",电商店铺,略有耳闻,一般,非遗文化底蕴,"款式老旧,工艺精致",非常愿意,支持,"优化款式设计,适配日常使用",一定会,大漆书签,简约现代风,可以接受,颜值外观,一般,组合套装礼盒,不喜欢,经典黑金红传统色,随缘,节日礼物,略有影响,"价格虚高,款式同质化严重",20元以内,50-80元,完全愿意,大概率会,随缘,"校园市集,线上店铺",小幅提升,一定会复购,"非遗文化科普,工艺制作短视频",文具类,非常认可，环保创新,建议多做短视频展示制作过程，并在线下市集提供体验。
daqi-answer-591,2026-08-03T09:50:00+08:00,男,18岁以下,职场上班族,1000元以内,非常喜欢,每月1次,日常自用,"短视频平台,朋友推荐",完全没听过,非常感兴趣,"手工工艺独特,国风颜值高","不适合日常使用,价格昂贵",愿意,中立,"提升包装质感,优化款式设计",可能会,"大漆钥匙扣,大漆漆扇",传统国风古风,介意，追求完美品,"颜值外观,价格性价比",极高,定制专属款,非常喜欢,撞色潮流色系,非常愿意,"同学朋友送礼,节日礼物",不在意,款式同质化严重,20-40元,50元以内,可以接受小幅溢价,看价格款式决定,一定会了解购买,社群团购,大幅提升,一定会复购,工艺制作短视频,"配饰挂件类,桌面摆件类",比较认可,包装可以更精致，同时附上简明的非遗文化说明卡。
daqi-answer-592,2026-08-04T10:03:00+08:00,男,18-22岁,个体经营者,1000-2000元,比较喜欢,每月多次,"日常自用,活动奖品","短视频平台,线下实体店",非常了解,比较感兴趣,"色泽质感高级,非遗文化底蕴",价格昂贵,无所谓,强烈支持,降低价格,一定会,"大漆书签,大漆漆扇",小众艺术轻奢风,完全接受，更有特色,"工艺质感,实用性",较高,单品简约款,无所谓,经典黑金红传统色,愿意,"同学朋友送礼,师生赠礼",会，非常加分,"价格虚高,包装简陋",20元以内,50-80元,不太接受,一定会买,会驻足了解,"线上店铺,文创展会",大幅提升,不确定,"高颜值产品实拍图,非遗文化科普","桌面摆件类,定制专属类",不认可,希望增加年轻化配色和小件礼盒，方便送礼和收藏。
daqi-answer-593,2026-08-05T11:16:00+08:00,女,31-40岁,在校学生,2000-3500元,非常喜欢,每月多次,"收藏爱好,送礼纪念",校园市集,完全没听过,一般,非遗文化底蕴,"款式老旧,不适合日常使用",非常愿意,支持,"适配日常使用,优化款式设计",可能会,大漆漆扇,简约现代风,可以接受,颜值外观,较低,盲盒款式,非常喜欢,莫兰迪浅色系,不愿意,师生赠礼,略有影响,"华而不实无实用性,款式同质化严重",20-40元,80-120元,完全愿意,大概率会,一定会了解购买,"文创展会,线上店铺",无变化,一定会复购,"非遗文化科普,优惠活动福利",文具类,非常认可，环保创新,希望兼顾传统工艺和日常实用性，价格可以分档。
daqi-answer-594,2026-08-06T12:29:00+08:00,男,18岁以下,职场上班族,1000元以内,非常喜欢,季度1-2次,日常自用,"短视频平台,校园市集",非常了解,非常感兴趣,"手工工艺独特,色泽质感高级","适合收藏送礼,款式老旧",愿意,强烈支持,"降低价格,优化款式设计",不确定,"大漆钥匙扣,大漆书签",传统国风古风,非常介意,"价格性价比,独特小众性",极高,单品简约款,喜欢,自然原木底色,非常愿意,"同学朋友送礼,纪念收藏",会，非常加分,做工粗糙,40-60元,50元以内,可以接受小幅溢价,一定会买,一定会了解购买,线上店铺,大幅提升,可能复购,工艺制作短视频,"配饰挂件类,文具类",比较认可,建议多做短视频展示制作过程，并在线下市集提供体验。
daqi-answer-595,2026-08-07T13:42:00+08:00,女,18-22岁,在校学生,1000-2000元,一般,每月多次,"送礼纪念,活动奖品","电商店铺,朋友推荐",略有耳闻,比较感兴趣,"小众不撞款,手工工艺独特",价格昂贵,非常愿意,支持,优化款式设计,一定会,"大漆书签,文创套装礼盒",可爱治愈风,完全接受，更有特色,"工艺质感,价格性价比",较高,组合套装礼盒,不喜欢,经典黑金红传统色,愿意,"节日礼物,师生赠礼",略有影响,"价格虚高,做工粗糙",20元以内,50-80元,完全愿意,一定会买,随缘,"校园市集,文创展会",小幅提升,不会复购,"高颜值产品实拍图,工艺制作短视频","礼盒套装类,定制专属类",非常认可，环保创新,包装可以更精致，同时附上简明的非遗文化说明卡。
daqi-answer-596,2026-08-08T14:55:00+08:00,男,18岁以下,在校学生,3500元以上,非常喜欢,每月1次,"收藏爱好,日常自用",校园市集,非常了解,毫无兴趣,非遗文化底蕴,"不适合日常使用,款式老旧",愿意,中立,"适配日常使用,降低价格",可能会,大漆漆扇,简约现代风,介意，追求完美品,颜值外观,极高,定制专属款,非常喜欢,莫兰迪浅色系,非常愿意,商务小礼品,无影响,"华而不实无实用性,价格虚高",20-40元,50元以内,完全愿意,看价格款式决定,一定会了解购买,"文创展会,社群团购",反而降低,一定会复购,"市集线下体验,优惠活动福利",文具类,比较认可,希望增加年轻化配色和小件礼盒，方便送礼和收藏。
daqi-answer-597,2026-08-09T15:08:00+08:00,女,18岁以下,自由职业,1000元以内,比较喜欢,季度1-2次,日常自用,"短视频平台,线下实体店",略有耳闻,非常感兴趣,"色泽质感高级,手工工艺独特","价格昂贵,款式老旧",无所谓,强烈支持,"降低价格,提升包装质感",基本不会,"大件漆艺摆件,大漆书签",小众艺术轻奢风,完全接受，更有特色,"价格性价比,文化寓意",极高,单品简约款,喜欢,经典黑金红传统色,愿意,"同学朋友送礼,商务小礼品",会，非常加分,包装简陋,20元以内,50元以内,不太接受,一定会买,会驻足了解,线上店铺,大幅提升,可能复购,工艺制作短视频,"配饰挂件类,定制专属类",无所谓,希望兼顾传统工艺和日常实用性，价格可以分档。
daqi-answer-598,2026-08-10T16:21:00+08:00,男,23-30岁,在校学生,2000-3500元,一般,每月多次,"送礼纪念,收藏爱好","电商店铺,校园市集",完全没听过,一般,"非遗文化底蕴,手工工艺独特",款式老旧,非常愿意,支持,优化款式设计,一定会,"大漆书签,大件漆艺摆件",简约现代风,可以接受,"文化寓意,颜值外观",一般,组合套装礼盒,非常喜欢,莫兰迪浅色系,随缘,"节日礼物,同学朋友送礼",略有影响,"价格虚高,款式同质化严重",20元以内,80-120元,完全愿意,大概率会,不会关注,"校园市集,线上店铺",小幅提升,一定会复购,"高颜值产品实拍图,优惠活动福利","文具类,定制专属类",非常认可，环保创新,建议多做短视频展示制作过程，并在线下市集提供体验。
daqi-answer-599,2026-08-11T17:34:00+08:00,女,18岁以下,职场上班族,1000元以内,非常喜欢,每月1次,"市集/展会随手购买,送礼纪念",文创展会,非常了解,非常感兴趣,手工工艺独特,"不适合日常使用,价格昂贵",愿意,不支持,"加强科普宣传,降低价格",不确定,大漆漆扇,传统国风古风,非常介意,颜值外观,极高,单品简约款,喜欢,撞色潮流色系,非常愿意,纪念收藏,会，非常加分,"款式同质化严重,价格虚高",40-60元,50元以内,可以接受小幅溢价,基本不会,一定会了解购买,"线下实体店,社群团购",大幅提升,可能复购,"工艺制作短视频,优惠活动福利",配饰挂件类,比较认可,包装可以更精致，同时附上简明的非遗文化说明卡。
daqi-answer-600,2026-08-12T18:47:00+08:00,男,18-22岁,自由职业,1000-2000元,比较喜欢,几乎不买,日常自用,"短视频平台,文创展会",略有耳闻,比较感兴趣,"色泽质感高级,非遗文化底蕴","价格昂贵,适合收藏送礼",不愿意,强烈支持,"降低价格,加强科普宣传",一定会,"大漆书签,大漆漆扇",可爱治愈风,完全接受，更有特色,"价格性价比,颜值外观",较高,组合套装礼盒,无所谓,经典黑金红传统色,愿意,"同学朋友送礼,师生赠礼",会，非常加分,价格虚高,20元以内,50-80元,完全不接受,一定会买,会驻足了解,线上店铺,小幅提升,不确定,高颜值产品实拍图,"桌面摆件类,定制专属类",非常认可，环保创新,希望增加年轻化配色和小件礼盒，方便送礼和收藏。
daqi-answer-601,2026-08-13T09:00:00+08:00,女,23-30岁,在校学生,2000-3500元,完全不感兴趣,每月多次,"收藏爱好,送礼纪念","电商店铺,线下实体店",非常了解,一般,"非遗文化底蕴,小众不撞款",款式老旧,非常愿意,中立,优化款式设计,可能会,"大漆书签,大漆钥匙扣",简约现代风,可以接受,"颜值外观,价格性价比",较低,盲盒款式,非常喜欢,莫兰迪浅色系,非常愿意,"师生赠礼,同学朋友送礼",无影响,"华而不实无实用性,款式同质化严重",20-40元,120元以上,完全愿意,大概率会,一定会了解购买,"校园市集,社群团购",无变化,一定会复购,"非遗文化科普,优惠活动福利","文具类,礼盒套装类",非常认可，环保创新,希望兼顾传统工艺和日常实用性，价格可以分档。
daqi-answer-602,2026-08-14T10:13:00+08:00,男,18岁以下,职场上班族,1000元以内,非常喜欢,季度1-2次,"日常自用,送礼纪念",短视频平台,略有耳闻,非常感兴趣,手工工艺独特,"工艺精致,价格昂贵",无所谓,强烈支持,"降低价格,优化款式设计",基本不会,大漆钥匙扣,传统国风古风,完全接受，更有特色,颜值外观,极高,单品简约款,喜欢,经典黑金红传统色,非常愿意,同学朋友送礼,会，非常加分,"款式同质化严重,包装简陋",60元以上,50元以内,可以接受小幅溢价,一定会买,会驻足了解,"线上店铺,社群团购",大幅提升,可能复购,"工艺制作短视频,市集线下体验",配饰挂件类,无所谓,建议多做短视频展示制作过程，并在线下市集提供体验。
daqi-answer-603,2026-08-15T11:26:00+08:00,女,18-22岁,其他,1000-2000元,一般,每月多次,送礼纪念,"短视频平台,电商店铺",非常了解,比较感兴趣,"国风颜值高,非遗文化底蕴","价格昂贵,工艺精致",非常愿意,支持,"降低价格,适配日常使用",一定会,"大漆书签,文创套装礼盒",简约现代风,可以接受,"工艺质感,独特小众性",较高,组合套装礼盒,非常喜欢,经典黑金红传统色,随缘,"节日礼物,师生赠礼",略有影响,价格虚高,20元以内,50-80元,完全愿意,大概率会,随缘,校园市集,小幅提升,一定会复购,高颜值产品实拍图,"礼盒套装类,定制专属类",非常认可，环保创新,包装可以更精致，同时附上简明的非遗文化说明卡。
daqi-answer-604,2026-08-16T12:39:00+08:00,男,40岁以上,在校学生,1000元以内,非常喜欢,每月1次,"收藏爱好,日常自用","校园市集,朋友推荐",非常了解,兴趣较低,"非遗文化底蕴,国风颜值高",款式老旧,愿意,不支持,适配日常使用,可能会,"大漆漆扇,大漆钥匙扣",传统国风古风,介意，追求完美品,"颜值外观,实用性",不看重,单品简约款,非常喜欢,撞色潮流色系,非常愿意,"师生赠礼,纪念收藏",不在意,"华而不实无实用性,价格虚高",20-40元,50元以内,可以接受小幅溢价,看价格款式决定,一定会了解购买,"文创展会,社群团购",大幅提升,一定会复购,"市集线下体验,优惠活动福利","文具类,桌面摆件类",比较认可,希望增加年轻化配色和小件礼盒，方便送礼和收藏。
daqi-answer-605,2026-08-17T13:52:00+08:00,女,18岁以下,自由职业,1000-2000元,比较喜欢,季度1-2次,"日常自用,市集/展会随手购买",短视频平台,完全没听过,非常感兴趣,手工工艺独特,"价格昂贵,款式老旧",不愿意,强烈支持,"降低价格,提升包装质感",一定会,大件漆艺摆件,小众艺术轻奢风,完全接受，更有特色,价格性价比,极高,单品简约款,无所谓,经典黑金红传统色,愿意,同学朋友送礼,会，非常加分,"做工粗糙,包装简陋",20元以内,50-80元,不太接受,一定会买,会驻足了解,"线上店铺,线下实体店",大幅提升,不确定,"工艺制作短视频,非遗文化科普",配饰挂件类,不认可,希望兼顾传统工艺和日常实用性，价格可以分档。
daqi-answer-606,2026-08-18T14:05:00+08:00,男,23-30岁,在校学生,2000-3500元,一般,每月多次,送礼纪念,"电商店铺,线下实体店",非常了解,比较感兴趣,"非遗文化底蕴,手工工艺独特","价格昂贵,不适合日常使用",非常愿意,支持,"优化款式设计,适配日常使用",可能会,"大漆书签,大件漆艺摆件",简约现代风,可以接受,"工艺质感,文化寓意",一般,盲盒款式,非常喜欢,莫兰迪浅色系,不愿意,"节日礼物,同学朋友送礼",略有影响,价格虚高,20-40元,80-120元,完全愿意,大概率会,一定会了解购买,校园市集,无变化,一定会复购,高颜值产品实拍图,"文具类,定制专属类",非常认可，环保创新,建议多做短视频展示制作过程，并在线下市集提供体验。
daqi-answer-607,2026-08-19T15:18:00+08:00,男,18岁以下,职场上班族,1000元以内,非常喜欢,每月1次,"活动奖品,日常自用","校园市集,电商店铺",略有耳闻,非常感兴趣,"非遗文化底蕴,色泽质感高级",不适合日常使用,愿意,强烈支持,加强科普宣传,不确定,"大漆漆扇,大漆书签",传统国风古风,完全接受，更有特色,"颜值外观,工艺质感",极高,单品简约款,喜欢,自然原木底色,非常愿意,"商务小礼品,纪念收藏",会，非常加分,"华而不实无实用性,包装简陋",40-60元,50元以内,可以接受小幅溢价,一定会买,一定会了解购买,"线下实体店,社群团购",大幅提升,可能复购,"工艺制作短视频,优惠活动福利","文具类,配饰挂件类",比较认可,包装可以更精致，同时附上简明的非遗文化说明卡。
daqi-answer-608,2026-08-20T16:31:00+08:00,男,18-22岁,自由职业,1000-2000元,比较喜欢,半年一次,"日常自用,活动奖品",短视频平台,非常了解,非常感兴趣,色泽质感高级,"价格昂贵,适合收藏送礼",非常愿意,支持,"降低价格,加强科普宣传",一定会,文创套装礼盒,简约现代风,完全接受，更有特色,价格性价比,较高,组合套装礼盒,不喜欢,经典黑金红传统色,愿意,同学朋友送礼,略有影响,"价格虚高,包装简陋",20元以内,50-80元,完全愿意,一定会买,随缘,"线上店铺,文创展会",小幅提升,不会复购,"工艺制作短视频,高颜值产品实拍图",桌面摆件类,非常认可，环保创新,希望增加年轻化配色和小件礼盒，方便送礼和收藏。
daqi-answer-609,2026-08-21T17:44:00+08:00,男,23-30岁,在校学生,3500元以上,不太喜欢,每月多次,送礼纪念,"电商店铺,文创展会",略有耳闻,一般,"非遗文化底蕴,小众不撞款","款式老旧,不适合日常使用",愿意,中立,"优化款式设计,降低价格",可能会,"大漆书签,大漆钥匙扣",简约现代风,介意，追求完美品,"文化寓意,价格性价比",一般,定制专属款,非常喜欢,莫兰迪浅色系,非常愿意,"节日礼物,纪念收藏",无影响,华而不实无实用性,20-40元,50元以内,完全愿意,看价格款式决定,一定会了解购买,校园市集,反而降低,一定会复购,非遗文化科普,"文具类,礼盒套装类",比较认可,希望兼顾传统工艺和日常实用性，价格可以分档。
daqi-answer-610,2026-08-22T18:57:00+08:00,男,18岁以下,职场上班族,1000元以内,非常喜欢,每月1次,"日常自用,送礼纪念","文创展会,短视频平台",完全没听过,非常感兴趣,"手工工艺独特,色泽质感高级",工艺精致,无所谓,强烈支持,提升包装质感,一定会,"大漆钥匙扣,大漆书签",小众艺术轻奢风,完全接受，更有特色,"颜值外观,独特小众性",极高,单品简约款,喜欢,经典黑金红传统色,愿意,"同学朋友送礼,纪念收藏",会，非常加分,"款式同质化严重,包装简陋",20元以内,50元以内,不太接受,一定会买,会驻足了解,"线上店铺,社群团购",大幅提升,可能复购,"工艺制作短视频,市集线下体验","配饰挂件类,文具类",无所谓,建议多做短视频展示制作过程，并在线下市集提供体验。
daqi-answer-611,2026-08-23T09:10:00+08:00,男,18-22岁,个体经营者,2000-3500元,比较喜欢,每月多次,"日常自用,收藏爱好",短视频平台,非常了解,比较感兴趣,国风颜值高,"价格昂贵,工艺精致",非常愿意,支持,"降低价格,适配日常使用",一定会,大漆书签,简约现代风,可以接受,价格性价比,较高,组合套装礼盒,非常喜欢,莫兰迪浅色系,随缘,节日礼物,略有影响,"价格虚高,做工粗糙",20元以内,80-120元,完全愿意,大概率会,不会关注,"线上店铺,校园市集",小幅提升,一定会复购,"高颜值产品实拍图,工艺制作短视频",桌面摆件类,非常认可，环保创新,包装可以更精致，同时附上简明的非遗文化说明卡。
daqi-answer-612,2026-08-24T10:23:00+08:00,女,31-40岁,在校学生,1000元以内,非常喜欢,每月多次,收藏爱好,"电商店铺,短视频平台",完全没听过,兴趣较低,"非遗文化底蕴,国风颜值高","款式老旧,价格昂贵",愿意,强烈支持,"适配日常使用,降低价格",不确定,"大漆漆扇,大漆钥匙扣",传统国风古风,非常介意,"颜值外观,工艺质感",较低,单品简约款,喜欢,撞色潮流色系,非常愿意,"师生赠礼,纪念收藏",会，非常加分,华而不实无实用性,40-60元,50元以内,可以接受小幅溢价,基本不会,一定会了解购买,文创展会,大幅提升,可能复购,非遗文化科普,"文具类,桌面摆件类",比较认可,希望增加年轻化配色和小件礼盒，方便送礼和收藏。
daqi-answer-613,2026-08-25T11:36:00+08:00,男,18岁以下,职场上班族,1000-2000元,非常喜欢,季度1-2次,"日常自用,市集/展会随手购买","短视频平台,电商店铺",非常了解,非常感兴趣,"手工工艺独特,非遗文化底蕴",适合收藏送礼,非常愿意,强烈支持,降低价格,一定会,"大漆钥匙扣,文创套装礼盒",可爱治愈风,完全接受，更有特色,"颜值外观,文化寓意",极高,组合套装礼盒,无所谓,经典黑金红传统色,愿意,"同学朋友送礼,商务小礼品",会，非常加分,"做工粗糙,包装简陋",20元以内,50-80元,完全不接受,一定会买,会驻足了解,"线上店铺,线下实体店",小幅提升,不确定,"工艺制作短视频,非遗文化科普","配饰挂件类,定制专属类",非常认可，环保创新,希望兼顾传统工艺和日常实用性，价格可以分档。
daqi-answer-614,2026-08-26T12:49:00+08:00,女,18-22岁,在校学生,3500元以上,一般,每月多次,"送礼纪念,收藏爱好",短视频平台,略有耳闻,比较感兴趣,小众不撞款,"价格昂贵,不适合日常使用",非常愿意,中立,"优化款式设计,适配日常使用",可能会,大漆书签,简约现代风,可以接受,工艺质感,较高,盲盒款式,非常喜欢,莫兰迪浅色系,非常愿意,节日礼物,无影响,"价格虚高,款式同质化严重",20-40元,120元以上,完全愿意,大概率会,一定会了解购买,"校园市集,线上店铺",无变化,一定会复购,"高颜值产品实拍图,优惠活动福利",定制专属类,非常认可，环保创新,建议多做短视频展示制作过程，并在线下市集提供体验。
daqi-answer-615,2026-08-27T13:02:00+08:00,男,18岁以下,在校学生,1000元以内,非常喜欢,每月1次,活动奖品,"校园市集,线下实体店",非常了解,毫无兴趣,"非遗文化底蕴,色泽质感高级","不适合日常使用,价格昂贵",无所谓,强烈支持,"适配日常使用,提升包装质感",基本不会,"大漆漆扇,大漆书签",传统国风古风,完全接受，更有特色,"颜值外观,独特小众性",极高,单品简约款,喜欢,经典黑金红传统色,非常愿意,"商务小礼品,纪念收藏",会，非常加分,华而不实无实用性,60元以上,50元以内,可以接受小幅溢价,一定会买,会驻足了解,文创展会,大幅提升,可能复购,优惠活动福利,"文具类,配饰挂件类",无所谓,包装可以更精致，同时附上简明的非遗文化说明卡。
daqi-answer-616,2026-08-28T14:15:00+08:00,女,18岁以下,自由职业,1000-2000元,比较喜欢,半年一次,"日常自用,活动奖品","短视频平台,朋友推荐",略有耳闻,非常感兴趣,"色泽质感高级,非遗文化底蕴",价格昂贵,非常愿意,支持,降低价格,一定会,"大件漆艺摆件,文创套装礼盒",简约现代风,可以接受,"价格性价比,工艺质感",较高,组合套装礼盒,非常喜欢,经典黑金红传统色,随缘,"同学朋友送礼,师生赠礼",略有影响,"价格虚高,包装简陋",20元以内,50-80元,完全愿意,大概率会,随缘,"线上店铺,文创展会",小幅提升,一定会复购,"工艺制作短视频,高颜值产品实拍图","桌面摆件类,定制专属类",非常认可，环保创新,希望增加年轻化配色和小件礼盒，方便送礼和收藏。
daqi-answer-617,2026-08-01T15:28:00+08:00,男,23-30岁,在校学生,1000元以内,不太喜欢,每月多次,"送礼纪念,日常自用",电商店铺,完全没听过,一般,非遗文化底蕴,"款式老旧,不适合日常使用",愿意,不支持,"优化款式设计,降低价格",可能会,大漆书签,传统国风古风,介意，追求完美品,工艺质感,一般,单品简约款,非常喜欢,撞色潮流色系,非常愿意,节日礼物,不在意,"价格虚高,华而不实无实用性",20-40元,50元以内,可以接受小幅溢价,看价格款式决定,一定会了解购买,"校园市集,社群团购",大幅提升,一定会复购,"非遗文化科普,优惠活动福利",文具类,比较认可,希望兼顾传统工艺和日常实用性，价格可以分档。
daqi-answer-618,2026-08-02T16:41:00+08:00,女,18岁以下,职场上班族,1000-2000元,非常喜欢,每月1次,市集/展会随手购买,"校园市集,文创展会",非常了解,非常感兴趣,"手工工艺独特,色泽质感高级","不适合日常使用,适合收藏送礼",不愿意,强烈支持,"加强科普宣传,提升包装质感",一定会,"大漆漆扇,文创套装礼盒",小众艺术轻奢风,完全接受，更有特色,"颜值外观,文化寓意",极高,单品简约款,无所谓,经典黑金红传统色,愿意,"同学朋友送礼,纪念收藏",会，非常加分,款式同质化严重,20元以内,50-80元,不太接受,一定会买,会驻足了解,社群团购,大幅提升,不确定,工艺制作短视频,"配饰挂件类,文具类",不认可,建议多做短视频展示制作过程，并在线下市集提供体验。
daqi-answer-619,2026-08-03T17:54:00+08:00,男,18-22岁,个体经营者,2000-3500元,比较喜欢,几乎不买,"日常自用,收藏爱好","短视频平台,校园市集",略有耳闻,比较感兴趣,"色泽质感高级,小众不撞款",价格昂贵,非常愿意,支持,降低价格,可能会,"大漆书签,文创套装礼盒",简约现代风,可以接受,"价格性价比,独特小众性",较高,盲盒款式,非常喜欢,莫兰迪浅色系,不愿意,"同学朋友送礼,节日礼物",略有影响,"价格虚高,做工粗糙",20-40元,80-120元,完全愿意,大概率会,一定会了解购买,"线上店铺,校园市集",无变化,一定会复购,"高颜值产品实拍图,工艺制作短视频","桌面摆件类,礼盒套装类",非常认可，环保创新,包装可以更精致，同时附上简明的非遗文化说明卡。
daqi-answer-620,2026-08-04T18:07:00+08:00,女,31-40岁,在校学生,1000元以内,完全不感兴趣,每月多次,"收藏爱好,日常自用",电商店铺,非常了解,一般,非遗文化底蕴,"款式老旧,价格昂贵",愿意,强烈支持,"优化款式设计,提升包装质感",不确定,大漆漆扇,传统国风古风,完全接受，更有特色,文化寓意,较低,单品简约款,喜欢,自然原木底色,非常愿意,师生赠礼,会，非常加分,"华而不实无实用性,价格虚高",40-60元,50元以内,可以接受小幅溢价,一定会买,一定会了解购买,"文创展会,社群团购",大幅提升,可能复购,"非遗文化科普,市集线下体验",文具类,比较认可,希望增加年轻化配色和小件礼盒，方便送礼和收藏。
daqi-answer-621,2026-08-05T09:20:00+08:00,男,18岁以下,职场上班族,1000-2000元,非常喜欢,季度1-2次,日常自用,"文创展会,电商店铺",略有耳闻,非常感兴趣,"手工工艺独特,非遗文化底蕴","工艺精致,适合收藏送礼",非常愿意,支持,"降低价格,提升包装质感",一定会,"大漆钥匙扣,文创套装礼盒",简约现代风,完全接受，更有特色,"颜值外观,价格性价比",极高,组合套装礼盒,不喜欢,经典黑金红传统色,愿意,"同学朋友送礼,商务小礼品",略有影响,款式同质化严重,20元以内,50-80元,完全愿意,一定会买,随缘,线上店铺,小幅提升,不会复购,工艺制作短视频,"配饰挂件类,定制专属类",非常认可，环保创新,希望兼顾传统工艺和日常实用性，价格可以分档。
daqi-answer-622,2026-08-06T10:33:00+08:00,女,18-22岁,其他,1000元以内,一般,每月多次,"送礼纪念,收藏爱好","短视频平台,线下实体店",非常了解,比较感兴趣,"国风颜值高,小众不撞款",价格昂贵,愿意,中立,优化款式设计,可能会,"大漆书签,大件漆艺摆件",简约现代风,介意，追求完美品,"价格性价比,文化寓意",较高,定制专属款,非常喜欢,莫兰迪浅色系,非常愿意,"节日礼物,同学朋友送礼",无影响,"价格虚高,款式同质化严重",20-40元,50元以内,完全愿意,看价格款式决定,一定会了解购买,"校园市集,线上店铺",反而降低,一定会复购,"高颜值产品实拍图,优惠活动福利","礼盒套装类,桌面摆件类",比较认可,建议多做短视频展示制作过程，并在线下市集提供体验。
daqi-answer-623,2026-08-07T11:46:00+08:00,男,40岁以上,在校学生,1000元以内,非常喜欢,每月1次,"收藏爱好,市集/展会随手购买",电商店铺,非常了解,兴趣较低,非遗文化底蕴,"款式老旧,适合收藏送礼",无所谓,强烈支持,"适配日常使用,提升包装质感",一定会,大漆漆扇,小众艺术轻奢风,完全接受，更有特色,独特小众性,极高,单品简约款,喜欢,经典黑金红传统色,愿意,师生赠礼,会，非常加分,"华而不实无实用性,包装简陋",20元以内,50元以内,不太接受,一定会买,会驻足了解,"文创展会,线下实体店",大幅提升,可能复购,"市集线下体验,非遗文化科普",文具类,无所谓,包装可以更精致，同时附上简明的非遗文化说明卡。
daqi-answer-624,2026-08-08T12:59:00+08:00,女,18岁以下,自由职业,2000-3500元,比较喜欢,季度1-2次,日常自用,"短视频平台,校园市集",完全没听过,非常感兴趣,"手工工艺独特,小众不撞款","价格昂贵,适合收藏送礼",非常愿意,支持,"降低价格,加强科普宣传",一定会,"大件漆艺摆件,文创套装礼盒",简约现代风,可以接受,"颜值外观,实用性",极高,组合套装礼盒,非常喜欢,莫兰迪浅色系,随缘,"同学朋友送礼,师生赠礼",略有影响,包装简陋,20元以内,80-120元,完全愿意,大概率会,不会关注,线上店铺,小幅提升,一定会复购,工艺制作短视频,"配饰挂件类,礼盒套装类",非常认可，环保创新,希望增加年轻化配色和小件礼盒，方便送礼和收藏。
daqi-answer-625,2026-08-09T13:12:00+08:00,男,23-30岁,在校学生,1000元以内,一般,每月多次,"送礼纪念,日常自用","短视频平台,文创展会",非常了解,比较感兴趣,"非遗文化底蕴,小众不撞款",款式老旧,愿意,强烈支持,优化款式设计,不确定,"大漆书签,大漆钥匙扣",传统国风古风,非常介意,"工艺质感,价格性价比",一般,单品简约款,喜欢,撞色潮流色系,非常愿意,"节日礼物,纪念收藏",会，非常加分,"价格虚高,华而不实无实用性",40-60元,50元以内,可以接受小幅溢价,基本不会,一定会了解购买,"校园市集,社群团购",大幅提升,可能复购,"高颜值产品实拍图,市集线下体验","文具类,礼盒套装类",比较认可,希望兼顾传统工艺和日常实用性，价格可以分档。
daqi-answer-626,2026-08-10T14:25:00+08:00,男,18岁以下,职场上班族,1000-2000元,非常喜欢,每月1次,"活动奖品,市集/展会随手购买",校园市集,略有耳闻,非常感兴趣,手工工艺独特,"不适合日常使用,适合收藏送礼",非常愿意,强烈支持,"加强科普宣传,提升包装质感",一定会,大漆漆扇,可爱治愈风,完全接受，更有特色,颜值外观,极高,组合套装礼盒,无所谓,经典黑金红传统色,愿意,纪念收藏,会，非常加分,"款式同质化严重,包装简陋",20元以内,50-80元,完全不接受,一定会买,会驻足了解,"线下实体店,文创展会",小幅提升,不确定,"工艺制作短视频,市集线下体验",配饰挂件类,非常认可，环保创新,建议多做短视频展示制作过程，并在线下市集提供体验。
daqi-answer-627,2026-08-11T15:38:00+08:00,男,18-22岁,自由职业,3500元以上,比较喜欢,半年一次,日常自用,"短视频平台,线下实体店",非常了解,比较感兴趣,"色泽质感高级,小众不撞款","价格昂贵,工艺精致",非常愿意,中立,"降低价格,适配日常使用",可能会,"大漆书签,文创套装礼盒",简约现代风,可以接受,"价格性价比,文化寓意",较高,盲盒款式,非常喜欢,莫兰迪浅色系,非常愿意,"同学朋友送礼,节日礼物",无影响,价格虚高,20-40元,120元以上,完全愿意,大概率会,一定会了解购买,线上店铺,无变化,一定会复购,高颜值产品实拍图,"桌面摆件类,礼盒套装类",非常认可，环保创新,包装可以更精致，同时附上简明的非遗文化说明卡。
daqi-answer-628,2026-08-12T16:51:00+08:00,男,23-30岁,在校学生,1000元以内,不太喜欢,每月多次,"送礼纪念,市集/展会随手购买","电商店铺,校园市集",略有耳闻,一般,"非遗文化底蕴,国风颜值高",款式老旧,无所谓,强烈支持,优化款式设计,基本不会,"大漆书签,大漆漆扇",传统国风古风,完全接受，更有特色,"工艺质感,独特小众性",一般,单品简约款,喜欢,经典黑金红传统色,非常愿意,"师生赠礼,纪念收藏",会，非常加分,"华而不实无实用性,价格虚高",60元以上,50元以内,可以接受小幅溢价,一定会买,会驻足了解,"校园市集,线下实体店",大幅提升,可能复购,"非遗文化科普,市集线下体验","文具类,桌面摆件类",无所谓,希望增加年轻化配色和小件礼盒，方便送礼和收藏。
daqi-answer-629,2026-08-13T17:04:00+08:00,女,18岁以下,职场上班族,1000-2000元,非常喜欢,每月1次,"日常自用,市集/展会随手购买",校园市集,完全没听过,非常感兴趣,手工工艺独特,"工艺精致,适合收藏送礼",非常愿意,支持,"降低价格,提升包装质感",一定会,大漆钥匙扣,简约现代风,可以接受,颜值外观,极高,组合套装礼盒,非常喜欢,经典黑金红传统色,随缘,同学朋友送礼,略有影响,"款式同质化严重,做工粗糙",20元以内,50-80元,完全愿意,大概率会,随缘,"线上店铺,线下实体店",小幅提升,一定会复购,"工艺制作短视频,非遗文化科普",配饰挂件类,非常认可，环保创新,希望兼顾传统工艺和日常实用性，价格可以分档。
daqi-answer-630,2026-08-14T18:17:00+08:00,男,18-22岁,个体经营者,1000元以内,比较喜欢,每月多次,送礼纪念,"短视频平台,文创展会",非常了解,比较感兴趣,"国风颜值高,小众不撞款","价格昂贵,不适合日常使用",愿意,不支持,"降低价格,优化款式设计",可能会,"大漆书签,大件漆艺摆件",传统国风古风,介意，追求完美品,"价格性价比,颜值外观",较高,单品简约款,非常喜欢,撞色潮流色系,非常愿意,"节日礼物,同学朋友送礼",不在意,价格虚高,20-40元,50元以内,可以接受小幅溢价,看价格款式决定,一定会了解购买,校园市集,大幅提升,一定会复购,高颜值产品实拍图,"礼盒套装类,桌面摆件类",比较认可,建议多做短视频展示制作过程，并在线下市集提供体验。
daqi-answer-631,2026-08-15T09:30:00+08:00,女,31-40岁,在校学生,1000-2000元,非常喜欢,每月1次,"收藏爱好,市集/展会随手购买","电商店铺,线下实体店",完全没听过,兴趣较低,"非遗文化底蕴,色泽质感高级",款式老旧,不愿意,强烈支持,适配日常使用,一定会,"大漆漆扇,大漆书签",小众艺术轻奢风,完全接受，更有特色,"文化寓意,实用性",不看重,单品简约款,无所谓,经典黑金红传统色,愿意,"师生赠礼,商务小礼品",会，非常加分,"华而不实无实用性,包装简陋",20元以内,50-80元,不太接受,一定会买,会驻足了解,"文创展会,线下实体店",大幅提升,不确定,"市集线下体验,非遗文化科普","文具类,配饰挂件类",不认可,包装可以更精致，同时附上简明的非遗文化说明卡。
daqi-answer-632,2026-08-16T10:43:00+08:00,男,18岁以下,职场上班族,2000-3500元,比较喜欢,季度1-2次,"日常自用,活动奖品",文创展会,非常了解,非常感兴趣,手工工艺独特,"价格昂贵,适合收藏送礼",非常愿意,支持,"降低价格,加强科普宣传",可能会,大漆钥匙扣,简约现代风,可以接受,颜值外观,极高,盲盒款式,非常喜欢,莫兰迪浅色系,不愿意,同学朋友送礼,略有影响,"做工粗糙,款式同质化严重",20-40元,80-120元,完全愿意,大概率会,一定会了解购买,"线上店铺,文创展会",无变化,一定会复购,"工艺制作短视频,高颜值产品实拍图",配饰挂件类,非常认可，环保创新,希望增加年轻化配色和小件礼盒，方便送礼和收藏。
daqi-answer-633,2026-08-17T11:56:00+08:00,女,18-22岁,在校学生,1000元以内,一般,每月多次,送礼纪念,"短视频平台,电商店铺",略有耳闻,比较感兴趣,"非遗文化底蕴,小众不撞款","价格昂贵,款式老旧",愿意,强烈支持,"优化款式设计,降低价格",不确定,"大漆书签,大漆钥匙扣",传统国风古风,完全接受，更有特色,"价格性价比,实用性",一般,单品简约款,喜欢,自然原木底色,非常愿意,"节日礼物,纪念收藏",会，非常加分,价格虚高,40-60元,50元以内,可以接受小幅溢价,一定会买,一定会了解购买,校园市集,大幅提升,可能复购,高颜值产品实拍图,"文具类,礼盒套装类",无所谓,希望兼顾传统工艺和日常实用性，价格可以分档。
daqi-answer-634,2026-08-18T12:09:00+08:00,男,18岁以下,职场上班族,1000-2000元,非常喜欢,每月1次,"活动奖品,市集/展会随手购买","电商店铺,文创展会",非常了解,非常感兴趣,"非遗文化底蕴,手工工艺独特",不适合日常使用,非常愿意,支持,适配日常使用,一定会,"大漆漆扇,文创套装礼盒",简约现代风,完全接受，更有特色,"独特小众性,文化寓意",极高,组合套装礼盒,不喜欢,经典黑金红传统色,愿意,"商务小礼品,师生赠礼",略有影响,"华而不实无实用性,做工粗糙",20元以内,50-80元,完全愿意,一定会买,随缘,"线下实体店,文创展会",小幅提升,不会复购,"工艺制作短视频,市集线下体验","文具类,定制专属类",非常认可，环保创新,建议多做短视频展示制作过程，并在线下市集提供体验。
daqi-answer-635,2026-08-19T13:22:00+08:00,女,18-22岁,自由职业,1000元以内,比较喜欢,半年一次,"日常自用,收藏爱好",线下实体店,略有耳闻,非常感兴趣,色泽质感高级,"价格昂贵,工艺精致",愿意,中立,"降低价格,适配日常使用",可能会,文创套装礼盒,简约现代风,介意，追求完美品,颜值外观,较高,定制专属款,非常喜欢,莫兰迪浅色系,非常愿意,同学朋友送礼,无影响,"价格虚高,做工粗糙",20-40元,50元以内,完全愿意,看价格款式决定,一定会了解购买,"线上店铺,校园市集",反而降低,一定会复购,"工艺制作短视频,优惠活动福利",桌面摆件类,比较认可,包装可以更精致，同时附上简明的非遗文化说明卡。
daqi-answer-636,2026-08-20T14:35:00+08:00,男,23-30岁,在校学生,1000元以内,不太喜欢,每月多次,送礼纪念,"短视频平台,朋友推荐",完全没听过,一般,"非遗文化底蕴,国风颜值高","款式老旧,价格昂贵",无所谓,强烈支持,"优化款式设计,提升包装质感",一定会,"大漆书签,大漆漆扇",小众艺术轻奢风,完全接受，更有特色,"工艺质感,文化寓意",一般,单品简约款,喜欢,经典黑金红传统色,愿意,"节日礼物,商务小礼品",会，非常加分,华而不实无实用性,20元以内,50元以内,不太接受,一定会买,会驻足了解,校园市集,大幅提升,不确定,非遗文化科普,"文具类,桌面摆件类",无所谓,希望增加年轻化配色和小件礼盒，方便送礼和收藏。
daqi-answer-637,2026-08-21T15:48:00+08:00,女,18岁以下,职场上班族,2000-3500元,非常喜欢,每月1次,"日常自用,市集/展会随手购买","校园市集,电商店铺",非常了解,非常感兴趣,"手工工艺独特,非遗文化底蕴",不适合日常使用,非常愿意,支持,提升包装质感,一定会,"大漆钥匙扣,文创套装礼盒",简约现代风,可以接受,"颜值外观,工艺质感",极高,组合套装礼盒,非常喜欢,莫兰迪浅色系,随缘,"同学朋友送礼,商务小礼品",略有影响,"款式同质化严重,做工粗糙",20元以内,80-120元,完全愿意,大概率会,不会关注,"线上店铺,线下实体店",无变化,一定会复购,"工艺制作短视频,非遗文化科普","配饰挂件类,定制专属类",非常认可，环保创新,希望兼顾传统工艺和日常实用性，价格可以分档。
daqi-answer-638,2026-08-22T16:01:00+08:00,男,18-22岁,个体经营者,1000元以内,比较喜欢,每月多次,"日常自用,送礼纪念",短视频平台,略有耳闻,比较感兴趣,色泽质感高级,"价格昂贵,不适合日常使用",愿意,强烈支持,"降低价格,优化款式设计",不确定,大漆书签,传统国风古风,非常介意,价格性价比,较高,单品简约款,喜欢,撞色潮流色系,非常愿意,节日礼物,会，非常加分,"价格虚高,款式同质化严重",40-60元,50元以内,可以接受小幅溢价,基本不会,一定会了解购买,"线上店铺,社群团购",大幅提升,可能复购,"高颜值产品实拍图,优惠活动福利",桌面摆件类,比较认可,建议多做短视频展示制作过程，并在线下市集提供体验。
daqi-answer-639,2026-08-23T17:14:00+08:00,女,31-40岁,在校学生,1000-2000元,非常喜欢,每月多次,收藏爱好,"电商店铺,文创展会",非常了解,一般,"非遗文化底蕴,色泽质感高级","款式老旧,适合收藏送礼",非常愿意,强烈支持,"适配日常使用,提升包装质感",一定会,"大漆漆扇,大漆书签",可爱治愈风,完全接受，更有特色,"工艺质感,颜值外观",较低,组合套装礼盒,无所谓,经典黑金红传统色,愿意,"师生赠礼,商务小礼品",会，非常加分,华而不实无实用性,20元以内,50-80元,完全不接受,一定会买,随缘,文创展会,小幅提升,不确定,非遗文化科普,"文具类,配饰挂件类",非常认可，环保创新,包装可以更精致，同时附上简明的非遗文化说明卡。
daqi-answer-640,2026-08-24T18:27:00+08:00,男,18岁以下,职场上班族,3500元以上,非常喜欢,季度1-2次,"日常自用,活动奖品","校园市集,线下实体店",略有耳闻,非常感兴趣,"手工工艺独特,小众不撞款",适合收藏送礼,非常愿意,中立,降低价格,可能会,"大漆钥匙扣,大件漆艺摆件",简约现代风,可以接受,"颜值外观,独特小众性",极高,盲盒款式,非常喜欢,莫兰迪浅色系,非常愿意,"同学朋友送礼,师生赠礼",无影响,"做工粗糙,款式同质化严重",20-40元,120元以上,完全愿意,看价格款式决定,一定会了解购买,"线上店铺,文创展会",无变化,一定会复购,"工艺制作短视频,高颜值产品实拍图","配饰挂件类,礼盒套装类",非常认可，环保创新,希望增加年轻化配色和小件礼盒，方便送礼和收藏。
daqi-answer-641,2026-08-25T09:40:00+08:00,女,18-22岁,在校学生,1000元以内,一般,每月多次,"送礼纪念,日常自用",短视频平台,非常了解,比较感兴趣,小众不撞款,"价格昂贵,款式老旧",无所谓,强烈支持,"优化款式设计,降低价格",基本不会,大漆书签,传统国风古风,完全接受，更有特色,价格性价比,较高,单品简约款,喜欢,经典黑金红传统色,非常愿意,节日礼物,会，非常加分,"价格虚高,华而不实无实用性",60元以上,50元以内,不太接受,一定会买,会驻足了解,"校园市集,社群团购",大幅提升,可能复购,"高颜值产品实拍图,市集线下体验",定制专属类,无所谓,希望兼顾传统工艺和日常实用性，价格可以分档。
daqi-answer-642,2026-08-26T10:53:00+08:00,男,18岁以下,在校学生,1000-2000元,非常喜欢,每月1次,收藏爱好,"电商店铺,短视频平台",非常了解,毫无兴趣,"非遗文化底蕴,手工工艺独特","不适合日常使用,适合收藏送礼",非常愿意,支持,"适配日常使用,加强科普宣传",一定会,"大漆漆扇,文创套装礼盒",简约现代风,可以接受,"文化寓意,独特小众性",极高,组合套装礼盒,非常喜欢,经典黑金红传统色,随缘,"商务小礼品,师生赠礼",略有影响,华而不实无实用性,20元以内,80-120元,完全愿意,大概率会,随缘,文创展会,小幅提升,一定会复购,优惠活动福利,"文具类,定制专属类",非常认可，环保创新,建议多做短视频展示制作过程，并在线下市集提供体验。
daqi-answer-643,2026-08-27T11:06:00+08:00,男,18岁以下,自由职业,1000元以内,比较喜欢,季度1-2次,"日常自用,收藏爱好","文创展会,朋友推荐",完全没听过,非常感兴趣,"色泽质感高级,小众不撞款",价格昂贵,愿意,不支持,降低价格,可能会,"大件漆艺摆件,大漆钥匙扣",传统国风古风,介意，追求完美品,"颜值外观,文化寓意",较高,单品简约款,非常喜欢,撞色潮流色系,非常愿意,"同学朋友送礼,节日礼物",不在意,"价格虚高,做工粗糙",40-60元,50元以内,可以接受小幅溢价,看价格款式决定,一定会了解购买,"线上店铺,校园市集",大幅提升,一定会复购,"工艺制作短视频,优惠活动福利","桌面摆件类,礼盒套装类",比较认可,包装可以更精致，同时附上简明的非遗文化说明卡。
daqi-answer-644,2026-08-28T12:19:00+08:00,男,23-30岁,在校学生,1000-2000元,一般,每月多次,"送礼纪念,市集/展会随手购买",短视频平台,非常了解,一般,非遗文化底蕴,"款式老旧,价格昂贵",不愿意,强烈支持,"优化款式设计,提升包装质感",一定会,大漆书签,小众艺术轻奢风,完全接受，更有特色,价格性价比,一般,单品简约款,无所谓,经典黑金红传统色,愿意,节日礼物,会，非常加分,"价格虚高,包装简陋",20元以内,50-80元,不太接受,一定会买,会驻足了解,"校园市集,线下实体店",大幅提升,不确定,"非遗文化科普,市集线下体验",文具类,不认可,希望增加年轻化配色和小件礼盒，方便送礼和收藏。
daqi-answer-645,2026-08-01T13:32:00+08:00,男,18岁以下,职场上班族,2000-3500元,非常喜欢,每月1次,市集/展会随手购买,"电商店铺,朋友推荐",略有耳闻,非常感兴趣,"手工工艺独特,非遗文化底蕴","不适合日常使用,工艺精致",非常愿意,支持,"加强科普宣传,适配日常使用",可能会,"大漆漆扇,大件漆艺摆件",简约现代风,可以接受,"实用性,文化寓意",极高,盲盒款式,非常喜欢,莫兰迪浅色系,不愿意,"同学朋友送礼,商务小礼品",无影响,款式同质化严重,20-40元,80-120元,完全愿意,大概率会,一定会了解购买,社群团购,无变化,一定会复购,工艺制作短视频,"配饰挂件类,定制专属类",非常认可，环保创新,希望兼顾传统工艺和日常实用性，价格可以分档。
daqi-answer-646,2026-08-02T14:45:00+08:00,女,18-22岁,自由职业,1000元以内,比较喜欢,几乎不买,"日常自用,送礼纪念","线下实体店,文创展会",非常了解,比较感兴趣,"色泽质感高级,国风颜值高",价格昂贵,愿意,强烈支持,降低价格,不确定,"大漆书签,大件漆艺摆件",传统国风古风,完全接受，更有特色,"颜值外观,价格性价比",较高,单品简约款,喜欢,自然原木底色,非常愿意,"同学朋友送礼,纪念收藏",会，非常加分,"价格虚高,款式同质化严重",40-60元,50元以内,可以接受小幅溢价,一定会买,一定会了解购买,"线上店铺,社群团购",大幅提升,可能复购,"高颜值产品实拍图,优惠活动福利","桌面摆件类,配饰挂件类",无所谓,建议多做短视频展示制作过程，并在线下市集提供体验。
daqi-answer-647,2026-08-03T15:58:00+08:00,男,23-30岁,在校学生,1000-2000元,完全不感兴趣,每月多次,"收藏爱好,市集/展会随手购买",短视频平台,略有耳闻,一般,非遗文化底蕴,"款式老旧,适合收藏送礼",非常愿意,支持,"优化款式设计,加强科普宣传",一定会,大漆漆扇,简约现代风,完全接受，更有特色,工艺质感,较低,组合套装礼盒,不喜欢,经典黑金红传统色,随缘,师生赠礼,略有影响,"华而不实无实用性,包装简陋",20元以内,50-80元,完全愿意,一定会买,随缘,"文创展会,线下实体店",小幅提升,不会复购,"非遗文化科普,高颜值产品实拍图",文具类,非常认可，环保创新,包装可以更精致，同时附上简明的非遗文化说明卡。
daqi-answer-648,2026-08-04T16:11:00+08:00,女,18岁以下,职场上班族,1000元以内,非常喜欢,季度1-2次,日常自用,"校园市集,文创展会",完全没听过,非常感兴趣,"手工工艺独特,小众不撞款","工艺精致,不适合日常使用",愿意,中立,"降低价格,加强科普宣传",可能会,"大漆钥匙扣,大件漆艺摆件",简约现代风,介意，追求完美品,"颜值外观,文化寓意",极高,定制专属款,非常喜欢,撞色潮流色系,非常愿意,"同学朋友送礼,师生赠礼",无影响,款式同质化严重,20-40元,50元以内,完全愿意,看价格款式决定,一定会了解购买,线上店铺,反而降低,一定会复购,工艺制作短视频,"配饰挂件类,礼盒套装类",比较认可,希望增加年轻化配色和小件礼盒，方便送礼和收藏。
daqi-answer-649,2026-08-05T17:24:00+08:00,男,18-22岁,其他,1000元以内,一般,每月多次,"送礼纪念,日常自用","短视频平台,校园市集",非常了解,比较感兴趣,"国风颜值高,色泽质感高级",价格昂贵,无所谓,强烈支持,优化款式设计,一定会,"大漆书签,大漆钥匙扣",小众艺术轻奢风,完全接受，更有特色,"价格性价比,独特小众性",较高,单品简约款,无所谓,经典黑金红传统色,愿意,"节日礼物,纪念收藏",会，非常加分,"价格虚高,华而不实无实用性",20元以内,50元以内,不太接受,一定会买,会驻足了解,"校园市集,社群团购",大幅提升,不确定,"高颜值产品实拍图,市集线下体验","礼盒套装类,配饰挂件类",无所谓,希望兼顾传统工艺和日常实用性，价格可以分档。
daqi-answer-650,2026-08-06T18:37:00+08:00,女,40岁以上,在校学生,2000-3500元,非常喜欢,每月1次,"收藏爱好,活动奖品",电商店铺,略有耳闻,兴趣较低,非遗文化底蕴,"款式老旧,工艺精致",非常愿意,支持,"适配日常使用,加强科普宣传",一定会,大漆漆扇,简约现代风,可以接受,工艺质感,极高,盲盒款式,非常喜欢,莫兰迪浅色系,随缘,师生赠礼,略有影响,"华而不实无实用性,做工粗糙",20元以内,80-120元,完全愿意,大概率会,不会关注,"文创展会,校园市集",无变化,一定会复购,"市集线下体验,高颜值产品实拍图",文具类,非常认可，环保创新,建议多做短视频展示制作过程，并在线下市集提供体验。
daqi-answer-651,2026-08-07T09:50:00+08:00,男,18岁以下,自由职业,1000元以内,比较喜欢,季度1-2次,日常自用,"校园市集,短视频平台",非常了解,非常感兴趣,"手工工艺独特,国风颜值高","价格昂贵,工艺精致",愿意,强烈支持,"降低价格,适配日常使用",不确定,"大件漆艺摆件,大漆钥匙扣",传统国风古风,非常介意,"颜值外观,价格性价比",极高,单品简约款,喜欢,撞色潮流色系,非常愿意,"同学朋友送礼,节日礼物",会，非常加分,包装简陋,40-60元,50元以内,可以接受小幅溢价,基本不会,一定会了解购买,线上店铺,大幅提升,可能复购,工艺制作短视频,"配饰挂件类,桌面摆件类",比较认可,包装可以更精致，同时附上简明的非遗文化说明卡。
daqi-answer-652,2026-08-08T10:03:00+08:00,女,23-30岁,在校学生,1000-2000元,一般,每月多次,"送礼纪念,市集/展会随手购买","短视频平台,线下实体店",略有耳闻,比较感兴趣,"非遗文化底蕴,国风颜值高",款式老旧,非常愿意,强烈支持,优化款式设计,一定会,"大漆书签,大漆漆扇",可爱治愈风,完全接受，更有特色,"价格性价比,文化寓意",一般,组合套装礼盒,无所谓,经典黑金红传统色,愿意,"节日礼物,商务小礼品",会，非常加分,"价格虚高,包装简陋",20元以内,50-80元,完全不接受,一定会买,随缘,"校园市集,线下实体店",小幅提升,不确定,"高颜值产品实拍图,非遗文化科普","文具类,桌面摆件类",非常认可，环保创新,希望增加年轻化配色和小件礼盒，方便送礼和收藏。
daqi-answer-653,2026-08-09T11:16:00+08:00,男,18岁以下,职场上班族,3500元以上,非常喜欢,每月1次,"活动奖品,收藏爱好",电商店铺,非常了解,非常感兴趣,手工工艺独特,"不适合日常使用,工艺精致",非常愿意,中立,"加强科普宣传,适配日常使用",可能会,大漆漆扇,简约现代风,介意，追求完美品,文化寓意,极高,盲盒款式,非常喜欢,莫兰迪浅色系,非常愿意,纪念收藏,无影响,"款式同质化严重,做工粗糙",20-40元,120元以上,完全愿意,看价格款式决定,一定会了解购买,"线下实体店,校园市集",无变化,一定会复购,"工艺制作短视频,非遗文化科普",文具类,比较认可,希望兼顾传统工艺和日常实用性，价格可以分档。
daqi-answer-654,2026-08-10T12:29:00+08:00,女,18-22岁,自由职业,1000元以内,比较喜欢,半年一次,日常自用,"文创展会,线下实体店",非常了解,比较感兴趣,"色泽质感高级,国风颜值高","价格昂贵,不适合日常使用",无所谓,强烈支持,"降低价格,优化款式设计",基本不会,"大漆书签,大件漆艺摆件",小众艺术轻奢风,完全接受，更有特色,"颜值外观,实用性",较高,单品简约款,喜欢,经典黑金红传统色,非常愿意,"同学朋友送礼,纪念收藏",会，非常加分,价格虚高,60元以上,50元以内,不太接受,一定会买,会驻足了解,线上店铺,大幅提升,可能复购,工艺制作短视频,"桌面摆件类,配饰挂件类",无所谓,建议多做短视频展示制作过程，并在线下市集提供体验。
daqi-answer-655,2026-08-11T13:42:00+08:00,男,23-30岁,在校学生,1000-2000元,不太喜欢,每月多次,"送礼纪念,活动奖品","短视频平台,文创展会",完全没听过,一般,"非遗文化底蕴,色泽质感高级",款式老旧,非常愿意,支持,优化款式设计,一定会,"大漆书签,文创套装礼盒",简约现代风,可以接受,"价格性价比,颜值外观",一般,组合套装礼盒,非常喜欢,经典黑金红传统色,随缘,"师生赠礼,商务小礼品",略有影响,"华而不实无实用性,包装简陋",20元以内,80-120元,完全愿意,大概率会,随缘,"校园市集,文创展会",小幅提升,一定会复购,"非遗文化科普,高颜值产品实拍图","文具类,配饰挂件类",非常认可，环保创新,包装可以更精致，同时附上简明的非遗文化说明卡。
daqi-answer-656,2026-08-12T14:55:00+08:00,女,18岁以下,职场上班族,1000元以内,非常喜欢,每月1次,"日常自用,活动奖品",电商店铺,非常了解,非常感兴趣,手工工艺独特,"工艺精致,不适合日常使用",愿意,不支持,"降低价格,加强科普宣传",不确定,大漆钥匙扣,传统国风古风,介意，追求完美品,实用性,极高,单品简约款,非常喜欢,撞色潮流色系,非常愿意,同学朋友送礼,不在意,"款式同质化严重,华而不实无实用性",40-60元,50元以内,可以接受小幅溢价,看价格款式决定,一定会了解购买,"线上店铺,文创展会",大幅提升,可能复购,"工艺制作短视频,高颜值产品实拍图",配饰挂件类,比较认可,希望增加年轻化配色和小件礼盒，方便送礼和收藏。
daqi-answer-657,2026-08-13T15:08:00+08:00,男,18-22岁,个体经营者,1000-2000元,比较喜欢,每月多次,送礼纪念,"朋友推荐,文创展会",略有耳闻,比较感兴趣,"国风颜值高,色泽质感高级","价格昂贵,款式老旧",不愿意,强烈支持,"降低价格,提升包装质感",一定会,"大漆书签,大漆钥匙扣",小众艺术轻奢风,完全接受，更有特色,"颜值外观,工艺质感",较高,单品简约款,无所谓,经典黑金红传统色,愿意,"节日礼物,纪念收藏",会，非常加分,价格虚高,20元以内,50-80元,不太接受,一定会买,会驻足了解,线上店铺,小幅提升,不确定,高颜值产品实拍图,"礼盒套装类,配饰挂件类",不认可,希望兼顾传统工艺和日常实用性，价格可以分档。
daqi-answer-658,2026-08-14T16:21:00+08:00,女,31-40岁,在校学生,2000-3500元,非常喜欢,每月1次,"收藏爱好,活动奖品","短视频平台,电商店铺",非常了解,兴趣较低,"非遗文化底蕴,手工工艺独特",款式老旧,非常愿意,中立,适配日常使用,可能会,"大漆漆扇,文创套装礼盒",简约现代风,可以接受,"工艺质感,独特小众性",不看重,盲盒款式,非常喜欢,莫兰迪浅色系,不愿意,"师生赠礼,节日礼物",无影响,"华而不实无实用性,做工粗糙",20-40元,80-120元,完全愿意,大概率会,一定会了解购买,"文创展会,校园市集",无变化,一定会复购,"市集线下体验,高颜值产品实拍图","文具类,定制专属类",非常认可，环保创新,建议多做短视频展示制作过程，并在线下市集提供体验。
daqi-answer-659,2026-08-15T17:34:00+08:00,男,18岁以下,职场上班族,1000元以内,比较喜欢,季度1-2次,"日常自用,收藏爱好",校园市集,略有耳闻,非常感兴趣,手工工艺独特,"价格昂贵,工艺精致",无所谓,强烈支持,"降低价格,适配日常使用",不确定,大漆钥匙扣,传统国风古风,完全接受，更有特色,颜值外观,极高,单品简约款,喜欢,自然原木底色,非常愿意,同学朋友送礼,会，非常加分,"做工粗糙,华而不实无实用性",40-60元,50元以内,可以接受小幅溢价,一定会买,会驻足了解,"线上店铺,校园市集",大幅提升,可能复购,"工艺制作短视频,优惠活动福利",配饰挂件类,无所谓,包装可以更精致，同时附上简明的非遗文化说明卡。
daqi-answer-660,2026-08-16T18:47:00+08:00,男,18-22岁,在校学生,1000-2000元,一般,每月多次,送礼纪念,"短视频平台,文创展会",完全没听过,比较感兴趣,"非遗文化底蕴,国风颜值高","价格昂贵,适合收藏送礼",非常愿意,支持,"优化款式设计,提升包装质感",一定会,"大漆书签,大漆漆扇",简约现代风,完全接受，更有特色,"价格性价比,颜值外观",一般,组合套装礼盒,不喜欢,经典黑金红传统色,随缘,"节日礼物,商务小礼品",略有影响,价格虚高,20元以内,50-80元,完全愿意,大概率会,随缘,校园市集,小幅提升,不会复购,高颜值产品实拍图,"文具类,桌面摆件类",非常认可，环保创新,希望增加年轻化配色和小件礼盒，方便送礼和收藏。
daqi-answer-661,2026-08-17T09:00:00+08:00,男,18岁以下,职场上班族,1000元以内,非常喜欢,每月1次,"活动奖品,收藏爱好","电商店铺,线下实体店",非常了解,非常感兴趣,"非遗文化底蕴,小众不撞款",不适合日常使用,愿意,中立,适配日常使用,可能会,"大漆漆扇,大件漆艺摆件",简约现代风,介意，追求完美品,"工艺质感,文化寓意",极高,定制专属款,非常喜欢,撞色潮流色系,非常愿意,"商务小礼品,节日礼物",无影响,"华而不实无实用性,款式同质化严重",20-40元,50元以内,可以接受小幅溢价,看价格款式决定,一定会了解购买,"线下实体店,校园市集",反而降低,一定会复购,"工艺制作短视频,非遗文化科普","文具类,礼盒套装类",比较认可,希望兼顾传统工艺和日常实用性，价格可以分档。
daqi-answer-662,2026-08-18T10:13:00+08:00,男,18-22岁,自由职业,1000元以内,比较喜欢,半年一次,"日常自用,送礼纪念",校园市集,完全没听过,非常感兴趣,色泽质感高级,"价格昂贵,不适合日常使用",无所谓,强烈支持,"降低价格,优化款式设计",一定会,文创套装礼盒,小众艺术轻奢风,完全接受，更有特色,颜值外观,较高,单品简约款,无所谓,经典黑金红传统色,愿意,同学朋友送礼,会，非常加分,"价格虚高,款式同质化严重",20元以内,50-80元,不太接受,一定会买,会驻足了解,"线上店铺,社群团购",大幅提升,不确定,"工艺制作短视频,市集线下体验",桌面摆件类,无所谓,建议多做短视频展示制作过程，并在线下市集提供体验。
daqi-answer-663,2026-08-19T11:26:00+08:00,女,23-30岁,在校学生,2000-3500元,不太喜欢,每月多次,送礼纪念,"短视频平台,电商店铺",非常了解,一般,"非遗文化底蕴,色泽质感高级","款式老旧,适合收藏送礼",非常愿意,支持,"优化款式设计,加强科普宣传",一定会,"大漆书签,文创套装礼盒",简约现代风,可以接受,"价格性价比,实用性",一般,盲盒款式,非常喜欢,莫兰迪浅色系,随缘,"节日礼物,师生赠礼",略有影响,价格虚高,20-40元,80-120元,完全愿意,大概率会,不会关注,校园市集,无变化,一定会复购,非遗文化科普,"文具类,配饰挂件类",非常认可，环保创新,包装可以更精致，同时附上简明的非遗文化说明卡。
daqi-answer-664,2026-08-20T12:39:00+08:00,男,18岁以下,职场上班族,1000元以内,非常喜欢,每月1次,"日常自用,活动奖品","电商店铺,文创展会",略有耳闻,非常感兴趣,"手工工艺独特,小众不撞款",不适合日常使用,愿意,强烈支持,提升包装质感,不确定,"大漆钥匙扣,大件漆艺摆件",传统国风古风,非常介意,"文化寓意,价格性价比",极高,单品简约款,喜欢,撞色潮流色系,非常愿意,"同学朋友送礼,师生赠礼",会，非常加分,"款式同质化严重,华而不实无实用性",40-60元,50元以内,可以接受小幅溢价,基本不会,一定会了解购买,"线上店铺,文创展会",大幅提升,可能复购,"工艺制作短视频,高颜值产品实拍图","配饰挂件类,礼盒套装类",比较认可,希望增加年轻化配色和小件礼盒，方便送礼和收藏。
daqi-answer-665,2026-08-21T13:52:00+08:00,女,18-22岁,个体经营者,1000-2000元,比较喜欢,每月多次,"日常自用,市集/展会随手购买",文创展会,非常了解,比较感兴趣,色泽质感高级,"价格昂贵,款式老旧",非常愿意,强烈支持,"降低价格,提升包装质感",一定会,大漆书签,可爱治愈风,完全接受，更有特色,颜值外观,较高,组合套装礼盒,无所谓,经典黑金红传统色,愿意,同学朋友送礼,略有影响,"价格虚高,华而不实无实用性",20元以内,50-80元,完全不接受,一定会买,随缘,"线上店铺,线下实体店",小幅提升,不确定,"高颜值产品实拍图,市集线下体验",桌面摆件类,非常认可，环保创新,希望兼顾传统工艺和日常实用性，价格可以分档。
daqi-answer-666,2026-08-22T14:05:00+08:00,男,31-40岁,在校学生,3500元以上,非常喜欢,每月多次,收藏爱好,"短视频平台,朋友推荐",略有耳闻,一般,"非遗文化底蕴,手工工艺独特","款式老旧,工艺精致",非常愿意,中立,"适配日常使用,加强科普宣传",可能会,"大漆漆扇,文创套装礼盒",简约现代风,介意，追求完美品,"价格性价比,工艺质感",较低,盲盒款式,非常喜欢,莫兰迪浅色系,非常愿意,"师生赠礼,节日礼物",无影响,华而不实无实用性,20-40元,120元以上,完全愿意,看价格款式决定,一定会了解购买,文创展会,无变化,一定会复购,非遗文化科普,"文具类,定制专属类",比较认可,建议多做短视频展示制作过程，并在线下市集提供体验。
daqi-answer-667,2026-08-23T15:18:00+08:00,女,18岁以下,职场上班族,1000元以内,非常喜欢,季度1-2次,"日常自用,收藏爱好","电商店铺,短视频平台",完全没听过,非常感兴趣,"手工工艺独特,国风颜值高",适合收藏送礼,无所谓,强烈支持,降低价格,基本不会,"大漆钥匙扣,大漆漆扇",小众艺术轻奢风,完全接受，更有特色,"实用性,颜值外观",极高,单品简约款,喜欢,经典黑金红传统色,愿意,"同学朋友送礼,节日礼物",会，非常加分,"做工粗糙,华而不实无实用性",60元以上,50元以内,不太接受,一定会买,会驻足了解,"线上店铺,校园市集",大幅提升,可能复购,"工艺制作短视频,优惠活动福利","配饰挂件类,桌面摆件类",无所谓,包装可以更精致，同时附上简明的非遗文化说明卡。
daqi-answer-668,2026-08-24T16:31:00+08:00,男,18-22岁,在校学生,2000-3500元,一般,每月多次,"送礼纪念,市集/展会随手购买",朋友推荐,非常了解,比较感兴趣,小众不撞款,"价格昂贵,适合收藏送礼",非常愿意,支持,"优化款式设计,提升包装质感",一定会,大漆书签,简约现代风,可以接受,颜值外观,较高,组合套装礼盒,非常喜欢,莫兰迪浅色系,随缘,节日礼物,略有影响,"价格虚高,包装简陋",20元以内,80-120元,完全愿意,大概率会,随缘,"校园市集,线下实体店",小幅提升,一定会复购,"高颜值产品实拍图,非遗文化科普",定制专属类,非常认可，环保创新,希望增加年轻化配色和小件礼盒，方便送礼和收藏。
daqi-answer-669,2026-08-25T17:44:00+08:00,女,18岁以下,在校学生,1000元以内,非常喜欢,每月1次,收藏爱好,"短视频平台,校园市集",略有耳闻,毫无兴趣,"非遗文化底蕴,小众不撞款","不适合日常使用,工艺精致",愿意,不支持,"适配日常使用,优化款式设计",不确定,"大漆漆扇,大件漆艺摆件",传统国风古风,介意，追求完美品,"价格性价比,独特小众性",极高,单品简约款,喜欢,撞色潮流色系,非常愿意,"商务小礼品,节日礼物",不在意,华而不实无实用性,40-60元,50元以内,可以接受小幅溢价,看价格款式决定,一定会了解购买,文创展会,大幅提升,可能复购,优惠活动福利,"文具类,礼盒套装类",比较认可,希望兼顾传统工艺和日常实用性，价格可以分档。
daqi-answer-670,2026-08-26T18:57:00+08:00,男,18岁以下,自由职业,1000-2000元,比较喜欢,季度1-2次,"日常自用,送礼纪念","校园市集,线下实体店",非常了解,非常感兴趣,"色泽质感高级,国风颜值高",价格昂贵,不愿意,强烈支持,降低价格,一定会,"大件漆艺摆件,大漆漆扇",小众艺术轻奢风,完全接受，更有特色,"颜值外观,独特小众性",极高,组合套装礼盒,无所谓,经典黑金红传统色,愿意,"同学朋友送礼,纪念收藏",会，非常加分,"价格虚高,款式同质化严重",20元以内,50-80元,不太接受,一定会买,会驻足了解,"线上店铺,社群团购",小幅提升,不确定,"工艺制作短视频,市集线下体验","桌面摆件类,配饰挂件类",不认可,建议多做短视频展示制作过程，并在线下市集提供体验。
daqi-answer-671,2026-08-27T09:10:00+08:00,女,23-30岁,在校学生,2000-3500元,一般,每月多次,"送礼纪念,活动奖品",短视频平台,略有耳闻,一般,非遗文化底蕴,"款式老旧,适合收藏送礼",非常愿意,中立,"优化款式设计,加强科普宣传",可能会,大漆书签,简约现代风,可以接受,颜值外观,一般,盲盒款式,非常喜欢,莫兰迪浅色系,不愿意,节日礼物,无影响,"价格虚高,做工粗糙",20-40元,80-120元,完全愿意,大概率会,一定会了解购买,"校园市集,文创展会",无变化,一定会复购,"非遗文化科普,高颜值产品实拍图",文具类,非常认可，环保创新,包装可以更精致，同时附上简明的非遗文化说明卡。
daqi-answer-672,2026-08-28T10:23:00+08:00,男,18岁以下,职场上班族,1000元以内,非常喜欢,每月1次,市集/展会随手购买,"电商店铺,短视频平台",非常了解,非常感兴趣,"手工工艺独特,小众不撞款","不适合日常使用,款式老旧",无所谓,强烈支持,"加强科普宣传,优化款式设计",不确定,"大漆漆扇,大漆钥匙扣",传统国风古风,完全接受，更有特色,"工艺质感,实用性",极高,单品简约款,喜欢,自然原木底色,非常愿意,"同学朋友送礼,师生赠礼",会，非常加分,款式同质化严重,40-60元,50元以内,可以接受小幅溢价,一定会买,会驻足了解,社群团购,大幅提升,可能复购,工艺制作短视频,"配饰挂件类,礼盒套装类",无所谓,希望增加年轻化配色和小件礼盒，方便送礼和收藏。
daqi-answer-673,2026-08-01T11:36:00+08:00,女,18-22岁,自由职业,1000-2000元,比较喜欢,几乎不买,"日常自用,市集/展会随手购买","校园市集,文创展会",非常了解,比较感兴趣,"色泽质感高级,手工工艺独特",价格昂贵,非常愿意,支持,降低价格,一定会,"大漆书签,大漆钥匙扣",简约现代风,可以接受,"颜值外观,文化寓意",较高,组合套装礼盒,不喜欢,经典黑金红传统色,随缘,"同学朋友送礼,商务小礼品",略有影响,"价格虚高,华而不实无实用性",20元以内,50-80元,完全愿意,大概率会,随缘,"线上店铺,线下实体店",小幅提升,不会复购,"高颜值产品实拍图,市集线下体验","桌面摆件类,文具类",非常认可，环保创新,希望兼顾传统工艺和日常实用性，价格可以分档。
daqi-answer-674,2026-08-02T12:49:00+08:00,男,23-30岁,在校学生,1000元以内,完全不感兴趣,每月多次,"收藏爱好,活动奖品",短视频平台,完全没听过,一般,非遗文化底蕴,"款式老旧,工艺精致",愿意,中立,"优化款式设计,适配日常使用",可能会,大漆书签,传统国风古风,介意，追求完美品,价格性价比,较低,定制专属款,非常喜欢,撞色潮流色系,非常愿意,师生赠礼,无影响,"华而不实无实用性,做工粗糙",20-40元,50元以内,可以接受小幅溢价,看价格款式决定,一定会了解购买,"文创展会,校园市集",反而降低,一定会复购,"非遗文化科普,工艺制作短视频",文具类,比较认可,建议多做短视频展示制作过程，并在线下市集提供体验。
daqi-answer-675,2026-08-03T13:02:00+08:00,女,18岁以下,职场上班族,1000元以内,非常喜欢,季度1-2次,日常自用,"电商店铺,朋友推荐",非常了解,非常感兴趣,"手工工艺独特,国风颜值高","工艺精致,款式老旧",无所谓,强烈支持,"降低价格,适配日常使用",一定会,"大漆钥匙扣,大漆漆扇",小众艺术轻奢风,完全接受，更有特色,"工艺质感,价格性价比",极高,单品简约款,无所谓,经典黑金红传统色,愿意,"同学朋友送礼,节日礼物",会，非常加分,款式同质化严重,20元以内,50-80元,不太接受,一定会买,会驻足了解,线上店铺,大幅提升,不确定,工艺制作短视频,"配饰挂件类,桌面摆件类",不认可,包装可以更精致，同时附上简明的非遗文化说明卡。
daqi-answer-676,2026-08-04T14:15:00+08:00,男,18-22岁,其他,2000-3500元,一般,每月多次,"送礼纪念,市集/展会随手购买","文创展会,电商店铺",略有耳闻,比较感兴趣,"国风颜值高,手工工艺独特",价格昂贵,非常愿意,支持,降低价格,可能会,"大漆书签,大漆漆扇",简约现代风,可以接受,"颜值外观,价格性价比",较高,盲盒款式,非常喜欢,莫兰迪浅色系,随缘,"节日礼物,商务小礼品",略有影响,"价格虚高,包装简陋",20-40元,80-120元,完全愿意,大概率会,不会关注,"校园市集,线下实体店",无变化,一定会复购,"高颜值产品实拍图,非遗文化科普","礼盒套装类,文具类",非常认可，环保创新,希望增加年轻化配色和小件礼盒，方便送礼和收藏。
daqi-answer-677,2026-08-05T15:28:00+08:00,男,40岁以上,在校学生,1000元以内,非常喜欢,每月1次,"收藏爱好,送礼纪念",短视频平台,非常了解,兴趣较低,非遗文化底蕴,"款式老旧,不适合日常使用",愿意,强烈支持,"适配日常使用,优化款式设计",不确定,大漆漆扇,传统国风古风,非常介意,价格性价比,极高,单品简约款,喜欢,撞色潮流色系,非常愿意,师生赠礼,会，非常加分,"华而不实无实用性,款式同质化严重",40-60元,50元以内,可以接受小幅溢价,基本不会,一定会了解购买,"文创展会,线上店铺",大幅提升,可能复购,"市集线下体验,工艺制作短视频",文具类,比较认可,希望兼顾传统工艺和日常实用性，价格可以分档。
daqi-answer-678,2026-08-06T16:41:00+08:00,男,18岁以下,自由职业,1000-2000元,比较喜欢,季度1-2次,日常自用,"电商店铺,校园市集",略有耳闻,非常感兴趣,"手工工艺独特,色泽质感高级","价格昂贵,不适合日常使用",非常愿意,支持,"降低价格,优化款式设计",一定会,"大件漆艺摆件,大漆漆扇",可爱治愈风,完全接受，更有特色,"实用性,价格性价比",极高,组合套装礼盒,无所谓,经典黑金红传统色,愿意,"同学朋友送礼,纪念收藏",略有影响,包装简陋,20元以内,50-80元,完全不接受,一定会买,随缘,线上店铺,小幅提升,不会复购,工艺制作短视频,"配饰挂件类,文具类",非常认可，环保创新,建议多做短视频展示制作过程，并在线下市集提供体验。
daqi-answer-679,2026-08-07T17:54:00+08:00,男,23-30岁,在校学生,3500元以上,一般,每月多次,"送礼纪念,活动奖品","朋友推荐,短视频平台",完全没听过,比较感兴趣,"非遗文化底蕴,色泽质感高级",价格昂贵,愿意,中立,优化款式设计,可能会,"大漆书签,文创套装礼盒",简约现代风,介意，追求完美品,"颜值外观,实用性",一般,盲盒款式,非常喜欢,莫兰迪浅色系,非常愿意,"节日礼物,师生赠礼",无影响,"价格虚高,做工粗糙",20-40元,120元以上,完全愿意,看价格款式决定,一定会了解购买,"校园市集,文创展会",反而降低,一定会复购,"高颜值产品实拍图,工艺制作短视频","文具类,配饰挂件类",比较认可,包装可以更精致，同时附上简明的非遗文化说明卡。
daqi-answer-680,2026-08-08T18:07:00+08:00,男,18岁以下,职场上班族,1000元以内,非常喜欢,每月1次,"活动奖品,送礼纪念",短视频平台,非常了解,非常感兴趣,非遗文化底蕴,"不适合日常使用,款式老旧",无所谓,强烈支持,"加强科普宣传,优化款式设计",基本不会,大漆漆扇,小众艺术轻奢风,完全接受，更有特色,价格性价比,极高,单品简约款,喜欢,经典黑金红传统色,愿意,纪念收藏,会，非常加分,"款式同质化严重,华而不实无实用性",60元以上,50元以内,不太接受,一定会买,会驻足了解,"线下实体店,线上店铺",大幅提升,可能复购,"工艺制作短视频,高颜值产品实拍图",文具类,无所谓,希望增加年轻化配色和小件礼盒，方便送礼和收藏。
daqi-answer-681,2026-08-09T09:20:00+08:00,男,18-22岁,自由职业,2000-3500元,比较喜欢,半年一次,日常自用,"电商店铺,线下实体店",完全没听过,非常感兴趣,"色泽质感高级,手工工艺独特","价格昂贵,款式老旧",非常愿意,支持,"降低价格,提升包装质感",一定会,"大漆书签,大漆钥匙扣",简约现代风,可以接受,"颜值外观,价格性价比",较高,组合套装礼盒,非常喜欢,莫兰迪浅色系,随缘,"同学朋友送礼,商务小礼品",略有影响,价格虚高,20元以内,80-120元,完全愿意,大概率会,不会关注,线上店铺,小幅提升,一定会复购,工艺制作短视频,"桌面摆件类,文具类",非常认可，环保创新,希望兼顾传统工艺和日常实用性，价格可以分档。
daqi-answer-682,2026-08-10T10:33:00+08:00,女,23-30岁,在校学生,1000元以内,不太喜欢,每月多次,"送礼纪念,收藏爱好","短视频平台,线下实体店",非常了解,一般,"非遗文化底蕴,手工工艺独特",款式老旧,愿意,不支持,优化款式设计,不确定,"大漆书签,大件漆艺摆件",传统国风古风,介意，追求完美品,"颜值外观,工艺质感",一般,单品简约款,喜欢,撞色潮流色系,非常愿意,"师生赠礼,节日礼物",不在意,"华而不实无实用性,做工粗糙",40-60元,50元以内,可以接受小幅溢价,基本不会,一定会了解购买,"校园市集,线上店铺",大幅提升,可能复购,"非遗文化科普,工艺制作短视频","文具类,定制专属类",比较认可,建议多做短视频展示制作过程，并在线下市集提供体验。
daqi-answer-683,2026-08-11T11:46:00+08:00,男,18岁以下,职场上班族,1000-2000元,非常喜欢,每月1次,"日常自用,收藏爱好",短视频平台,略有耳闻,非常感兴趣,手工工艺独特,"工艺精致,款式老旧",不愿意,强烈支持,"降低价格,适配日常使用",一定会,大漆钥匙扣,小众艺术轻奢风,完全接受，更有特色,工艺质感,极高,组合套装礼盒,无所谓,经典黑金红传统色,愿意,同学朋友送礼,会，非常加分,"款式同质化严重,价格虚高",20元以内,50-80元,完全不接受,一定会买,会驻足了解,"线上店铺,校园市集",小幅提升,不确定,"工艺制作短视频,优惠活动福利",配饰挂件类,非常认可，环保创新,包装可以更精致，同时附上简明的非遗文化说明卡。
daqi-answer-684,2026-08-12T12:59:00+08:00,女,18-22岁,个体经营者,2000-3500元,比较喜欢,每月多次,日常自用,"校园市集,朋友推荐",非常了解,比较感兴趣,"国风颜值高,手工工艺独特","价格昂贵,适合收藏送礼",非常愿意,中立,"降低价格,加强科普宣传",可能会,"大漆书签,大漆漆扇",简约现代风,可以接受,"颜值外观,实用性",较高,盲盒款式,非常喜欢,莫兰迪浅色系,不愿意,"节日礼物,商务小礼品",无影响,价格虚高,20-40元,120元以上,完全愿意,大概率会,一定会了解购买,线上店铺,无变化,一定会复购,高颜值产品实拍图,"礼盒套装类,文具类",非常认可，环保创新,希望增加年轻化配色和小件礼盒，方便送礼和收藏。
daqi-answer-685,2026-08-13T13:12:00+08:00,男,31-40岁,在校学生,1000元以内,非常喜欢,每月多次,"收藏爱好,送礼纪念","短视频平台,文创展会",略有耳闻,兴趣较低,"非遗文化底蕴,小众不撞款",款式老旧,无所谓,强烈支持,适配日常使用,不确定,"大漆漆扇,大件漆艺摆件",传统国风古风,完全接受，更有特色,"价格性价比,颜值外观",不看重,单品简约款,喜欢,自然原木底色,非常愿意,"师生赠礼,同学朋友送礼",会，非常加分,"华而不实无实用性,款式同质化严重",60元以上,50元以内,可以接受小幅溢价,一定会买,会驻足了解,"文创展会,线上店铺",大幅提升,可能复购,"市集线下体验,工艺制作短视频","文具类,礼盒套装类",无所谓,希望兼顾传统工艺和日常实用性，价格可以分档。
daqi-answer-686,2026-08-14T14:25:00+08:00,女,18岁以下,职场上班族,1000-2000元,非常喜欢,季度1-2次,"日常自用,送礼纪念",电商店铺,完全没听过,非常感兴趣,手工工艺独特,"价格昂贵,不适合日常使用",非常愿意,支持,"降低价格,优化款式设计",一定会,大漆钥匙扣,简约现代风,可以接受,工艺质感,极高,组合套装礼盒,不喜欢,经典黑金红传统色,随缘,同学朋友送礼,略有影响,"做工粗糙,价格虚高",20元以内,50-80元,完全愿意,大概率会,随缘,"线上店铺,社群团购",小幅提升,一定会复购,"工艺制作短视频,市集线下体验",配饰挂件类,非常认可，环保创新,建议多做短视频展示制作过程，并在线下市集提供体验。
daqi-answer-687,2026-08-15T15:38:00+08:00,男,18-22岁,在校学生,1000元以内,一般,每月多次,送礼纪念,"校园市集,电商店铺",非常了解,比较感兴趣,"非遗文化底蕴,色泽质感高级","价格昂贵,工艺精致",愿意,中立,"优化款式设计,加强科普宣传",可能会,"大漆书签,文创套装礼盒",传统国风古风,介意，追求完美品,"颜值外观,工艺质感",一般,定制专属款,非常喜欢,撞色潮流色系,非常愿意,"节日礼物,师生赠礼",不在意,价格虚高,20-40元,50元以内,可以接受小幅溢价,看价格款式决定,一定会了解购买,校园市集,大幅提升,一定会复购,高颜值产品实拍图,"定制专属类,文具类",比较认可,包装可以更精致，同时附上简明的非遗文化说明卡。
daqi-answer-688,2026-08-16T16:51:00+08:00,女,18岁以下,在校学生,1000-2000元,非常喜欢,每月1次,"活动奖品,送礼纪念","短视频平台,电商店铺",略有耳闻,非常感兴趣,"非遗文化底蕴,国风颜值高",不适合日常使用,无所谓,强烈支持,适配日常使用,一定会,"大漆漆扇,大漆钥匙扣",小众艺术轻奢风,完全接受，更有特色,"价格性价比,实用性",极高,单品简约款,无所谓,经典黑金红传统色,愿意,"商务小礼品,同学朋友送礼",会，非常加分,"华而不实无实用性,价格虚高",20元以内,50-80元,不太接受,一定会买,会驻足了解,"线下实体店,线上店铺",大幅提升,不确定,"优惠活动福利,工艺制作短视频","文具类,桌面摆件类",不认可,希望增加年轻化配色和小件礼盒，方便送礼和收藏。
daqi-answer-689,2026-08-17T17:04:00+08:00,男,18岁以下,自由职业,2000-3500元,比较喜欢,半年一次,"日常自用,市集/展会随手购买",电商店铺,非常了解,非常感兴趣,色泽质感高级,"价格昂贵,款式老旧",非常愿意,支持,"降低价格,提升包装质感",可能会,文创套装礼盒,简约现代风,可以接受,文化寓意,较高,盲盒款式,非常喜欢,莫兰迪浅色系,不愿意,同学朋友送礼,略有影响,"价格虚高,华而不实无实用性",20-40元,80-120元,完全愿意,大概率会,一定会了解购买,"线上店铺,线下实体店",无变化,一定会复购,"工艺制作短视频,非遗文化科普",桌面摆件类,非常认可，环保创新,希望兼顾传统工艺和日常实用性，价格可以分档。
daqi-answer-690,2026-08-18T18:17:00+08:00,女,23-30岁,在校学生,1000元以内,不太喜欢,每月多次,送礼纪念,"朋友推荐,电商店铺",略有耳闻,一般,"非遗文化底蕴,手工工艺独特","款式老旧,工艺精致",愿意,强烈支持,"优化款式设计,适配日常使用",不确定,"大漆书签,大件漆艺摆件",传统国风古风,非常介意,"颜值外观,独特小众性",一般,单品简约款,喜欢,自然原木底色,非常愿意,"节日礼物,同学朋友送礼",会，非常加分,价格虚高,40-60元,50元以内,可以接受小幅溢价,一定会买,一定会了解购买,校园市集,大幅提升,可能复购,非遗文化科普,"文具类,定制专属类",比较认可,建议多做短视频展示制作过程，并在线下市集提供体验。
daqi-answer-691,2026-08-19T09:30:00+08:00,男,18岁以下,职场上班族,1000-2000元,非常喜欢,每月1次,"日常自用,收藏爱好","短视频平台,朋友推荐",非常了解,非常感兴趣,"手工工艺独特,国风颜值高",不适合日常使用,非常愿意,支持,提升包装质感,一定会,"大漆钥匙扣,大漆漆扇",可爱治愈风,完全接受，更有特色,"价格性价比,工艺质感",极高,组合套装礼盒,不喜欢,经典黑金红传统色,愿意,"同学朋友送礼,节日礼物",略有影响,"款式同质化严重,价格虚高",20元以内,50-80元,完全愿意,一定会买,随缘,"社群团购,线上店铺",小幅提升,不会复购,"工艺制作短视频,优惠活动福利","配饰挂件类,桌面摆件类",非常认可，环保创新,包装可以更精致，同时附上简明的非遗文化说明卡。
daqi-answer-692,2026-08-20T10:43:00+08:00,女,18-22岁,个体经营者,3500元以上,比较喜欢,每月多次,"日常自用,活动奖品",电商店铺,非常了解,比较感兴趣,色泽质感高级,"价格昂贵,适合收藏送礼",愿意,中立,"降低价格,加强科普宣传",可能会,大漆书签,简约现代风,介意，追求完美品,颜值外观,较高,定制专属款,非常喜欢,莫兰迪浅色系,非常愿意,同学朋友送礼,无影响,"价格虚高,包装简陋",20-40元,50元以内,完全愿意,看价格款式决定,一定会了解购买,"线上店铺,文创展会",反而降低,一定会复购,"高颜值产品实拍图,非遗文化科普",桌面摆件类,比较认可,希望增加年轻化配色和小件礼盒，方便送礼和收藏。
daqi-answer-693,2026-08-21T11:56:00+08:00,男,31-40岁,在校学生,1000元以内,非常喜欢,每月多次,收藏爱好,"短视频平台,电商店铺",完全没听过,一般,"非遗文化底蕴,小众不撞款","款式老旧,不适合日常使用",无所谓,强烈支持,"适配日常使用,优化款式设计",基本不会,"大漆漆扇,大件漆艺摆件",小众艺术轻奢风,完全接受，更有特色,"颜值外观,文化寓意",较低,单品简约款,喜欢,经典黑金红传统色,愿意,"师生赠礼,同学朋友送礼",会，非常加分,华而不实无实用性,20元以内,50元以内,不太接受,一定会买,会驻足了解,文创展会,大幅提升,可能复购,非遗文化科普,"文具类,礼盒套装类",无所谓,希望兼顾传统工艺和日常实用性，价格可以分档。
daqi-answer-694,2026-08-22T12:09:00+08:00,女,18岁以下,职场上班族,2000-3500元,非常喜欢,季度1-2次,"日常自用,送礼纪念","短视频平台,校园市集",非常了解,非常感兴趣,"手工工艺独特,色泽质感高级",适合收藏送礼,非常愿意,支持,降低价格,一定会,"大漆钥匙扣,大漆书签",简约现代风,可以接受,"工艺质感,颜值外观",极高,组合套装礼盒,非常喜欢,莫兰迪浅色系,随缘,"同学朋友送礼,纪念收藏",略有影响,"做工粗糙,价格虚高",20元以内,80-120元,完全愿意,大概率会,不会关注,"线上店铺,社群团购",小幅提升,一定会复购,"工艺制作短视频,市集线下体验","配饰挂件类,文具类",非常认可，环保创新,建议多做短视频展示制作过程，并在线下市集提供体验。
daqi-answer-695,2026-08-23T13:22:00+08:00,男,18-22岁,在校学生,1000元以内,一般,每月多次,"送礼纪念,活动奖品",校园市集,略有耳闻,比较感兴趣,小众不撞款,"价格昂贵,工艺精致",愿意,不支持,"优化款式设计,加强科普宣传",不确定,大漆书签,传统国风古风,非常介意,颜值外观,较高,单品简约款,喜欢,撞色潮流色系,非常愿意,节日礼物,会，非常加分,"价格虚高,做工粗糙",40-60元,50元以内,可以接受小幅溢价,基本不会,一定会了解购买,"校园市集,文创展会",大幅提升,可能复购,"高颜值产品实拍图,工艺制作短视频",礼盒套装类,比较认可,包装可以更精致，同时附上简明的非遗文化说明卡。
daqi-answer-696,2026-08-24T14:35:00+08:00,男,18岁以下,在校学生,1000-2000元,非常喜欢,每月1次,收藏爱好,"短视频平台,朋友推荐",非常了解,毫无兴趣,"非遗文化底蕴,国风颜值高","不适合日常使用,款式老旧",不愿意,强烈支持,"适配日常使用,降低价格",一定会,"大漆漆扇,大漆钥匙扣",可爱治愈风,完全接受，更有特色,"价格性价比,工艺质感",极高,组合套装礼盒,无所谓,经典黑金红传统色,愿意,"商务小礼品,同学朋友送礼",会，非常加分,华而不实无实用性,20元以内,50-80元,完全不接受,一定会买,会驻足了解,文创展会,小幅提升,不确定,市集线下体验,"文具类,桌面摆件类",非常认可，环保创新,希望增加年轻化配色和小件礼盒，方便送礼和收藏。
daqi-answer-697,2026-08-25T15:48:00+08:00,男,18岁以下,自由职业,2000-3500元,比较喜欢,季度1-2次,"日常自用,市集/展会随手购买","电商店铺,短视频平台",略有耳闻,非常感兴趣,"色泽质感高级,手工工艺独特",价格昂贵,非常愿意,中立,降低价格,可能会,"大件漆艺摆件,大漆书签",简约现代风,可以接受,"工艺质感,实用性",极高,盲盒款式,非常喜欢,莫兰迪浅色系,非常愿意,"同学朋友送礼,商务小礼品",无影响,"包装简陋,价格虚高",20-40元,120元以上,完全愿意,大概率会,一定会了解购买,"线上店铺,线下实体店",无变化,一定会复购,"工艺制作短视频,非遗文化科普","配饰挂件类,定制专属类",非常认可，环保创新,希望兼顾传统工艺和日常实用性，价格可以分档。
daqi-answer-698,2026-08-26T16:01:00+08:00,男,23-30岁,在校学生,1000元以内,一般,每月多次,"送礼纪念,收藏爱好",校园市集,完全没听过,一般,非遗文化底蕴,"款式老旧,工艺精致",无所谓,强烈支持,"优化款式设计,适配日常使用",基本不会,大漆书签,传统国风古风,完全接受，更有特色,颜值外观,一般,单品简约款,喜欢,经典黑金红传统色,非常愿意,节日礼物,会，非常加分,"价格虚高,款式同质化严重",60元以上,50元以内,可以接受小幅溢价,一定会买,会驻足了解,"校园市集,线上店铺",大幅提升,可能复购,"高颜值产品实拍图,优惠活动福利",文具类,无所谓,建议多做短视频展示制作过程，并在线下市集提供体验。
daqi-answer-699,2026-08-27T17:14:00+08:00,女,18岁以下,职场上班族,1000-2000元,非常喜欢,每月1次,市集/展会随手购买,"短视频平台,校园市集",非常了解,非常感兴趣,"手工工艺独特,国风颜值高","不适合日常使用,价格昂贵",非常愿意,支持,"加强科普宣传,降低价格",一定会,"大漆漆扇,大漆书签",简约现代风,可以接受,"价格性价比,独特小众性",极高,组合套装礼盒,非常喜欢,经典黑金红传统色,随缘,"纪念收藏,同学朋友送礼",略有影响,款式同质化严重,20元以内,50-80元,完全愿意,大概率会,随缘,线下实体店,小幅提升,一定会复购,工艺制作短视频,"配饰挂件类,桌面摆件类",非常认可，环保创新,包装可以更精致，同时附上简明的非遗文化说明卡。
daqi-answer-700,2026-08-28T18:27:00+08:00,男,18-22岁,自由职业,1000元以内,比较喜欢,几乎不买,"日常自用,活动奖品","电商店铺,朋友推荐",完全没听过,比较感兴趣,"色泽质感高级,非遗文化底蕴",价格昂贵,愿意,不支持,降低价格,可能会,"大漆书签,大漆漆扇",传统国风古风,介意，追求完美品,"文化寓意,工艺质感",较高,单品简约款,非常喜欢,撞色潮流色系,非常愿意,"同学朋友送礼,师生赠礼",不在意,"价格虚高,包装简陋",20-40元,50元以内,可以接受小幅溢价,看价格款式决定,一定会了解购买,"线上店铺,文创展会",大幅提升,一定会复购,"高颜值产品实拍图,非遗文化科普","桌面摆件类,定制专属类",比较认可,希望增加年轻化配色和小件礼盒，方便送礼和收藏。
daqi-answer-701,2026-08-01T09:40:00+08:00,女,23-30岁,在校学生,1000-2000元,完全不感兴趣,每月多次,"收藏爱好,送礼纪念",文创展会,非常了解,一般,非遗文化底蕴,"款式老旧,不适合日常使用",不愿意,强烈支持,"优化款式设计,降低价格",一定会,大漆书签,小众艺术轻奢风,完全接受，更有特色,颜值外观,较低,单品简约款,无所谓,经典黑金红传统色,愿意,师生赠礼,会，非常加分,"华而不实无实用性,款式同质化严重",20元以内,50-80元,不太接受,一定会买,会驻足了解,"校园市集,社群团购",大幅提升,不确定,"非遗文化科普,优惠活动福利",文具类,不认可,希望兼顾传统工艺和日常实用性，价格可以分档。
daqi-answer-702,2026-08-02T10:53:00+08:00,男,18岁以下,职场上班族,2000-3500元,非常喜欢,季度1-2次,日常自用,"短视频平台,线下实体店",略有耳闻,非常感兴趣,"手工工艺独特,色泽质感高级","工艺精致,价格昂贵",非常愿意,支持,"降低价格,优化款式设计",可能会,"大漆钥匙扣,大漆书签",简约现代风,可以接受,"价格性价比,文化寓意",极高,盲盒款式,非常喜欢,莫兰迪浅色系,不愿意,"同学朋友送礼,纪念收藏",略有影响,款式同质化严重,20-40元,80-120元,完全愿意,大概率会,一定会了解购买,线上店铺,无变化,一定会复购,工艺制作短视频,"配饰挂件类,文具类",非常认可，环保创新,建议多做短视频展示制作过程，并在线下市集提供体验。
daqi-answer-703,2026-08-03T11:06:00+08:00,女,18-22岁,其他,1000元以内,一般,每月多次,"送礼纪念,活动奖品","电商店铺,校园市集",非常了解,比较感兴趣,"国风颜值高,非遗文化底蕴",价格昂贵,愿意,强烈支持,降低价格,不确定,"大漆书签,文创套装礼盒",传统国风古风,完全接受，更有特色,"颜值外观,文化寓意",较高,单品简约款,喜欢,自然原木底色,非常愿意,"节日礼物,师生赠礼",会，非常加分,"价格虚高,做工粗糙",40-60元,50元以内,可以接受小幅溢价,一定会买,一定会了解购买,"校园市集,文创展会",大幅提升,可能复购,"高颜值产品实拍图,工艺制作短视频","礼盒套装类,定制专属类",比较认可,包装可以更精致，同时附上简明的非遗文化说明卡。
daqi-answer-704,2026-08-04T12:19:00+08:00,男,40岁以上,在校学生,1000-2000元,非常喜欢,每月1次,"收藏爱好,日常自用",短视频平台,略有耳闻,兴趣较低,非遗文化底蕴,"款式老旧,价格昂贵",非常愿意,支持,"适配日常使用,降低价格",一定会,大漆漆扇,简约现代风,完全接受，更有特色,颜值外观,不看重,组合套装礼盒,不喜欢,经典黑金红传统色,愿意,师生赠礼,略有影响,"华而不实无实用性,价格虚高",20元以内,50-80元,完全愿意,一定会买,随缘,"文创展会,社群团购",小幅提升,不会复购,"市集线下体验,优惠活动福利",文具类,非常认可，环保创新,希望增加年轻化配色和小件礼盒，方便送礼和收藏。
daqi-answer-705,2026-08-05T13:32:00+08:00,女,18岁以下,自由职业,3500元以上,比较喜欢,季度1-2次,日常自用,"短视频平台,文创展会",完全没听过,非常感兴趣,"手工工艺独特,非遗文化底蕴","价格昂贵,款式老旧",愿意,中立,"降低价格,提升包装质感",可能会,"大件漆艺摆件,大漆书签",简约现代风,介意，追求完美品,"工艺质感,价格性价比",极高,定制专属款,非常喜欢,莫兰迪浅色系,非常愿意,"同学朋友送礼,商务小礼品",无影响,做工粗糙,20-40元,50元以内,完全愿意,看价格款式决定,一定会了解购买,线上店铺,反而降低,一定会复购,工艺制作短视频,"配饰挂件类,定制专属类",比较认可,希望兼顾传统工艺和日常实用性，价格可以分档。
daqi-answer-706,2026-08-06T14:45:00+08:00,男,23-30岁,在校学生,1000元以内,一般,每月多次,"送礼纪念,收藏爱好","校园市集,短视频平台",非常了解,比较感兴趣,"非遗文化底蕴,手工工艺独特",价格昂贵,无所谓,强烈支持,优化款式设计,一定会,"大漆书签,大件漆艺摆件",小众艺术轻奢风,完全接受，更有特色,"颜值外观,价格性价比",一般,单品简约款,喜欢,经典黑金红传统色,愿意,"节日礼物,同学朋友送礼",会，非常加分,"价格虚高,款式同质化严重",20元以内,50元以内,不太接受,一定会买,会驻足了解,"校园市集,线上店铺",大幅提升,可能复购,"高颜值产品实拍图,优惠活动福利","文具类,定制专属类",无所谓,建议多做短视频展示制作过程，并在线下市集提供体验。
daqi-answer-707,2026-08-07T15:58:00+08:00,女,18岁以下,职场上班族,2000-3500元,非常喜欢,每月1次,"活动奖品,日常自用",短视频平台,略有耳闻,非常感兴趣,非遗文化底蕴,"不适合日常使用,价格昂贵",非常愿意,支持,"加强科普宣传,降低价格",一定会,大漆漆扇,简约现代风,可以接受,价格性价比,极高,组合套装礼盒,非常喜欢,莫兰迪浅色系,随缘,商务小礼品,略有影响,"华而不实无实用性,包装简陋",20元以内,80-120元,完全愿意,大概率会,不会关注,"线下实体店,社群团购",小幅提升,一定会复购,"工艺制作短视频,优惠活动福利",文具类,非常认可，环保创新,包装可以更精致，同时附上简明的非遗文化说明卡。
daqi-answer-708,2026-08-08T16:11:00+08:00,男,18-22岁,自由职业,1000元以内,比较喜欢,半年一次,日常自用,"电商店铺,校园市集",非常了解,非常感兴趣,"色泽质感高级,非遗文化底蕴","价格昂贵,适合收藏送礼",愿意,强烈支持,"降低价格,加强科普宣传",不确定,"文创套装礼盒,大漆书签",传统国风古风,非常介意,"工艺质感,独特小众性",较高,单品简约款,喜欢,撞色潮流色系,非常愿意,"同学朋友送礼,师生赠礼",会，非常加分,价格虚高,40-60元,50元以内,可以接受小幅溢价,基本不会,一定会了解购买,线上店铺,大幅提升,可能复购,工艺制作短视频,"桌面摆件类,定制专属类",比较认可,希望增加年轻化配色和小件礼盒，方便送礼和收藏。
daqi-answer-709,2026-08-09T17:24:00+08:00,女,23-30岁,在校学生,1000-2000元,不太喜欢,每月多次,"送礼纪念,日常自用","校园市集,朋友推荐",略有耳闻,一般,"非遗文化底蕴,小众不撞款",款式老旧,非常愿意,强烈支持,优化款式设计,一定会,"大漆书签,大漆钥匙扣",可爱治愈风,完全接受，更有特色,"颜值外观,实用性",一般,组合套装礼盒,无所谓,经典黑金红传统色,愿意,"节日礼物,纪念收藏",会，非常加分,"华而不实无实用性,款式同质化严重",20元以内,50-80元,完全不接受,一定会买,会驻足了解,"校园市集,社群团购",小幅提升,不确定,"非遗文化科普,优惠活动福利","文具类,礼盒套装类",非常认可，环保创新,希望兼顾传统工艺和日常实用性，价格可以分档。
daqi-answer-710,2026-08-10T18:37:00+08:00,男,18岁以下,职场上班族,3500元以上,非常喜欢,每月1次,"日常自用,送礼纪念",短视频平台,非常了解,非常感兴趣,手工工艺独特,"工艺精致,价格昂贵",非常愿意,中立,"提升包装质感,降低价格",可能会,大漆钥匙扣,简约现代风,可以接受,价格性价比,极高,盲盒款式,非常喜欢,莫兰迪浅色系,非常愿意,同学朋友送礼,无影响,"款式同质化严重,包装简陋",20-40元,120元以上,完全愿意,大概率会,一定会了解购买,"线上店铺,社群团购",无变化,一定会复购,"工艺制作短视频,市集线下体验",配饰挂件类,非常认可，环保创新,建议多做短视频展示制作过程，并在线下市集提供体验。
daqi-answer-711,2026-08-11T09:50:00+08:00,女,18-22岁,个体经营者,1000元以内,比较喜欢,每月多次,日常自用,"电商店铺,线下实体店",非常了解,比较感兴趣,"国风颜值高,非遗文化底蕴","价格昂贵,工艺精致",无所谓,强烈支持,"降低价格,适配日常使用",基本不会,"大漆书签,文创套装礼盒",传统国风古风,完全接受，更有特色,"文化寓意,实用性",较高,单品简约款,喜欢,经典黑金红传统色,非常愿意,"节日礼物,师生赠礼",会，非常加分,价格虚高,60元以上,50元以内,可以接受小幅溢价,一定会买,会驻足了解,线上店铺,大幅提升,可能复购,高颜值产品实拍图,"桌面摆件类,礼盒套装类",无所谓,包装可以更精致，同时附上简明的非遗文化说明卡。
daqi-answer-712,2026-08-12T10:03:00+08:00,男,31-40岁,在校学生,1000-2000元,非常喜欢,每月多次,"收藏爱好,日常自用","文创展会,校园市集",完全没听过,兴趣较低,"非遗文化底蕴,国风颜值高",款式老旧,非常愿意,支持,适配日常使用,一定会,"大漆漆扇,大漆钥匙扣",简约现代风,可以接受,"颜值外观,工艺质感",较低,组合套装礼盒,非常喜欢,经典黑金红传统色,随缘,"师生赠礼,纪念收藏",略有影响,"华而不实无实用性,价格虚高",20元以内,50-80元,完全愿意,大概率会,随缘,"文创展会,社群团购",小幅提升,一定会复购,"非遗文化科普,市集线下体验","文具类,桌面摆件类",非常认可，环保创新,希望增加年轻化配色和小件礼盒，方便送礼和收藏。
daqi-answer-713,2026-08-13T11:16:00+08:00,男,18岁以下,职场上班族,1000元以内,非常喜欢,季度1-2次,"日常自用,市集/展会随手购买",短视频平台,非常了解,非常感兴趣,手工工艺独特,"适合收藏送礼,价格昂贵",愿意,不支持,"降低价格,提升包装质感",可能会,大漆钥匙扣,传统国风古风,介意，追求完美品,价格性价比,极高,单品简约款,非常喜欢,撞色潮流色系,非常愿意,同学朋友送礼,不在意,"做工粗糙,包装简陋",20-40元,50元以内,可以接受小幅溢价,看价格款式决定,一定会了解购买,"线上店铺,线下实体店",大幅提升,一定会复购,"工艺制作短视频,非遗文化科普",配饰挂件类,比较认可,希望兼顾传统工艺和日常实用性，价格可以分档。
daqi-answer-714,2026-08-14T12:29:00+08:00,男,18-22岁,在校学生,1000-2000元,一般,每月多次,送礼纪念,"电商店铺,文创展会",略有耳闻,比较感兴趣,"小众不撞款,非遗文化底蕴","价格昂贵,不适合日常使用",不愿意,强烈支持,"优化款式设计,适配日常使用",一定会,"大漆书签,大件漆艺摆件",小众艺术轻奢风,完全接受，更有特色,"颜值外观,实用性",较高,单品简约款,无所谓,经典黑金红传统色,愿意,"节日礼物,同学朋友送礼",会，非常加分,价格虚高,20元以内,50-80元,不太接受,一定会买,会驻足了解,校园市集,大幅提升,不确定,高颜值产品实拍图,"定制专属类,礼盒套装类",不认可,建议多做短视频展示制作过程，并在线下市集提供体验。
daqi-answer-715,2026-08-15T13:42:00+08:00,男,18岁以下,在校学生,2000-3500元,非常喜欢,每月1次,"活动奖品,日常自用","短视频平台,文创展会",非常了解,毫无兴趣,"非遗文化底蕴,色泽质感高级",不适合日常使用,非常愿意,支持,适配日常使用,可能会,"大漆漆扇,大漆书签",简约现代风,可以接受,"颜值外观,独特小众性",极高,盲盒款式,非常喜欢,莫兰迪浅色系,不愿意,"商务小礼品,纪念收藏",略有影响,"华而不实无实用性,包装简陋",20-40元,80-120元,完全愿意,大概率会,一定会了解购买,"文创展会,线下实体店",无变化,一定会复购,"优惠活动福利,市集线下体验","文具类,配饰挂件类",非常认可，环保创新,包装可以更精致，同时附上简明的非遗文化说明卡。
daqi-answer-716,2026-08-16T14:55:00+08:00,女,18岁以下,自由职业,1000元以内,比较喜欢,半年一次,"日常自用,活动奖品",短视频平台,略有耳闻,非常感兴趣,色泽质感高级,"价格昂贵,适合收藏送礼",愿意,强烈支持,"降低价格,加强科普宣传",不确定,大件漆艺摆件,传统国风古风,完全接受，更有特色,工艺质感,较高,单品简约款,喜欢,自然原木底色,非常愿意,同学朋友送礼,会，非常加分,"价格虚高,包装简陋",40-60元,50元以内,可以接受小幅溢价,一定会买,一定会了解购买,"线上店铺,文创展会",大幅提升,可能复购,"工艺制作短视频,高颜值产品实拍图",桌面摆件类,比较认可,希望增加年轻化配色和小件礼盒，方便送礼和收藏。
daqi-answer-717,2026-08-17T15:08:00+08:00,男,23-30岁,在校学生,1000-2000元,不太喜欢,每月多次,送礼纪念,"校园市集,电商店铺",完全没听过,一般,"非遗文化底蕴,小众不撞款","款式老旧,不适合日常使用",非常愿意,支持,"优化款式设计,降低价格",一定会,"大漆书签,大漆钥匙扣",简约现代风,完全接受，更有特色,"颜值外观,工艺质感",一般,组合套装礼盒,不喜欢,经典黑金红传统色,愿意,"节日礼物,纪念收藏",略有影响,价格虚高,20元以内,50-80元,完全愿意,一定会买,随缘,校园市集,小幅提升,不会复购,非遗文化科普,"文具类,礼盒套装类",非常认可，环保创新,希望兼顾传统工艺和日常实用性，价格可以分档。
daqi-answer-718,2026-08-18T16:21:00+08:00,女,18岁以下,职场上班族,1000元以内,非常喜欢,每月1次,"市集/展会随手购买,日常自用","短视频平台,电商店铺",非常了解,非常感兴趣,"手工工艺独特,色泽质感高级",不适合日常使用,愿意,中立,加强科普宣传,可能会,"大漆漆扇,文创套装礼盒",简约现代风,介意，追求完美品,"价格性价比,实用性",极高,定制专属款,非常喜欢,莫兰迪浅色系,非常愿意,"同学朋友送礼,纪念收藏",无影响,"款式同质化严重,包装简陋",20-40元,50元以内,完全愿意,看价格款式决定,一定会了解购买,"社群团购,线下实体店",反而降低,一定会复购,"工艺制作短视频,市集线下体验","配饰挂件类,文具类",比较认可,建议多做短视频展示制作过程，并在线下市集提供体验。
daqi-answer-719,2026-08-19T17:34:00+08:00,男,18-22岁,个体经营者,1000元以内,比较喜欢,几乎不买,"日常自用,收藏爱好",电商店铺,完全没听过,比较感兴趣,色泽质感高级,"价格昂贵,工艺精致",无所谓,强烈支持,"降低价格,适配日常使用",一定会,大漆书签,小众艺术轻奢风,完全接受，更有特色,工艺质感,较高,单品简约款,喜欢,经典黑金红传统色,愿意,同学朋友送礼,会，非常加分,"价格虚高,做工粗糙",20元以内,50元以内,不太接受,一定会买,会驻足了解,"线上店铺,校园市集",大幅提升,可能复购,"高颜值产品实拍图,工艺制作短视频",桌面摆件类,无所谓,包装可以更精致，同时附上简明的非遗文化说明卡。
daqi-answer-720,2026-08-20T18:47:00+08:00,女,31-40岁,在校学生,2000-3500元,完全不感兴趣,每月多次,收藏爱好,"校园市集,线下实体店",非常了解,一般,"非遗文化底蕴,国风颜值高","款式老旧,价格昂贵",非常愿意,支持,"优化款式设计,提升包装质感",一定会,"大漆漆扇,大漆钥匙扣",简约现代风,可以接受,"颜值外观,独特小众性",较低,组合套装礼盒,非常喜欢,莫兰迪浅色系,随缘,"师生赠礼,纪念收藏",略有影响,华而不实无实用性,20元以内,80-120元,完全愿意,大概率会,不会关注,文创展会,小幅提升,一定会复购,非遗文化科普,"文具类,桌面摆件类",非常认可，环保创新,希望增加年轻化配色和小件礼盒，方便送礼和收藏。
daqi-answer-721,2026-08-21T09:00:00+08:00,男,18岁以下,职场上班族,1000元以内,非常喜欢,季度1-2次,"日常自用,市集/展会随手购买","短视频平台,朋友推荐",略有耳闻,非常感兴趣,"手工工艺独特,非遗文化底蕴",工艺精致,愿意,强烈支持,降低价格,不确定,"大漆钥匙扣,文创套装礼盒",传统国风古风,非常介意,"价格性价比,工艺质感",极高,单品简约款,喜欢,撞色潮流色系,非常愿意,"同学朋友送礼,商务小礼品",会，非常加分,"款式同质化严重,做工粗糙",40-60元,50元以内,可以接受小幅溢价,基本不会,一定会了解购买,"线上店铺,线下实体店",大幅提升,可能复购,"工艺制作短视频,非遗文化科普","配饰挂件类,定制专属类",比较认可,希望兼顾传统工艺和日常实用性，价格可以分档。
daqi-answer-722,2026-08-22T10:13:00+08:00,女,18-22岁,其他,1000-2000元,一般,每月多次,"送礼纪念,收藏爱好",电商店铺,非常了解,比较感兴趣,国风颜值高,"价格昂贵,不适合日常使用",非常愿意,强烈支持,"优化款式设计,适配日常使用",一定会,大漆书签,可爱治愈风,完全接受，更有特色,文化寓意,较高,组合套装礼盒,无所谓,经典黑金红传统色,愿意,节日礼物,会，非常加分,"价格虚高,款式同质化严重",20元以内,50-80元,完全不接受,一定会买,会驻足了解,"校园市集,线上店铺",小幅提升,不确定,"高颜值产品实拍图,优惠活动福利",礼盒套装类,非常认可，环保创新,建议多做短视频展示制作过程，并在线下市集提供体验。
daqi-answer-723,2026-08-23T11:26:00+08:00,男,40岁以上,在校学生,3500元以上,非常喜欢,每月1次,收藏爱好,"文创展会,朋友推荐",略有耳闻,兴趣较低,"非遗文化底蕴,色泽质感高级","款式老旧,适合收藏送礼",非常愿意,中立,"适配日常使用,提升包装质感",可能会,"大漆漆扇,大漆书签",简约现代风,可以接受,"颜值外观,文化寓意",极高,盲盒款式,非常喜欢,莫兰迪浅色系,非常愿意,"师生赠礼,商务小礼品",无影响,华而不实无实用性,20-40元,120元以上,完全愿意,大概率会,一定会了解购买,文创展会,无变化,一定会复购,市集线下体验,"文具类,配饰挂件类",非常认可，环保创新,包装可以更精致，同时附上简明的非遗文化说明卡。
daqi-answer-724,2026-08-24T12:39:00+08:00,女,18岁以下,自由职业,1000元以内,比较喜欢,季度1-2次,"日常自用,活动奖品","短视频平台,校园市集",完全没听过,非常感兴趣,"手工工艺独特,小众不撞款",价格昂贵,无所谓,强烈支持,降低价格,基本不会,"大件漆艺摆件,文创套装礼盒",传统国风古风,完全接受，更有特色,"价格性价比,独特小众性",极高,单品简约款,喜欢,经典黑金红传统色,非常愿意,"同学朋友送礼,师生赠礼",会，非常加分,"包装简陋,做工粗糙",60元以上,50元以内,可以接受小幅溢价,一定会买,会驻足了解,"线上店铺,文创展会",大幅提升,可能复购,"工艺制作短视频,高颜值产品实拍图","配饰挂件类,礼盒套装类",无所谓,希望增加年轻化配色和小件礼盒，方便送礼和收藏。
daqi-answer-725,2026-08-25T13:52:00+08:00,男,23-30岁,在校学生,1000-2000元,一般,每月多次,"送礼纪念,日常自用",电商店铺,非常了解,比较感兴趣,非遗文化底蕴,"款式老旧,不适合日常使用",非常愿意,支持,"优化款式设计,降低价格",一定会,大漆书签,简约现代风,可以接受,独特小众性,一般,组合套装礼盒,非常喜欢,经典黑金红传统色,随缘,节日礼物,略有影响,"价格虚高,华而不实无实用性",20元以内,50-80元,完全愿意,大概率会,随缘,"校园市集,社群团购",小幅提升,一定会复购,"高颜值产品实拍图,市集线下体验",文具类,非常认可，环保创新,希望兼顾传统工艺和日常实用性，价格可以分档。
daqi-answer-726,2026-08-26T14:05:00+08:00,女,18岁以下,职场上班族,1000元以内,非常喜欢,每月1次,活动奖品,"短视频平台,朋友推荐",略有耳闻,非常感兴趣,"手工工艺独特,色泽质感高级","不适合日常使用,适合收藏送礼",愿意,不支持,"加强科普宣传,提升包装质感",可能会,"大漆漆扇,文创套装礼盒",传统国风古风,介意，追求完美品,"颜值外观,价格性价比",极高,单品简约款,非常喜欢,撞色潮流色系,非常愿意,"纪念收藏,商务小礼品",不在意,款式同质化严重,20-40元,50元以内,可以接受小幅溢价,看价格款式决定,一定会了解购买,线下实体店,大幅提升,一定会复购,工艺制作短视频,"配饰挂件类,文具类",比较认可,建议多做短视频展示制作过程，并在线下市集提供体验。
daqi-answer-727,2026-08-27T15:18:00+08:00,男,18-22岁,自由职业,1000-2000元,比较喜欢,半年一次,"日常自用,收藏爱好","短视频平台,线下实体店",非常了解,比较感兴趣,"色泽质感高级,小众不撞款",价格昂贵,不愿意,强烈支持,降低价格,一定会,"大漆书签,文创套装礼盒",小众艺术轻奢风,完全接受，更有特色,"工艺质感,实用性",较高,单品简约款,无所谓,经典黑金红传统色,愿意,"同学朋友送礼,节日礼物",会，非常加分,"价格虚高,做工粗糙",20元以内,50-80元,不太接受,一定会买,会驻足了解,"线上店铺,校园市集",大幅提升,不确定,"高颜值产品实拍图,工艺制作短视频","桌面摆件类,礼盒套装类",不认可,包装可以更精致，同时附上简明的非遗文化说明卡。
daqi-answer-728,2026-08-28T16:31:00+08:00,女,23-30岁,在校学生,2000-3500元,不太喜欢,每月多次,"送礼纪念,市集/展会随手购买",校园市集,略有耳闻,一般,非遗文化底蕴,"款式老旧,价格昂贵",非常愿意,支持,"优化款式设计,提升包装质感",可能会,大漆书签,简约现代风,可以接受,颜值外观,一般,盲盒款式,非常喜欢,莫兰迪浅色系,不愿意,师生赠礼,略有影响,"华而不实无实用性,价格虚高",20-40元,80-120元,完全愿意,大概率会,一定会了解购买,"校园市集,线下实体店",无变化,一定会复购,"非遗文化科普,市集线下体验",文具类,非常认可，环保创新,希望增加年轻化配色和小件礼盒，方便送礼和收藏。
daqi-answer-729,2026-08-01T17:44:00+08:00,男,18岁以下,职场上班族,1000元以内,非常喜欢,每月1次,日常自用,"短视频平台,校园市集",非常了解,非常感兴趣,"手工工艺独特,非遗文化底蕴","工艺精致,适合收藏送礼",愿意,强烈支持,"降低价格,提升包装质感",不确定,"大漆钥匙扣,文创套装礼盒",传统国风古风,完全接受，更有特色,"价格性价比,独特小众性",极高,单品简约款,喜欢,自然原木底色,非常愿意,"同学朋友送礼,商务小礼品",会，非常加分,款式同质化严重,40-60元,50元以内,可以接受小幅溢价,一定会买,一定会了解购买,线上店铺,大幅提升,可能复购,工艺制作短视频,"配饰挂件类,定制专属类",无所谓,希望兼顾传统工艺和日常实用性，价格可以分档。
daqi-answer-730,2026-08-02T18:57:00+08:00,男,18-22岁,个体经营者,1000-2000元,比较喜欢,每月多次,"送礼纪念,收藏爱好","电商店铺,朋友推荐",非常了解,比较感兴趣,"国风颜值高,小众不撞款",价格昂贵,非常愿意,支持,降低价格,一定会,"大漆书签,大件漆艺摆件",简约现代风,完全接受，更有特色,"工艺质感,价格性价比",较高,组合套装礼盒,不喜欢,经典黑金红传统色,愿意,"节日礼物,同学朋友送礼",略有影响,"价格虚高,款式同质化严重",20元以内,50-80元,完全愿意,一定会买,随缘,"校园市集,线上店铺",小幅提升,不会复购,"高颜值产品实拍图,优惠活动福利","礼盒套装类,桌面摆件类",非常认可，环保创新,建议多做短视频展示制作过程，并在线下市集提供体验。
daqi-answer-731,2026-08-03T09:10:00+08:00,男,31-40岁,在校学生,1000元以内,非常喜欢,每月1次,"收藏爱好,市集/展会随手购买",校园市集,完全没听过,兴趣较低,非遗文化底蕴,"款式老旧,适合收藏送礼",愿意,中立,"适配日常使用,提升包装质感",可能会,大漆漆扇,简约现代风,介意，追求完美品,颜值外观,不看重,定制专属款,非常喜欢,莫兰迪浅色系,非常愿意,师生赠礼,无影响,"华而不实无实用性,包装简陋",20-40元,50元以内,完全愿意,看价格款式决定,一定会了解购买,"文创展会,线下实体店",反而降低,一定会复购,"市集线下体验,非遗文化科普",文具类,比较认可,包装可以更精致，同时附上简明的非遗文化说明卡。
daqi-answer-732,2026-08-04T10:23:00+08:00,男,18岁以下,职场上班族,1000元以内,比较喜欢,季度1-2次,日常自用,"短视频平台,线下实体店",非常了解,非常感兴趣,"手工工艺独特,小众不撞款","价格昂贵,适合收藏送礼",无所谓,强烈支持,"降低价格,加强科普宣传",一定会,"大漆钥匙扣,大件漆艺摆件",小众艺术轻奢风,完全接受，更有特色,"价格性价比,文化寓意",极高,单品简约款,喜欢,经典黑金红传统色,愿意,"同学朋友送礼,师生赠礼",会，非常加分,做工粗糙,20元以内,50元以内,不太接受,一定会买,会驻足了解,线上店铺,大幅提升,不确定,工艺制作短视频,"配饰挂件类,礼盒套装类",无所谓,希望增加年轻化配色和小件礼盒，方便送礼和收藏。
daqi-answer-733,2026-08-05T11:36:00+08:00,女,18-22岁,在校学生,2000-3500元,一般,每月多次,"送礼纪念,日常自用","电商店铺,校园市集",略有耳闻,比较感兴趣,"非遗文化底蕴,小众不撞款",价格昂贵,非常愿意,支持,优化款式设计,一定会,"大漆书签,大漆钥匙扣",简约现代风,可以接受,"文化寓意,颜值外观",一般,组合套装礼盒,非常喜欢,莫兰迪浅色系,随缘,"节日礼物,纪念收藏",略有影响,"价格虚高,华而不实无实用性",20元以内,80-120元,完全愿意,大概率会,不会关注,"校园市集,社群团购",无变化,一定会复购,"高颜值产品实拍图,市集线下体验","文具类,礼盒套装类",非常认可，环保创新,希望兼顾传统工艺和日常实用性，价格可以分档。
daqi-answer-734,2026-08-06T12:49:00+08:00,男,18岁以下,职场上班族,1000元以内,非常喜欢,每月1次,"活动奖品,市集/展会随手购买",文创展会,非常了解,非常感兴趣,非遗文化底蕴,"不适合日常使用,适合收藏送礼",愿意,强烈支持,"适配日常使用,加强科普宣传",不确定,大漆漆扇,传统国风古风,非常介意,颜值外观,极高,单品简约款,喜欢,撞色潮流色系,非常愿意,商务小礼品,会，非常加分,"华而不实无实用性,做工粗糙",40-60元,50元以内,可以接受小幅溢价,基本不会,一定会了解购买,"线下实体店,文创展会",大幅提升,可能复购,"工艺制作短视频,市集线下体验",文具类,比较认可,建议多做短视频展示制作过程，并在线下市集提供体验。
daqi-answer-735,2026-08-07T13:02:00+08:00,女,18-22岁,自由职业,1000-2000元,比较喜欢,半年一次,日常自用,"短视频平台,文创展会",略有耳闻,非常感兴趣,"色泽质感高级,小众不撞款","价格昂贵,工艺精致",非常愿意,强烈支持,"降低价格,适配日常使用",一定会,"文创套装礼盒,大件漆艺摆件",可爱治愈风,完全接受，更有特色,"价格性价比,颜值外观",较高,组合套装礼盒,无所谓,经典黑金红传统色,愿意,"同学朋友送礼,节日礼物",会，非常加分,价格虚高,20元以内,50-80元,完全不接受,一定会买,随缘,线上店铺,小幅提升,不确定,工艺制作短视频,"桌面摆件类,礼盒套装类",非常认可，环保创新,包装可以更精致，同时附上简明的非遗文化说明卡。
daqi-answer-736,2026-08-08T14:15:00+08:00,男,23-30岁,在校学生,3500元以上,不太喜欢,每月多次,"送礼纪念,市集/展会随手购买","电商店铺,线下实体店",完全没听过,一般,"非遗文化底蕴,国风颜值高",款式老旧,非常愿意,中立,优化款式设计,可能会,"大漆书签,大漆漆扇",简约现代风,可以接受,"独特小众性,颜值外观",一般,盲盒款式,非常喜欢,莫兰迪浅色系,非常愿意,"节日礼物,商务小礼品",无影响,"华而不实无实用性,价格虚高",20-40元,120元以上,完全愿意,看价格款式决定,一定会了解购买,"校园市集,线下实体店",无变化,一定会复购,"非遗文化科普,市集线下体验","文具类,桌面摆件类",非常认可，环保创新,希望增加年轻化配色和小件礼盒，方便送礼和收藏。
daqi-answer-737,2026-08-09T15:28:00+08:00,女,18岁以下,职场上班族,1000元以内,非常喜欢,每月1次,"日常自用,市集/展会随手购买",线下实体店,非常了解,非常感兴趣,手工工艺独特,"不适合日常使用,工艺精致",无所谓,强烈支持,"提升包装质感,加强科普宣传",基本不会,大漆钥匙扣,传统国风古风,完全接受，更有特色,颜值外观,极高,单品简约款,喜欢,经典黑金红传统色,非常愿意,同学朋友送礼,会，非常加分,"款式同质化严重,做工粗糙",60元以上,50元以内,不太接受,一定会买,会驻足了解,"线上店铺,线下实体店",大幅提升,可能复购,"工艺制作短视频,非遗文化科普",配饰挂件类,无所谓,希望兼顾传统工艺和日常实用性，价格可以分档。
daqi-answer-738,2026-08-10T16:41:00+08:00,男,18-22岁,个体经营者,1000-2000元,比较喜欢,每月多次,日常自用,"短视频平台,电商店铺",略有耳闻,比较感兴趣,"色泽质感高级,国风颜值高","价格昂贵,不适合日常使用",非常愿意,支持,"降低价格,优化款式设计",一定会,"大漆书签,大件漆艺摆件",简约现代风,可以接受,"工艺质感,独特小众性",较高,组合套装礼盒,非常喜欢,经典黑金红传统色,随缘,"节日礼物,同学朋友送礼",略有影响,价格虚高,20元以内,80-120元,完全愿意,大概率会,随缘,线上店铺,小幅提升,一定会复购,高颜值产品实拍图,"桌面摆件类,配饰挂件类",非常认可，环保创新,建议多做短视频展示制作过程，并在线下市集提供体验。
daqi-answer-739,2026-08-11T17:54:00+08:00,女,31-40岁,在校学生,1000元以内,非常喜欢,每月多次,"收藏爱好,市集/展会随手购买","校园市集,朋友推荐",非常了解,一般,"非遗文化底蕴,色泽质感高级",款式老旧,愿意,不支持,适配日常使用,可能会,"大漆漆扇,大漆书签",传统国风古风,介意，追求完美品,"颜值外观,实用性",较低,单品简约款,非常喜欢,撞色潮流色系,非常愿意,"师生赠礼,商务小礼品",不在意,"华而不实无实用性,包装简陋",40-60元,50元以内,可以接受小幅溢价,看价格款式决定,一定会了解购买,"文创展会,线下实体店",大幅提升,一定会复购,"非遗文化科普,高颜值产品实拍图","文具类,配饰挂件类",比较认可,包装可以更精致，同时附上简明的非遗文化说明卡。
daqi-answer-740,2026-08-12T18:07:00+08:00,男,18岁以下,职场上班族,1000-2000元,非常喜欢,季度1-2次,"日常自用,活动奖品",短视频平台,略有耳闻,非常感兴趣,手工工艺独特,"适合收藏送礼,工艺精致",不愿意,强烈支持,"降低价格,加强科普宣传",一定会,大漆钥匙扣,小众艺术轻奢风,完全接受，更有特色,价格性价比,极高,单品简约款,无所谓,经典黑金红传统色,愿意,同学朋友送礼,会，非常加分,"做工粗糙,款式同质化严重",20元以内,50-80元,不太接受,一定会买,会驻足了解,"线上店铺,文创展会",大幅提升,不确定,"工艺制作短视频,高颜值产品实拍图",配饰挂件类,不认可,希望增加年轻化配色和小件礼盒，方便送礼和收藏。
daqi-answer-741,2026-08-13T09:20:00+08:00,女,18-22岁,在校学生,2000-3500元,一般,每月多次,送礼纪念,"电商店铺,线下实体店",非常了解,比较感兴趣,"小众不撞款,国风颜值高","价格昂贵,款式老旧",非常愿意,支持,"优化款式设计,降低价格",可能会,"大漆书签,大漆钥匙扣",简约现代风,可以接受,"工艺质感,文化寓意",较高,盲盒款式,非常喜欢,莫兰迪浅色系,不愿意,"节日礼物,纪念收藏",无影响,价格虚高,20-40元,80-120元,完全愿意,大概率会,一定会了解购买,校园市集,无变化,一定会复购,高颜值产品实拍图,"定制专属类,桌面摆件类",非常认可，环保创新,希望兼顾传统工艺和日常实用性，价格可以分档。
daqi-answer-742,2026-08-14T10:33:00+08:00,男,18岁以下,在校学生,1000元以内,非常喜欢,每月1次,"收藏爱好,活动奖品","校园市集,电商店铺",非常了解,毫无兴趣,"非遗文化底蕴,手工工艺独特",不适合日常使用,愿意,强烈支持,适配日常使用,不确定,"大漆漆扇,文创套装礼盒",传统国风古风,完全接受，更有特色,"颜值外观,工艺质感",极高,单品简约款,喜欢,自然原木底色,非常愿意,"商务小礼品,师生赠礼",会，非常加分,"华而不实无实用性,做工粗糙",40-60元,50元以内,可以接受小幅溢价,一定会买,一定会了解购买,"文创展会,校园市集",大幅提升,可能复购,"优惠活动福利,非遗文化科普","文具类,定制专属类",无所谓,建议多做短视频展示制作过程，并在线下市集提供体验。
daqi-answer-743,2026-08-15T11:46:00+08:00,女,18岁以下,自由职业,1000-2000元,比较喜欢,季度1-2次,"日常自用,收藏爱好",短视频平台,完全没听过,非常感兴趣,色泽质感高级,"价格昂贵,工艺精致",非常愿意,支持,"降低价格,适配日常使用",一定会,大件漆艺摆件,简约现代风,完全接受，更有特色,价格性价比,较高,组合套装礼盒,不喜欢,经典黑金红传统色,随缘,同学朋友送礼,略有影响,"价格虚高,做工粗糙",20元以内,50-80元,完全愿意,一定会买,随缘,"线上店铺,校园市集",小幅提升,不会复购,"工艺制作短视频,优惠活动福利",桌面摆件类,非常认可，环保创新,包装可以更精致，同时附上简明的非遗文化说明卡。
daqi-answer-744,2026-08-16T12:59:00+08:00,男,23-30岁,在校学生,1000元以内,一般,每月多次,送礼纪念,"电商店铺,文创展会",非常了解,一般,"非遗文化底蕴,国风颜值高","款式老旧,价格昂贵",愿意,中立,"优化款式设计,提升包装质感",可能会,"大漆书签,大漆漆扇",简约现代风,介意，追求完美品,"文化寓意,价格性价比",一般,定制专属款,非常喜欢,撞色潮流色系,非常愿意,"节日礼物,商务小礼品",无影响,价格虚高,20-40元,50元以内,完全愿意,看价格款式决定,一定会了解购买,校园市集,反而降低,一定会复购,非遗文化科普,"文具类,桌面摆件类",比较认可,希望增加年轻化配色和小件礼盒，方便送礼和收藏。
daqi-answer-745,2026-08-17T13:12:00+08:00,女,18岁以下,职场上班族,1000元以内,非常喜欢,每月1次,"市集/展会随手购买,活动奖品","文创展会,短视频平台",略有耳闻,非常感兴趣,"手工工艺独特,非遗文化底蕴",不适合日常使用,无所谓,强烈支持,加强科普宣传,一定会,"大漆漆扇,大件漆艺摆件",小众艺术轻奢风,完全接受，更有特色,"颜值外观,独特小众性",极高,单品简约款,无所谓,经典黑金红传统色,愿意,"同学朋友送礼,商务小礼品",会，非常加分,"款式同质化严重,做工粗糙",20元以内,50元以内,不太接受,一定会买,会驻足了解,"社群团购,文创展会",大幅提升,不确定,"工艺制作短视频,非遗文化科普","配饰挂件类,定制专属类",无所谓,希望兼顾传统工艺和日常实用性，价格可以分档。
daqi-answer-746,2026-08-18T14:25:00+08:00,男,18-22岁,自由职业,2000-3500元,比较喜欢,几乎不买,"日常自用,送礼纪念",短视频平台,非常了解,比较感兴趣,色泽质感高级,"价格昂贵,不适合日常使用",非常愿意,支持,"降低价格,优化款式设计",一定会,大漆书签,简约现代风,可以接受,价格性价比,较高,盲盒款式,非常喜欢,莫兰迪浅色系,随缘,同学朋友送礼,略有影响,"价格虚高,款式同质化严重",20元以内,80-120元,完全愿意,大概率会,不会关注,"线上店铺,社群团购",无变化,一定会复购,"高颜值产品实拍图,优惠活动福利",桌面摆件类,非常认可，环保创新,建议多做短视频展示制作过程，并在线下市集提供体验。
daqi-answer-747,2026-08-19T15:38:00+08:00,男,23-30岁,在校学生,1000元以内,完全不感兴趣,每月多次,收藏爱好,"电商店铺,短视频平台",略有耳闻,一般,"非遗文化底蕴,色泽质感高级","款式老旧,适合收藏送礼",愿意,强烈支持,"优化款式设计,加强科普宣传",不确定,"大漆漆扇,大漆书签",传统国风古风,非常介意,"实用性,颜值外观",较低,单品简约款,喜欢,撞色潮流色系,非常愿意,"师生赠礼,商务小礼品",会，非常加分,华而不实无实用性,40-60元,50元以内,可以接受小幅溢价,基本不会,一定会了解购买,文创展会,大幅提升,可能复购,非遗文化科普,"文具类,配饰挂件类",比较认可,包装可以更精致，同时附上简明的非遗文化说明卡。
daqi-answer-748,2026-08-20T16:51:00+08:00,男,18岁以下,职场上班族,1000-2000元,非常喜欢,季度1-2次,"日常自用,活动奖品","线下实体店,短视频平台",完全没听过,非常感兴趣,"手工工艺独特,小众不撞款",工艺精致,非常愿意,强烈支持,降低价格,一定会,"大漆钥匙扣,大件漆艺摆件",可爱治愈风,完全接受，更有特色,"颜值外观,文化寓意",极高,组合套装礼盒,无所谓,经典黑金红传统色,愿意,"同学朋友送礼,师生赠礼",会，非常加分,"款式同质化严重,华而不实无实用性",20元以内,50-80元,完全不接受,一定会买,随缘,"线上店铺,文创展会",小幅提升,不确定,"工艺制作短视频,高颜值产品实拍图","配饰挂件类,礼盒套装类",非常认可，环保创新,希望增加年轻化配色和小件礼盒，方便送礼和收藏。
daqi-answer-749,2026-08-21T17:04:00+08:00,男,18-22岁,其他,3500元以上,一般,每月多次,"送礼纪念,日常自用",短视频平台,非常了解,比较感兴趣,国风颜值高,"价格昂贵,款式老旧",非常愿意,中立,"优化款式设计,降低价格",可能会,大漆书签,简约现代风,介意，追求完美品,工艺质感,较高,盲盒款式,非常喜欢,莫兰迪浅色系,非常愿意,节日礼物,无影响,"价格虚高,华而不实无实用性",20-40元,120元以上,完全愿意,看价格款式决定,一定会了解购买,"校园市集,社群团购",无变化,一定会复购,"高颜值产品实拍图,市集线下体验",礼盒套装类,比较认可,希望兼顾传统工艺和日常实用性，价格可以分档。
daqi-answer-750,2026-08-22T18:17:00+08:00,男,40岁以上,在校学生,1000元以内,非常喜欢,每月1次,收藏爱好,"校园市集,线下实体店",完全没听过,兴趣较低,"非遗文化底蕴,手工工艺独特","款式老旧,工艺精致",无所谓,强烈支持,"适配日常使用,加强科普宣传",基本不会,"大漆漆扇,文创套装礼盒",小众艺术轻奢风,完全接受，更有特色,"颜值外观,独特小众性",极高,单品简约款,喜欢,经典黑金红传统色,非常愿意,"师生赠礼,节日礼物",会，非常加分,华而不实无实用性,60元以上,50元以内,不太接受,一定会买,会驻足了解,文创展会,大幅提升,可能复购,市集线下体验,"文具类,定制专属类",无所谓,建议多做短视频展示制作过程，并在线下市集提供体验。
daqi-answer-751,2026-08-23T09:30:00+08:00,男,18岁以下,自由职业,1000-2000元,比较喜欢,季度1-2次,"日常自用,收藏爱好","短视频平台,朋友推荐",非常了解,非常感兴趣,"手工工艺独特,国风颜值高",价格昂贵,非常愿意,支持,降低价格,一定会,"大件漆艺摆件,大漆钥匙扣",简约现代风,可以接受,"价格性价比,工艺质感",极高,组合套装礼盒,非常喜欢,经典黑金红传统色,随缘,"同学朋友送礼,节日礼物",略有影响,"包装简陋,款式同质化严重",20元以内,80-120元,完全愿意,大概率会,随缘,"线上店铺,校园市集",小幅提升,一定会复购,"工艺制作短视频,优惠活动福利","配饰挂件类,桌面摆件类",非常认可，环保创新,包装可以更精致，同时附上简明的非遗文化说明卡。
daqi-answer-752,2026-08-24T10:43:00+08:00,女,23-30岁,在校学生,1000元以内,一般,每月多次,"送礼纪念,市集/展会随手购买",电商店铺,略有耳闻,比较感兴趣,非遗文化底蕴,"款式老旧,价格昂贵",愿意,不支持,"优化款式设计,提升包装质感",不确定,大漆书签,传统国风古风,介意，追求完美品,工艺质感,一般,单品简约款,非常喜欢,撞色潮流色系,非常愿意,节日礼物,不在意,"价格虚高,包装简陋",40-60元,50元以内,可以接受小幅溢价,看价格款式决定,一定会了解购买,"校园市集,线下实体店",大幅提升,可能复购,"高颜值产品实拍图,非遗文化科普",文具类,比较认可,希望增加年轻化配色和小件礼盒，方便送礼和收藏。
daqi-answer-753,2026-08-25T11:56:00+08:00,男,18岁以下,职场上班族,1000-2000元,非常喜欢,每月1次,活动奖品,"校园市集,文创展会",非常了解,非常感兴趣,"手工工艺独特,非遗文化底蕴","不适合日常使用,工艺精致",不愿意,强烈支持,"加强科普宣传,适配日常使用",一定会,"大漆漆扇,大件漆艺摆件",小众艺术轻奢风,完全接受，更有特色,"颜值外观,文化寓意",极高,单品简约款,无所谓,经典黑金红传统色,愿意,"纪念收藏,师生赠礼",会，非常加分,款式同质化严重,20元以内,50-80元,不太接受,一定会买,会驻足了解,线下实体店,小幅提升,不确定,工艺制作短视频,"文具类,礼盒套装类",不认可,希望兼顾传统工艺和日常实用性，价格可以分档。
daqi-answer-754,2026-08-26T12:09:00+08:00,女,18-22岁,自由职业,2000-3500元,比较喜欢,半年一次,"日常自用,送礼纪念","短视频平台,校园市集",略有耳闻,比较感兴趣,"色泽质感高级,国风颜值高",价格昂贵,非常愿意,中立,降低价格,可能会,"大漆书签,大件漆艺摆件",简约现代风,可以接受,"价格性价比,独特小众性",较高,盲盒款式,非常喜欢,莫兰迪浅色系,不愿意,"同学朋友送礼,纪念收藏",无影响,"价格虚高,款式同质化严重",20-40元,80-120元,完全愿意,大概率会,一定会了解购买,"线上店铺,社群团购",无变化,一定会复购,"工艺制作短视频,市集线下体验","桌面摆件类,配饰挂件类",非常认可，环保创新,建议多做短视频展示制作过程，并在线下市集提供体验。
daqi-answer-755,2026-08-27T13:22:00+08:00,男,23-30岁,在校学生,1000元以内,不太喜欢,每月多次,"送礼纪念,活动奖品",电商店铺,完全没听过,一般,非遗文化底蕴,"款式老旧,适合收藏送礼",无所谓,强烈支持,"优化款式设计,加强科普宣传",不确定,大漆书签,传统国风古风,完全接受，更有特色,文化寓意,一般,单品简约款,喜欢,自然原木底色,非常愿意,师生赠礼,会，非常加分,"华而不实无实用性,包装简陋",40-60元,50元以内,可以接受小幅溢价,一定会买,会驻足了解,"校园市集,文创展会",大幅提升,可能复购,"非遗文化科普,高颜值产品实拍图",文具类,无所谓,包装可以更精致，同时附上简明的非遗文化说明卡。
daqi-answer-756,2026-08-28T14:35:00+08:00,女,18岁以下,职场上班族,1000-2000元,非常喜欢,每月1次,日常自用,"文创展会,电商店铺",非常了解,非常感兴趣,"手工工艺独特,小众不撞款","工艺精致,不适合日常使用",非常愿意,支持,"降低价格,加强科普宣传",一定会,"大漆钥匙扣,大件漆艺摆件",简约现代风,完全接受，更有特色,"颜值外观,价格性价比",极高,组合套装礼盒,不喜欢,经典黑金红传统色,随缘,"同学朋友送礼,师生赠礼",略有影响,款式同质化严重,20元以内,50-80元,完全愿意,大概率会,随缘,线上店铺,小幅提升,不会复购,工艺制作短视频,"配饰挂件类,礼盒套装类",非常认可，环保创新,希望增加年轻化配色和小件礼盒，方便送礼和收藏。
daqi-answer-757,2026-08-01T15:48:00+08:00,男,18-22岁,个体经营者,1000元以内,比较喜欢,每月多次,"送礼纪念,日常自用","短视频平台,线下实体店",略有耳闻,比较感兴趣,"国风颜值高,色泽质感高级",价格昂贵,愿意,中立,降低价格,可能会,"大漆书签,大漆钥匙扣",简约现代风,介意，追求完美品,"价格性价比,文化寓意",较高,定制专属款,非常喜欢,撞色潮流色系,非常愿意,"节日礼物,纪念收藏",无影响,"价格虚高,华而不实无实用性",20-40元,50元以内,可以接受小幅溢价,看价格款式决定,一定会了解购买,"线上店铺,线下实体店",反而降低,一定会复购,"高颜值产品实拍图,市集线下体验","礼盒套装类,配饰挂件类",比较认可,希望兼顾传统工艺和日常实用性，价格可以分档。
daqi-answer-758,2026-08-02T16:01:00+08:00,女,31-40岁,在校学生,1000元以内,非常喜欢,每月1次,"收藏爱好,活动奖品",电商店铺,非常了解,兴趣较低,非遗文化底蕴,"款式老旧,工艺精致",无所谓,强烈支持,"适配日常使用,加强科普宣传",一定会,大漆漆扇,小众艺术轻奢风,完全接受，更有特色,实用性,不看重,单品简约款,无所谓,经典黑金红传统色,愿意,师生赠礼,会，非常加分,"华而不实无实用性,做工粗糙",20元以内,50-80元,不太接受,一定会买,会驻足了解,"文创展会,校园市集",大幅提升,不确定,"市集线下体验,高颜值产品实拍图",文具类,无所谓,建议多做短视频展示制作过程，并在线下市集提供体验。
daqi-answer-759,2026-08-03T17:14:00+08:00,男,18岁以下,职场上班族,2000-3500元,比较喜欢,季度1-2次,日常自用,"朋友推荐,短视频平台",略有耳闻,非常感兴趣,"手工工艺独特,国风颜值高","价格昂贵,工艺精致",非常愿意,支持,"降低价格,适配日常使用",一定会,"大漆钥匙扣,大漆漆扇",简约现代风,可以接受,"颜值外观,实用性",极高,盲盒款式,非常喜欢,莫兰迪浅色系,随缘,"同学朋友送礼,节日礼物",略有影响,做工粗糙,20-40元,80-120元,完全愿意,大概率会,不会关注,线上店铺,无变化,一定会复购,工艺制作短视频,"配饰挂件类,桌面摆件类",非常认可，环保创新,包装可以更精致，同时附上简明的非遗文化说明卡。
daqi-answer-760,2026-08-04T18:27:00+08:00,女,18-22岁,在校学生,1000元以内,一般,每月多次,"送礼纪念,市集/展会随手购买","短视频平台,文创展会",非常了解,比较感兴趣,"非遗文化底蕴,国风颜值高",价格昂贵,愿意,强烈支持,优化款式设计,不确定,"大漆书签,大漆漆扇",传统国风古风,非常介意,"工艺质感,价格性价比",一般,单品简约款,喜欢,撞色潮流色系,非常愿意,"节日礼物,商务小礼品",会，非常加分,"价格虚高,包装简陋",40-60元,50元以内,可以接受小幅溢价,基本不会,一定会了解购买,"校园市集,线下实体店",大幅提升,可能复购,"高颜值产品实拍图,非遗文化科普","文具类,桌面摆件类",比较认可,希望增加年轻化配色和小件礼盒，方便送礼和收藏。
daqi-answer-761,2026-08-05T09:40:00+08:00,男,18岁以下,职场上班族,1000-2000元,非常喜欢,每月1次,"活动奖品,收藏爱好",校园市集,非常了解,非常感兴趣,非遗文化底蕴,"不适合日常使用,工艺精致",非常愿意,强烈支持,"适配日常使用,优化款式设计",一定会,大漆漆扇,可爱治愈风,完全接受，更有特色,颜值外观,极高,组合套装礼盒,无所谓,经典黑金红传统色,愿意,商务小礼品,略有影响,"华而不实无实用性,款式同质化严重",20元以内,50-80元,完全不接受,一定会买,随缘,"线下实体店,校园市集",小幅提升,不确定,"工艺制作短视频,非遗文化科普",文具类,非常认可，环保创新,希望兼顾传统工艺和日常实用性，价格可以分档。
daqi-answer-762,2026-08-06T10:53:00+08:00,女,18-22岁,自由职业,3500元以上,比较喜欢,半年一次,日常自用,"短视频平台,线下实体店",完全没听过,非常感兴趣,"色泽质感高级,国风颜值高","价格昂贵,不适合日常使用",非常愿意,中立,"降低价格,优化款式设计",可能会,"文创套装礼盒,大漆钥匙扣",简约现代风,介意，追求完美品,"价格性价比,文化寓意",较高,盲盒款式,非常喜欢,莫兰迪浅色系,非常愿意,"同学朋友送礼,纪念收藏",无影响,价格虚高,20-40元,120元以上,完全愿意,看价格款式决定,一定会了解购买,线上店铺,无变化,一定会复购,工艺制作短视频,"桌面摆件类,配饰挂件类",比较认可,建议多做短视频展示制作过程，并在线下市集提供体验。
daqi-answer-763,2026-08-07T11:06:00+08:00,男,23-30岁,在校学生,1000元以内,不太喜欢,每月多次,"送礼纪念,活动奖品","电商店铺,校园市集",非常了解,一般,"非遗文化底蕴,色泽质感高级",款式老旧,无所谓,强烈支持,优化款式设计,基本不会,"大漆书签,文创套装礼盒",小众艺术轻奢风,完全接受，更有特色,"工艺质感,独特小众性",一般,单品简约款,喜欢,经典黑金红传统色,愿意,"节日礼物,师生赠礼",会，非常加分,"价格虚高,做工粗糙",60元以上,50元以内,不太接受,一定会买,会驻足了解,"校园市集,文创展会",大幅提升,可能复购,"非遗文化科普,高颜值产品实拍图","文具类,配饰挂件类",无所谓,包装可以更精致，同时附上简明的非遗文化说明卡。
daqi-answer-764,2026-08-08T12:19:00+08:00,女,18岁以下,职场上班族,2000-3500元,非常喜欢,每月1次,"日常自用,活动奖品",校园市集,略有耳闻,非常感兴趣,手工工艺独特,"不适合日常使用,款式老旧",非常愿意,支持,"提升包装质感,适配日常使用",一定会,大漆钥匙扣,简约现代风,可以接受,颜值外观,极高,组合套装礼盒,非常喜欢,莫兰迪浅色系,随缘,同学朋友送礼,略有影响,"款式同质化严重,华而不实无实用性",20元以内,80-120元,完全愿意,大概率会,随缘,"线上店铺,文创展会",小幅提升,一定会复购,"工艺制作短视频,高颜值产品实拍图",配饰挂件类,非常认可，环保创新,希望增加年轻化配色和小件礼盒，方便送礼和收藏。
daqi-answer-765,2026-08-09T13:32:00+08:00,男,18-22岁,个体经营者,1000元以内,比较喜欢,每月多次,日常自用,"短视频平台,文创展会",非常了解,比较感兴趣,"色泽质感高级,手工工艺独特","价格昂贵,款式老旧",愿意,不支持,"降低价格,提升包装质感",不确定,"大漆书签,大漆钥匙扣",传统国风古风,介意，追求完美品,"价格性价比,颜值外观",较高,单品简约款,喜欢,撞色潮流色系,非常愿意,"同学朋友送礼,商务小礼品",不在意,价格虚高,40-60元,50元以内,可以接受小幅溢价,看价格款式决定,一定会了解购买,线上店铺,大幅提升,可能复购,高颜值产品实拍图,"桌面摆件类,文具类",比较认可,希望兼顾传统工艺和日常实用性，价格可以分档。
daqi-answer-766,2026-08-10T14:45:00+08:00,男,31-40岁,在校学生,1000-2000元,非常喜欢,每月多次,"收藏爱好,活动奖品","电商店铺,线下实体店",略有耳闻,一般,"非遗文化底蕴,手工工艺独特",款式老旧,不愿意,强烈支持,适配日常使用,一定会,"大漆漆扇,文创套装礼盒",小众艺术轻奢风,完全接受，更有特色,"文化寓意,实用性",较低,组合套装礼盒,无所谓,经典黑金红传统色,愿意,"师生赠礼,节日礼物",会，非常加分,"华而不实无实用性,做工粗糙",20元以内,50-80元,不太接受,一定会买,会驻足了解,"文创展会,校园市集",小幅提升,不确定,"非遗文化科普,工艺制作短视频","文具类,定制专属类",不认可,建议多做短视频展示制作过程，并在线下市集提供体验。
daqi-answer-767,2026-08-11T15:58:00+08:00,男,18岁以下,职场上班族,2000-3500元,非常喜欢,季度1-2次,"日常自用,收藏爱好",文创展会,完全没听过,非常感兴趣,手工工艺独特,"适合收藏送礼,不适合日常使用",非常愿意,中立,"降低价格,适配日常使用",可能会,大漆钥匙扣,简约现代风,可以接受,颜值外观,极高,盲盒款式,非常喜欢,莫兰迪浅色系,不愿意,同学朋友送礼,无影响,"做工粗糙,华而不实无实用性",20-40元,80-120元,完全愿意,大概率会,一定会了解购买,"线上店铺,校园市集",无变化,一定会复购,"工艺制作短视频,优惠活动福利",配饰挂件类,非常认可，环保创新,包装可以更精致，同时附上简明的非遗文化说明卡。
daqi-answer-768,2026-08-12T16:11:00+08:00,男,18-22岁,在校学生,1000元以内,一般,每月多次,送礼纪念,"短视频平台,电商店铺",非常了解,比较感兴趣,"小众不撞款,色泽质感高级","价格昂贵,适合收藏送礼",无所谓,强烈支持,"优化款式设计,提升包装质感",不确定,"大漆书签,大漆漆扇",传统国风古风,完全接受，更有特色,"价格性价比,实用性",较高,单品简约款,喜欢,自然原木底色,非常愿意,"节日礼物,商务小礼品",会，非常加分,价格虚高,40-60元,50元以内,可以接受小幅溢价,一定会买,会驻足了解,校园市集,大幅提升,可能复购,高颜值产品实拍图,"定制专属类,配饰挂件类",无所谓,希望增加年轻化配色和小件礼盒，方便送礼和收藏。
daqi-answer-769,2026-08-13T17:24:00+08:00,女,18岁以下,在校学生,1000-2000元,非常喜欢,每月1次,"收藏爱好,送礼纪念","电商店铺,文创展会",完全没听过,毫无兴趣,"非遗文化底蕴,小众不撞款",不适合日常使用,非常愿意,支持,适配日常使用,一定会,"大漆漆扇,大件漆艺摆件",简约现代风,可以接受,"实用性,工艺质感",极高,组合套装礼盒,不喜欢,经典黑金红传统色,随缘,"商务小礼品,节日礼物",略有影响,"华而不实无实用性,款式同质化严重",20元以内,50-80元,完全愿意,大概率会,随缘,"文创展会,线上店铺",小幅提升,不会复购,"优惠活动福利,高颜值产品实拍图","文具类,礼盒套装类",非常认可，环保创新,希望兼顾传统工艺和日常实用性，价格可以分档。
daqi-answer-770,2026-08-14T18:37:00+08:00,男,18岁以下,自由职业,1000元以内,比较喜欢,季度1-2次,"日常自用,送礼纪念",朋友推荐,非常了解,非常感兴趣,色泽质感高级,"价格昂贵,不适合日常使用",愿意,中立,"降低价格,优化款式设计",可能会,大件漆艺摆件,传统国风古风,介意，追求完美品,颜值外观,极高,定制专属款,非常喜欢,撞色潮流色系,非常愿意,同学朋友送礼,无影响,"价格虚高,款式同质化严重",20-40元,50元以内,可以接受小幅溢价,看价格款式决定,一定会了解购买,"线上店铺,社群团购",反而降低,一定会复购,"工艺制作短视频,市集线下体验",桌面摆件类,比较认可,建议多做短视频展示制作过程，并在线下市集提供体验。
daqi-answer-771,2026-08-15T09:50:00+08:00,女,23-30岁,在校学生,1000元以内,一般,每月多次,送礼纪念,"短视频平台,朋友推荐",略有耳闻,一般,"非遗文化底蕴,色泽质感高级","款式老旧,适合收藏送礼",无所谓,强烈支持,"优化款式设计,加强科普宣传",一定会,"大漆书签,文创套装礼盒",小众艺术轻奢风,完全接受，更有特色,"价格性价比,工艺质感",一般,单品简约款,无所谓,经典黑金红传统色,愿意,"节日礼物,师生赠礼",会，非常加分,价格虚高,20元以内,50-80元,不太接受,一定会买,会驻足了解,校园市集,大幅提升,不确定,非遗文化科普,"文具类,配饰挂件类",不认可,包装可以更精致，同时附上简明的非遗文化说明卡。
daqi-answer-772,2026-08-16T10:03:00+08:00,男,18岁以下,职场上班族,2000-3500元,非常喜欢,每月1次,"市集/展会随手购买,收藏爱好","校园市集,电商店铺",非常了解,非常感兴趣,"手工工艺独特,小众不撞款",不适合日常使用,非常愿意,支持,加强科普宣传,可能会,"大漆漆扇,大漆钥匙扣",简约现代风,可以接受,"颜值外观,工艺质感",极高,盲盒款式,非常喜欢,莫兰迪浅色系,随缘,"同学朋友送礼,师生赠礼",略有影响,"款式同质化严重,华而不实无实用性",20-40元,80-120元,完全愿意,大概率会,不会关注,"社群团购,校园市集",无变化,一定会复购,"工艺制作短视频,高颜值产品实拍图","配饰挂件类,礼盒套装类",非常认可，环保创新,希望增加年轻化配色和小件礼盒，方便送礼和收藏。
daqi-answer-773,2026-08-17T11:16:00+08:00,女,18-22岁,自由职业,1000元以内,比较喜欢,几乎不买,"日常自用,市集/展会随手购买",短视频平台,略有耳闻,比较感兴趣,色泽质感高级,"价格昂贵,款式老旧",愿意,强烈支持,"降低价格,提升包装质感",不确定,大漆书签,传统国风古风,非常介意,颜值外观,较高,单品简约款,喜欢,撞色潮流色系,非常愿意,同学朋友送礼,会，非常加分,"价格虚高,华而不实无实用性",40-60元,50元以内,可以接受小幅溢价,基本不会,一定会了解购买,"线上店铺,线下实体店",大幅提升,可能复购,"高颜值产品实拍图,市集线下体验",桌面摆件类,比较认可,希望兼顾传统工艺和日常实用性，价格可以分档。
daqi-answer-774,2026-08-18T12:29:00+08:00,男,23-30岁,在校学生,1000-2000元,完全不感兴趣,每月多次,收藏爱好,"电商店铺,文创展会",完全没听过,一般,"非遗文化底蕴,手工工艺独特","款式老旧,工艺精致",非常愿意,支持,"优化款式设计,适配日常使用",一定会,"大漆书签,大件漆艺摆件",可爱治愈风,完全接受，更有特色,"工艺质感,颜值外观",较低,组合套装礼盒,无所谓,经典黑金红传统色,愿意,"师生赠礼,节日礼物",略有影响,华而不实无实用性,20元以内,50-80元,完全不接受,一定会买,随缘,文创展会,小幅提升,不会复购,非遗文化科普,"文具类,定制专属类",非常认可，环保创新,建议多做短视频展示制作过程，并在线下市集提供体验。
daqi-answer-775,2026-08-19T13:42:00+08:00,女,18岁以下,职场上班族,3500元以上,非常喜欢,季度1-2次,"日常自用,收藏爱好","校园市集,线下实体店",非常了解,非常感兴趣,"手工工艺独特,国风颜值高",工艺精致,愿意,中立,降低价格,可能会,"大漆钥匙扣,大漆漆扇",简约现代风,介意，追求完美品,"颜值外观,独特小众性",极高,盲盒款式,非常喜欢,莫兰迪浅色系,非常愿意,"同学朋友送礼,节日礼物",无影响,"款式同质化严重,价格虚高",20-40元,120元以上,完全愿意,看价格款式决定,一定会了解购买,"线上店铺,校园市集",反而降低,一定会复购,"工艺制作短视频,优惠活动福利","配饰挂件类,桌面摆件类",比较认可,包装可以更精致，同时附上简明的非遗文化说明卡。
daqi-answer-776,2026-08-20T14:55:00+08:00,男,18-22岁,其他,1000元以内,一般,每月多次,"送礼纪念,市集/展会随手购买",短视频平台,略有耳闻,比较感兴趣,国风颜值高,"价格昂贵,适合收藏送礼",无所谓,强烈支持,"降低价格,加强科普宣传",基本不会,大漆书签,小众艺术轻奢风,完全接受，更有特色,价格性价比,较高,单品简约款,喜欢,经典黑金红传统色,愿意,节日礼物,会，非常加分,"价格虚高,包装简陋",60元以上,50元以内,不太接受,一定会买,会驻足了解,"校园市集,线下实体店",大幅提升,可能复购,"高颜值产品实拍图,非遗文化科普",礼盒套装类,无所谓,希望增加年轻化配色和小件礼盒，方便送礼和收藏。
daqi-answer-777,2026-08-21T15:08:00+08:00,女,40岁以上,在校学生,2000-3500元,非常喜欢,每月1次,收藏爱好,"电商店铺,短视频平台",非常了解,兴趣较低,"非遗文化底蕴,小众不撞款","款式老旧,不适合日常使用",非常愿意,支持,"适配日常使用,优化款式设计",一定会,"大漆漆扇,大件漆艺摆件",简约现代风,可以接受,"工艺质感,实用性",极高,组合套装礼盒,非常喜欢,莫兰迪浅色系,随缘,"师生赠礼,同学朋友送礼",略有影响,华而不实无实用性,20元以内,80-120元,完全愿意,大概率会,不会关注,文创展会,小幅提升,一定会复购,市集线下体验,"文具类,礼盒套装类",非常认可，环保创新,希望兼顾传统工艺和日常实用性，价格可以分档。
daqi-answer-778,2026-08-22T16:21:00+08:00,男,18岁以下,自由职业,1000元以内,比较喜欢,季度1-2次,"日常自用,送礼纪念","文创展会,朋友推荐",略有耳闻,非常感兴趣,"手工工艺独特,色泽质感高级",价格昂贵,愿意,不支持,降低价格,不确定,"大件漆艺摆件,大漆漆扇",传统国风古风,介意，追求完美品,"颜值外观,文化寓意",极高,单品简约款,喜欢,撞色潮流色系,非常愿意,"同学朋友送礼,纪念收藏",不在意,"包装简陋,华而不实无实用性",40-60元,50元以内,可以接受小幅溢价,基本不会,一定会了解购买,"线上店铺,社群团购",大幅提升,可能复购,"工艺制作短视频,市集线下体验","配饰挂件类,文具类",比较认可,建议多做短视频展示制作过程，并在线下市集提供体验。
daqi-answer-779,2026-08-23T17:34:00+08:00,女,23-30岁,在校学生,1000-2000元,一般,每月多次,"送礼纪念,活动奖品",短视频平台,非常了解,比较感兴趣,非遗文化底蕴,"价格昂贵,工艺精致",不愿意,强烈支持,"优化款式设计,加强科普宣传",一定会,大漆书签,小众艺术轻奢风,完全接受，更有特色,价格性价比,一般,组合套装礼盒,无所谓,经典黑金红传统色,愿意,节日礼物,会，非常加分,"价格虚高,做工粗糙",20元以内,50-80元,完全不接受,一定会买,会驻足了解,"校园市集,文创展会",小幅提升,不确定,"高颜值产品实拍图,工艺制作短视频",文具类,非常认可，环保创新,包装可以更精致，同时附上简明的非遗文化说明卡。
daqi-answer-780,2026-08-24T18:47:00+08:00,男,18岁以下,职场上班族,2000-3500元,非常喜欢,每月1次,活动奖品,"电商店铺,朋友推荐",非常了解,非常感兴趣,"非遗文化底蕴,国风颜值高","不适合日常使用,款式老旧",非常愿意,中立,"加强科普宣传,优化款式设计",可能会,"大漆漆扇,大漆钥匙扣",简约现代风,可以接受,"实用性,文化寓意",极高,盲盒款式,非常喜欢,莫兰迪浅色系,不愿意,"纪念收藏,节日礼物",无影响,款式同质化严重,20-40元,120元以上,完全愿意,大概率会,一定会了解购买,线下实体店,无变化,一定会复购,工艺制作短视频,"文具类,桌面摆件类",非常认可，环保创新,希望增加年轻化配色和小件礼盒，方便送礼和收藏。
daqi-answer-781,2026-08-25T09:00:00+08:00,女,18-22岁,自由职业,1000元以内,比较喜欢,半年一次,"日常自用,市集/展会随手购买","朋友推荐,校园市集",完全没听过,非常感兴趣,"色泽质感高级,手工工艺独特",价格昂贵,无所谓,强烈支持,降低价格,不确定,"大漆书签,大漆钥匙扣",传统国风古风,完全接受，更有特色,"颜值外观,价格性价比",较高,单品简约款,喜欢,自然原木底色,非常愿意,"同学朋友送礼,商务小礼品",会，非常加分,"价格虚高,华而不实无实用性",60元以上,50元以内,可以接受小幅溢价,一定会买,会驻足了解,"线上店铺,线下实体店",大幅提升,可能复购,"工艺制作短视频,非遗文化科普","桌面摆件类,文具类",无所谓,希望兼顾传统工艺和日常实用性，价格可以分档。
daqi-answer-782,2026-08-26T10:13:00+08:00,男,23-30岁,在校学生,1000-2000元,不太喜欢,每月多次,"送礼纪念,收藏爱好",短视频平台,非常了解,一般,非遗文化底蕴,"款式老旧,工艺精致",非常愿意,支持,"优化款式设计,适配日常使用",一定会,大漆书签,简约现代风,可以接受,价格性价比,一般,组合套装礼盒,不喜欢,经典黑金红传统色,随缘,师生赠礼,略有影响,"华而不实无实用性,做工粗糙",20元以内,50-80元,完全愿意,大概率会,随缘,"校园市集,线上店铺",小幅提升,一定会复购,"非遗文化科普,工艺制作短视频",文具类,非常认可，环保创新,建议多做短视频展示制作过程，并在线下市集提供体验。
daqi-answer-783,2026-08-27T11:26:00+08:00,男,18岁以下,职场上班族,1000元以内,非常喜欢,每月1次,日常自用,"电商店铺,校园市集",略有耳闻,非常感兴趣,"手工工艺独特,国风颜值高","工艺精致,款式老旧",愿意,中立,"降低价格,适配日常使用",可能会,"大漆钥匙扣,大漆漆扇",传统国风古风,介意，追求完美品,"颜值外观,文化寓意",极高,定制专属款,非常喜欢,撞色潮流色系,非常愿意,"同学朋友送礼,节日礼物",不在意,款式同质化严重,20-40元,50元以内,可以接受小幅溢价,看价格款式决定,一定会了解购买,线上店铺,大幅提升,一定会复购,工艺制作短视频,"配饰挂件类,桌面摆件类",比较认可,包装可以更精致，同时附上简明的非遗文化说明卡。
daqi-answer-784,2026-08-28T12:39:00+08:00,男,18-22岁,个体经营者,1000-2000元,比较喜欢,每月多次,"日常自用,活动奖品","短视频平台,校园市集",非常了解,比较感兴趣,"国风颜值高,手工工艺独特",价格昂贵,无所谓,强烈支持,降低价格,一定会,"大漆书签,大漆漆扇",小众艺术轻奢风,完全接受，更有特色,"颜值外观,实用性",较高,单品简约款,无所谓,经典黑金红传统色,愿意,"节日礼物,商务小礼品",会，非常加分,"价格虚高,包装简陋",20元以内,50-80元,不太接受,一定会买,会驻足了解,"线上店铺,文创展会",大幅提升,不确定,"高颜值产品实拍图,非遗文化科普","礼盒套装类,文具类",不认可,希望增加年轻化配色和小件礼盒，方便送礼和收藏。
daqi-answer-785,2026-08-01T13:52:00+08:00,男,31-40岁,在校学生,2000-3500元,非常喜欢,每月多次,"收藏爱好,送礼纪念",短视频平台,略有耳闻,兴趣较低,非遗文化底蕴,"款式老旧,不适合日常使用",非常愿意,支持,"适配日常使用,优化款式设计",可能会,大漆漆扇,简约现代风,可以接受,工艺质感,不看重,盲盒款式,非常喜欢,莫兰迪浅色系,不愿意,师生赠礼,略有影响,"华而不实无实用性,款式同质化严重",20-40元,80-120元,完全愿意,大概率会,一定会了解购买,"文创展会,线上店铺",无变化,一定会复购,"市集线下体验,工艺制作短视频",文具类,非常认可，环保创新,希望兼顾传统工艺和日常实用性，价格可以分档。
daqi-answer-786,2026-08-02T14:05:00+08:00,女,18岁以下,职场上班族,1000元以内,非常喜欢,季度1-2次,日常自用,"校园市集,短视频平台",完全没听过,非常感兴趣,"手工工艺独特,色泽质感高级","价格昂贵,不适合日常使用",愿意,强烈支持,"降低价格,优化款式设计",不确定,"大漆钥匙扣,大漆书签",传统国风古风,非常介意,"颜值外观,价格性价比",极高,单品简约款,喜欢,自然原木底色,非常愿意,"同学朋友送礼,纪念收藏",会，非常加分,做工粗糙,40-60元,50元以内,可以接受小幅溢价,一定会买,一定会了解购买,线上店铺,大幅提升,可能复购,工艺制作短视频,"配饰挂件类,文具类",比较认可,建议多做短视频展示制作过程，并在线下市集提供体验。
daqi-answer-787,2026-08-03T15:18:00+08:00,男,18-22岁,在校学生,1000-2000元,一般,每月多次,"送礼纪念,活动奖品","短视频平台,线下实体店",非常了解,比较感兴趣,"非遗文化底蕴,色泽质感高级",价格昂贵,非常愿意,支持,优化款式设计,一定会,"大漆书签,文创套装礼盒",可爱治愈风,完全接受，更有特色,"价格性价比,文化寓意",一般,组合套装礼盒,不喜欢,经典黑金红传统色,愿意,"节日礼物,师生赠礼",略有影响,"价格虚高,做工粗糙",20元以内,50-80元,完全愿意,一定会买,随缘,"校园市集,文创展会",小幅提升,不会复购,"高颜值产品实拍图,工艺制作短视频","定制专属类,文具类",非常认可，环保创新,包装可以更精致，同时附上简明的非遗文化说明卡。
daqi-answer-788,2026-08-04T16:31:00+08:00,女,18岁以下,在校学生,3500元以上,非常喜欢,每月1次,"活动奖品,送礼纪念",电商店铺,完全没听过,非常感兴趣,非遗文化底蕴,"不适合日常使用,款式老旧",愿意,中立,"适配日常使用,降低价格",可能会,大漆漆扇,简约现代风,介意，追求完美品,工艺质感,极高,定制专属款,非常喜欢,莫兰迪浅色系,非常愿意,商务小礼品,无影响,"华而不实无实用性,价格虚高",20-40元,50元以内,完全愿意,看价格款式决定,一定会了解购买,"线下实体店,线上店铺",反而降低,一定会复购,"优惠活动福利,工艺制作短视频",文具类,比较认可,希望增加年轻化配色和小件礼盒，方便送礼和收藏。
daqi-answer-789,2026-08-05T17:44:00+08:00,男,18岁以下,自由职业,1000元以内,比较喜欢,半年一次,日常自用,"校园市集,朋友推荐",非常了解,非常感兴趣,"色泽质感高级,手工工艺独特","价格昂贵,款式老旧",无所谓,强烈支持,"降低价格,提升包装质感",基本不会,"文创套装礼盒,大漆漆扇",小众艺术轻奢风,完全接受，更有特色,"颜值外观,实用性",较高,单品简约款,喜欢,经典黑金红传统色,愿意,"同学朋友送礼,商务小礼品",会，非常加分,价格虚高,20元以内,50元以内,不太接受,一定会买,会驻足了解,线上店铺,大幅提升,可能复购,工艺制作短视频,"桌面摆件类,文具类",无所谓,希望兼顾传统工艺和日常实用性，价格可以分档。
daqi-answer-790,2026-08-06T18:57:00+08:00,女,23-30岁,在校学生,2000-3500元,不太喜欢,每月多次,"送礼纪念,收藏爱好","短视频平台,文创展会",略有耳闻,一般,"非遗文化底蕴,手工工艺独特",款式老旧,非常愿意,支持,优化款式设计,一定会,"大漆书签,大件漆艺摆件",简约现代风,可以接受,"价格性价比,颜值外观",一般,组合套装礼盒,非常喜欢,莫兰迪浅色系,随缘,"节日礼物,同学朋友送礼",略有影响,"价格虚高,款式同质化严重",20元以内,80-120元,完全愿意,大概率会,不会关注,"校园市集,线上店铺",小幅提升,一定会复购,"非遗文化科普,工艺制作短视频","文具类,定制专属类",非常认可，环保创新,建议多做短视频展示制作过程，并在线下市集提供体验。
daqi-answer-791,2026-08-07T09:10:00+08:00,男,18岁以下,职场上班族,1000元以内,非常喜欢,每月1次,"日常自用,收藏爱好",电商店铺,非常了解,非常感兴趣,手工工艺独特,"不适合日常使用,价格昂贵",愿意,不支持,"提升包装质感,优化款式设计",不确定,大漆钥匙扣,传统国风古风,非常介意,文化寓意,极高,单品简约款,喜欢,撞色潮流色系,非常愿意,同学朋友送礼,会，非常加分,"款式同质化严重,价格虚高",40-60元,50元以内,可以接受小幅溢价,基本不会,一定会了解购买,"社群团购,线上店铺",大幅提升,可能复购,"工艺制作短视频,优惠活动福利",配饰挂件类,比较认可,包装可以更精致，同时附上简明的非遗文化说明卡。
daqi-answer-792,2026-08-08T10:23:00+08:00,女,18-22岁,个体经营者,1000-2000元,比较喜欢,每月多次,日常自用,"朋友推荐,文创展会",略有耳闻,比较感兴趣,"色泽质感高级,非遗文化底蕴","价格昂贵,适合收藏送礼",不愿意,强烈支持,"降低价格,加强科普宣传",一定会,"大漆书签,大漆漆扇",可爱治愈风,完全接受，更有特色,"颜值外观,工艺质感",较高,组合套装礼盒,无所谓,经典黑金红传统色,愿意,"同学朋友送礼,师生赠礼",会，非常加分,价格虚高,20元以内,50-80元,完全不接受,一定会买,会驻足了解,线上店铺,小幅提升,不确定,高颜值产品实拍图,"桌面摆件类,定制专属类",非常认可，环保创新,希望增加年轻化配色和小件礼盒，方便送礼和收藏。
daqi-answer-793,2026-08-09T11:36:00+08:00,男,31-40岁,在校学生,2000-3500元,非常喜欢,每月多次,"收藏爱好,送礼纪念","短视频平台,电商店铺",完全没听过,一般,"非遗文化底蕴,小众不撞款",款式老旧,非常愿意,中立,适配日常使用,可能会,"大漆漆扇,大件漆艺摆件",简约现代风,可以接受,"价格性价比,实用性",较低,盲盒款式,非常喜欢,莫兰迪浅色系,非常愿意,"师生赠礼,同学朋友送礼",无影响,"华而不实无实用性,款式同质化严重",20-40元,120元以上,完全愿意,大概率会,一定会了解购买,"文创展会,线上店铺",无变化,一定会复购,"非遗文化科普,优惠活动福利","文具类,礼盒套装类",非常认可，环保创新,希望兼顾传统工艺和日常实用性，价格可以分档。
daqi-answer-794,2026-08-10T12:49:00+08:00,女,18岁以下,职场上班族,1000元以内,非常喜欢,季度1-2次,"日常自用,送礼纪念",电商店铺,非常了解,非常感兴趣,手工工艺独特,"适合收藏送礼,款式老旧",无所谓,强烈支持,"降低价格,优化款式设计",基本不会,大漆钥匙扣,传统国风古风,完全接受，更有特色,颜值外观,极高,单品简约款,喜欢,经典黑金红传统色,非常愿意,同学朋友送礼,会，非常加分,"做工粗糙,价格虚高",60元以上,50元以内,可以接受小幅溢价,一定会买,会驻足了解,"线上店铺,社群团购",大幅提升,可能复购,"工艺制作短视频,市集线下体验",配饰挂件类,无所谓,建议多做短视频展示制作过程，并在线下市集提供体验。
daqi-answer-795,2026-08-11T13:02:00+08:00,男,18-22岁,在校学生,1000-2000元,一般,每月多次,送礼纪念,"短视频平台,文创展会",略有耳闻,比较感兴趣,"小众不撞款,手工工艺独特","价格昂贵,工艺精致",非常愿意,支持,"优化款式设计,加强科普宣传",一定会,"大漆书签,文创套装礼盒",简约现代风,可以接受,"颜值外观,独特小众性",较高,组合套装礼盒,非常喜欢,经典黑金红传统色,随缘,"节日礼物,师生赠礼",略有影响,价格虚高,20元以内,50-80元,完全愿意,大概率会,随缘,校园市集,小幅提升,一定会复购,高颜值产品实拍图,"礼盒套装类,定制专属类",非常认可，环保创新,包装可以更精致，同时附上简明的非遗文化说明卡。
daqi-answer-796,2026-08-12T14:15:00+08:00,女,18岁以下,在校学生,1000元以内,非常喜欢,每月1次,"收藏爱好,日常自用","短视频平台,朋友推荐",非常了解,毫无兴趣,"非遗文化底蕴,国风颜值高",不适合日常使用,愿意,不支持,适配日常使用,可能会,"大漆漆扇,大漆钥匙扣",传统国风古风,介意，追求完美品,"工艺质感,文化寓意",极高,单品简约款,非常喜欢,撞色潮流色系,非常愿意,"商务小礼品,同学朋友送礼",不在意,"华而不实无实用性,价格虚高",20-40元,50元以内,可以接受小幅溢价,看价格款式决定,一定会了解购买,"文创展会,社群团购",大幅提升,一定会复购,"市集线下体验,优惠活动福利","文具类,桌面摆件类",比较认可,希望增加年轻化配色和小件礼盒，方便送礼和收藏。
daqi-answer-797,2026-08-13T15:28:00+08:00,男,18岁以下,自由职业,1000-2000元,比较喜欢,季度1-2次,"日常自用,市集/展会随手购买",校园市集,略有耳闻,非常感兴趣,色泽质感高级,"价格昂贵,款式老旧",不愿意,强烈支持,"降低价格,提升包装质感",一定会,大件漆艺摆件,小众艺术轻奢风,完全接受，更有特色,颜值外观,极高,单品简约款,无所谓,经典黑金红传统色,愿意,同学朋友送礼,会，非常加分,"包装简陋,价格虚高",20元以内,50-80元,不太接受,一定会买,会驻足了解,"线上店铺,线下实体店",大幅提升,不确定,"工艺制作短视频,非遗文化科普",配饰挂件类,不认可,希望兼顾传统工艺和日常实用性，价格可以分档。
daqi-answer-798,2026-08-14T16:41:00+08:00,女,23-30岁,在校学生,2000-3500元,一般,每月多次,送礼纪念,"短视频平台,电商店铺",非常了解,一般,"非遗文化底蕴,手工工艺独特","款式老旧,工艺精致",非常愿意,支持,"优化款式设计,适配日常使用",可能会,"大漆书签,大件漆艺摆件",简约现代风,可以接受,"价格性价比,实用性",一般,盲盒款式,非常喜欢,莫兰迪浅色系,不愿意,"节日礼物,同学朋友送礼",略有影响,价格虚高,20-40元,80-120元,完全愿意,大概率会,一定会了解购买,校园市集,无变化,一定会复购,高颜值产品实拍图,"文具类,定制专属类",非常认可，环保创新,建议多做短视频展示制作过程，并在线下市集提供体验。
daqi-answer-799,2026-08-15T17:54:00+08:00,男,18岁以下,职场上班族,1000元以内,非常喜欢,每月1次,"市集/展会随手购买,送礼纪念","电商店铺,文创展会",非常了解,非常感兴趣,"手工工艺独特,国风颜值高",不适合日常使用,愿意,强烈支持,加强科普宣传,不确定,"大漆漆扇,大漆书签",传统国风古风,完全接受，更有特色,"工艺质感,颜值外观",极高,单品简约款,喜欢,自然原木底色,非常愿意,"纪念收藏,同学朋友送礼",会，非常加分,"款式同质化严重,价格虚高",40-60元,50元以内,可以接受小幅溢价,一定会买,一定会了解购买,"线下实体店,社群团购",大幅提升,可能复购,"工艺制作短视频,优惠活动福利","配饰挂件类,桌面摆件类",比较认可,包装可以更精致，同时附上简明的非遗文化说明卡。
daqi-answer-800,2026-08-16T18:07:00+08:00,男,18-22岁,自由职业,1000-2000元,比较喜欢,几乎不买,"日常自用,活动奖品",校园市集,完全没听过,比较感兴趣,色泽质感高级,"价格昂贵,适合收藏送礼",非常愿意,支持,"降低价格,加强科普宣传",一定会,大漆书签,简约现代风,完全接受，更有特色,颜值外观,较高,组合套装礼盒,不喜欢,经典黑金红传统色,愿意,同学朋友送礼,略有影响,"价格虚高,包装简陋",20元以内,50-80元,完全愿意,一定会买,随缘,"线上店铺,文创展会",小幅提升,不会复购,"高颜值产品实拍图,非遗文化科普",桌面摆件类,非常认可，环保创新,希望增加年轻化配色和小件礼盒，方便送礼和收藏。
daqi-answer-801,2026-08-17T09:20:00+08:00,男,23-30岁,在校学生,3500元以上,完全不感兴趣,每月多次,收藏爱好,"短视频平台,朋友推荐",非常了解,一般,"非遗文化底蕴,小众不撞款","款式老旧,不适合日常使用",愿意,中立,"优化款式设计,降低价格",可能会,"大漆书签,大漆钥匙扣",简约现代风,介意，追求完美品,"价格性价比,工艺质感",较低,定制专属款,非常喜欢,莫兰迪浅色系,非常愿意,"师生赠礼,同学朋友送礼",无影响,华而不实无实用性,20-40元,50元以内,完全愿意,看价格款式决定,一定会了解购买,校园市集,反而降低,一定会复购,非遗文化科普,"文具类,礼盒套装类",比较认可,希望兼顾传统工艺和日常实用性，价格可以分档。
daqi-answer-802,2026-08-18T10:33:00+08:00,男,18岁以下,职场上班族,1000元以内,非常喜欢,季度1-2次,"日常自用,送礼纪念","电商店铺,短视频平台",略有耳闻,非常感兴趣,"手工工艺独特,色泽质感高级",工艺精致,无所谓,强烈支持,降低价格,一定会,"大漆钥匙扣,大漆书签",小众艺术轻奢风,完全接受，更有特色,"文化寓意,独特小众性",极高,单品简约款,喜欢,经典黑金红传统色,愿意,"同学朋友送礼,纪念收藏",会，非常加分,"款式同质化严重,包装简陋",20元以内,50元以内,不太接受,一定会买,会驻足了解,"线上店铺,社群团购",大幅提升,可能复购,"工艺制作短视频,市集线下体验","配饰挂件类,文具类",无所谓,建议多做短视频展示制作过程，并在线下市集提供体验。
daqi-answer-803,2026-08-19T11:46:00+08:00,女,18-22岁,其他,2000-3500元,一般,每月多次,"送礼纪念,活动奖品",文创展会,非常了解,比较感兴趣,国风颜值高,"价格昂贵,工艺精致",非常愿意,支持,"降低价格,适配日常使用",一定会,大漆书签,简约现代风,可以接受,颜值外观,较高,组合套装礼盒,非常喜欢,莫兰迪浅色系,随缘,节日礼物,略有影响,"价格虚高,做工粗糙",20元以内,80-120元,完全愿意,大概率会,不会关注,"校园市集,文创展会",小幅提升,一定会复购,"高颜值产品实拍图,工艺制作短视频",礼盒套装类,非常认可，环保创新,包装可以更精致，同时附上简明的非遗文化说明卡。
daqi-answer-804,2026-08-20T12:59:00+08:00,男,40岁以上,在校学生,1000元以内,非常喜欢,每月1次,收藏爱好,"短视频平台,校园市集",略有耳闻,兴趣较低,"非遗文化底蕴,国风颜值高","款式老旧,价格昂贵",愿意,强烈支持,"适配日常使用,降低价格",不确定,"大漆漆扇,大漆钥匙扣",传统国风古风,非常介意,"价格性价比,独特小众性",不看重,单品简约款,喜欢,撞色潮流色系,非常愿意,"师生赠礼,纪念收藏",会，非常加分,华而不实无实用性,40-60元,50元以内,可以接受小幅溢价,基本不会,一定会了解购买,文创展会,大幅提升,可能复购,市集线下体验,"文具类,桌面摆件类",比较认可,希望增加年轻化配色和小件礼盒，方便送礼和收藏。
daqi-answer-805,2026-08-21T13:12:00+08:00,女,18岁以下,自由职业,1000-2000元,比较喜欢,季度1-2次,"日常自用,市集/展会随手购买","电商店铺,朋友推荐",完全没听过,非常感兴趣,"手工工艺独特,非遗文化底蕴",价格昂贵,非常愿意,强烈支持,降低价格,一定会,"大件漆艺摆件,大漆书签",可爱治愈风,完全接受，更有特色,"颜值外观,独特小众性",极高,组合套装礼盒,无所谓,经典黑金红传统色,愿意,"同学朋友送礼,商务小礼品",会，非常加分,"做工粗糙,包装简陋",20元以内,50-80元,完全不接受,一定会买,会驻足了解,"线上店铺,线下实体店",小幅提升,不确定,"工艺制作短视频,非遗文化科普","配饰挂件类,定制专属类",非常认可，环保创新,希望兼顾传统工艺和日常实用性，价格可以分档。
daqi-answer-806,2026-08-22T14:25:00+08:00,男,23-30岁,在校学生,3500元以上,一般,每月多次,"送礼纪念,收藏爱好",短视频平台,非常了解,比较感兴趣,非遗文化底蕴,"价格昂贵,不适合日常使用",非常愿意,中立,"优化款式设计,适配日常使用",可能会,大漆书签,简约现代风,可以接受,颜值外观,一般,盲盒款式,非常喜欢,莫兰迪浅色系,非常愿意,节日礼物,无影响,"价格虚高,款式同质化严重",20-40元,120元以上,完全愿意,大概率会,一定会了解购买,"校园市集,线上店铺",无变化,一定会复购,"高颜值产品实拍图,优惠活动福利",文具类,非常认可，环保创新,建议多做短视频展示制作过程，并在线下市集提供体验。
daqi-answer-807,2026-08-23T15:38:00+08:00,女,18岁以下,职场上班族,1000元以内,非常喜欢,每月1次,活动奖品,"短视频平台,线下实体店",完全没听过,非常感兴趣,"非遗文化底蕴,色泽质感高级","不适合日常使用,价格昂贵",无所谓,强烈支持,"加强科普宣传,降低价格",基本不会,"大漆漆扇,大漆书签",传统国风古风,完全接受，更有特色,"工艺质感,实用性",极高,单品简约款,喜欢,经典黑金红传统色,非常愿意,"商务小礼品,纪念收藏",会，非常加分,华而不实无实用性,60元以上,50元以内,可以接受小幅溢价,一定会买,会驻足了解,线下实体店,大幅提升,可能复购,工艺制作短视频,"文具类,配饰挂件类",无所谓,包装可以更精致，同时附上简明的非遗文化说明卡。
daqi-answer-808,2026-08-24T16:51:00+08:00,男,18-22岁,自由职业,1000-2000元,比较喜欢,半年一次,"日常自用,活动奖品","校园市集,文创展会",非常了解,非常感兴趣,"色泽质感高级,非遗文化底蕴",价格昂贵,非常愿意,支持,降低价格,一定会,"文创套装礼盒,大漆书签",简约现代风,可以接受,"颜值外观,文化寓意",较高,组合套装礼盒,非常喜欢,经典黑金红传统色,随缘,"同学朋友送礼,师生赠礼",略有影响,"价格虚高,包装简陋",20元以内,50-80元,完全愿意,大概率会,随缘,"线上店铺,文创展会",小幅提升,一定会复购,"工艺制作短视频,高颜值产品实拍图","桌面摆件类,定制专属类",非常认可，环保创新,希望增加年轻化配色和小件礼盒，方便送礼和收藏。
daqi-answer-809,2026-08-25T17:04:00+08:00,女,23-30岁,在校学生,1000元以内,不太喜欢,每月多次,"送礼纪念,日常自用",短视频平台,略有耳闻,一般,非遗文化底蕴,"款式老旧,不适合日常使用",愿意,不支持,"优化款式设计,降低价格",可能会,大漆书签,传统国风古风,介意，追求完美品,价格性价比,一般,单品简约款,非常喜欢,撞色潮流色系,非常愿意,节日礼物,不在意,"华而不实无实用性,款式同质化严重",20-40元,50元以内,可以接受小幅溢价,看价格款式决定,一定会了解购买,"校园市集,社群团购",大幅提升,一定会复购,"非遗文化科普,优惠活动福利",文具类,比较认可,希望兼顾传统工艺和日常实用性，价格可以分档。
daqi-answer-810,2026-08-26T18:17:00+08:00,男,18岁以下,职场上班族,1000-2000元,非常喜欢,每月1次,日常自用,"电商店铺,朋友推荐",非常了解,非常感兴趣,"手工工艺独特,色泽质感高级","工艺精致,价格昂贵",不愿意,强烈支持,"提升包装质感,降低价格",一定会,"大漆钥匙扣,大漆书签",小众艺术轻奢风,完全接受，更有特色,"工艺质感,价格性价比",极高,单品简约款,无所谓,经典黑金红传统色,愿意,"同学朋友送礼,纪念收藏",会，非常加分,款式同质化严重,20元以内,50-80元,不太接受,一定会买,会驻足了解,线上店铺,大幅提升,不确定,工艺制作短视频,"配饰挂件类,文具类",不认可,建议多做短视频展示制作过程，并在线下市集提供体验。
daqi-answer-811,2026-08-27T09:30:00+08:00,女,18-22岁,个体经营者,2000-3500元,比较喜欢,每月多次,"日常自用,收藏爱好","校园市集,短视频平台",略有耳闻,比较感兴趣,"国风颜值高,非遗文化底蕴",价格昂贵,非常愿意,支持,降低价格,可能会,"大漆书签,文创套装礼盒",简约现代风,可以接受,"颜值外观,价格性价比",较高,盲盒款式,非常喜欢,莫兰迪浅色系,不愿意,"节日礼物,师生赠礼",略有影响,"价格虚高,做工粗糙",20-40元,80-120元,完全愿意,大概率会,一定会了解购买,"线上店铺,校园市集",无变化,一定会复购,"高颜值产品实拍图,工艺制作短视频","桌面摆件类,礼盒套装类",非常认可，环保创新,包装可以更精致，同时附上简明的非遗文化说明卡。
daqi-answer-812,2026-08-28T10:43:00+08:00,男,31-40岁,在校学生,1000元以内,非常喜欢,每月多次,"收藏爱好,日常自用",短视频平台,完全没听过,兴趣较低,非遗文化底蕴,"款式老旧,价格昂贵",愿意,强烈支持,"适配日常使用,降低价格",不确定,大漆漆扇,传统国风古风,完全接受，更有特色,价格性价比,较低,单品简约款,喜欢,自然原木底色,非常愿意,师生赠礼,会，非常加分,"华而不实无实用性,价格虚高",40-60元,50元以内,可以接受小幅溢价,一定会买,一定会了解购买,"文创展会,社群团购",大幅提升,可能复购,"非遗文化科普,市集线下体验",文具类,比较认可,希望增加年轻化配色和小件礼盒，方便送礼和收藏。
daqi-answer-813,2026-08-01T11:56:00+08:00,女,18岁以下,职场上班族,1000-2000元,非常喜欢,季度1-2次,日常自用,"电商店铺,校园市集",非常了解,非常感兴趣,"手工工艺独特,非遗文化底蕴","适合收藏送礼,价格昂贵",非常愿意,支持,"降低价格,提升包装质感",一定会,"大漆钥匙扣,文创套装礼盒",简约现代风,完全接受，更有特色,"文化寓意,颜值外观",极高,组合套装礼盒,不喜欢,经典黑金红传统色,愿意,"同学朋友送礼,商务小礼品",略有影响,做工粗糙,20元以内,50-80元,完全愿意,一定会买,随缘,线上店铺,小幅提升,不会复购,工艺制作短视频,"配饰挂件类,定制专属类",非常认可，环保创新,希望兼顾传统工艺和日常实用性，价格可以分档。
daqi-answer-814,2026-08-02T12:09:00+08:00,男,18-22岁,在校学生,1000元以内,一般,每月多次,"送礼纪念,收藏爱好","文创展会,线下实体店",略有耳闻,比较感兴趣,"小众不撞款,非遗文化底蕴",价格昂贵,愿意,中立,优化款式设计,可能会,"大漆书签,大件漆艺摆件",简约现代风,介意，追求完美品,"颜值外观,实用性",较高,定制专属款,非常喜欢,莫兰迪浅色系,非常愿意,"节日礼物,同学朋友送礼",无影响,"价格虚高,款式同质化严重",20-40元,50元以内,完全愿意,看价格款式决定,一定会了解购买,"校园市集,线上店铺",反而降低,一定会复购,"高颜值产品实拍图,优惠活动福利","定制专属类,礼盒套装类",比较认可,建议多做短视频展示制作过程，并在线下市集提供体验。
daqi-answer-815,2026-08-03T13:22:00+08:00,女,18岁以下,在校学生,1000元以内,非常喜欢,每月1次,"活动奖品,日常自用",短视频平台,非常了解,毫无兴趣,非遗文化底蕴,"不适合日常使用,价格昂贵",无所谓,强烈支持,"适配日常使用,提升包装质感",一定会,大漆漆扇,小众艺术轻奢风,完全接受，更有特色,价格性价比,极高,单品简约款,喜欢,经典黑金红传统色,愿意,商务小礼品,会，非常加分,"华而不实无实用性,包装简陋",20元以内,50元以内,不太接受,一定会买,会驻足了解,"文创展会,线下实体店",大幅提升,可能复购,"优惠活动福利,市集线下体验",文具类,无所谓,包装可以更精致，同时附上简明的非遗文化说明卡。
daqi-answer-816,2026-08-04T14:35:00+08:00,男,18岁以下,自由职业,2000-3500元,比较喜欢,半年一次,日常自用,"电商店铺,线下实体店",略有耳闻,非常感兴趣,"色泽质感高级,非遗文化底蕴","价格昂贵,适合收藏送礼",非常愿意,支持,"降低价格,加强科普宣传",一定会,"大件漆艺摆件,文创套装礼盒",简约现代风,可以接受,"颜值外观,价格性价比",较高,组合套装礼盒,非常喜欢,莫兰迪浅色系,随缘,"同学朋友送礼,师生赠礼",略有影响,价格虚高,20元以内,80-120元,完全愿意,大概率会,不会关注,线上店铺,小幅提升,一定会复购,工艺制作短视频,"桌面摆件类,定制专属类",非常认可，环保创新,希望增加年轻化配色和小件礼盒，方便送礼和收藏。
daqi-answer-817,2026-08-05T15:48:00+08:00,男,23-30岁,在校学生,1000元以内,不太喜欢,每月多次,"送礼纪念,日常自用","短视频平台,线下实体店",非常了解,一般,"非遗文化底蕴,小众不撞款",款式老旧,愿意,强烈支持,优化款式设计,不确定,"大漆书签,大漆钥匙扣",传统国风古风,非常介意,"颜值外观,工艺质感",一般,单品简约款,喜欢,撞色潮流色系,非常愿意,"节日礼物,纪念收藏",会，非常加分,"价格虚高,华而不实无实用性",40-60元,50元以内,可以接受小幅溢价,基本不会,一定会了解购买,"校园市集,社群团购",大幅提升,可能复购,"非遗文化科普,优惠活动福利","文具类,礼盒套装类",比较认可,希望兼顾传统工艺和日常实用性，价格可以分档。
daqi-answer-818,2026-08-06T16:01:00+08:00,男,18岁以下,职场上班族,1000-2000元,非常喜欢,每月1次,"市集/展会随手购买,日常自用",短视频平台,非常了解,非常感兴趣,手工工艺独特,"不适合日常使用,适合收藏送礼",非常愿意,强烈支持,"加强科普宣传,提升包装质感",一定会,大漆漆扇,可爱治愈风,完全接受，更有特色,工艺质感,极高,组合套装礼盒,无所谓,经典黑金红传统色,愿意,同学朋友送礼,会，非常加分,"款式同质化严重,包装简陋",20元以内,50-80元,完全不接受,一定会买,会驻足了解,"社群团购,线下实体店",小幅提升,不确定,"工艺制作短视频,市集线下体验",配饰挂件类,非常认可，环保创新,建议多做短视频展示制作过程，并在线下市集提供体验。
daqi-answer-819,2026-08-07T17:14:00+08:00,男,18-22岁,个体经营者,3500元以上,比较喜欢,几乎不买,日常自用,"校园市集,朋友推荐",完全没听过,比较感兴趣,"色泽质感高级,小众不撞款","价格昂贵,工艺精致",非常愿意,中立,"降低价格,适配日常使用",可能会,"大漆书签,文创套装礼盒",简约现代风,可以接受,"颜值外观,实用性",较高,盲盒款式,非常喜欢,莫兰迪浅色系,非常愿意,"同学朋友送礼,节日礼物",无影响,价格虚高,20-40元,120元以上,完全愿意,大概率会,一定会了解购买,线上店铺,无变化,一定会复购,高颜值产品实拍图,"桌面摆件类,礼盒套装类",非常认可，环保创新,包装可以更精致，同时附上简明的非遗文化说明卡。
daqi-answer-820,2026-08-08T18:27:00+08:00,男,31-40岁,在校学生,1000元以内,完全不感兴趣,每月多次,"收藏爱好,日常自用","短视频平台,文创展会",非常了解,一般,"非遗文化底蕴,国风颜值高",款式老旧,无所谓,强烈支持,优化款式设计,基本不会,"大漆漆扇,大漆钥匙扣",传统国风古风,完全接受，更有特色,"价格性价比,颜值外观",较低,单品简约款,喜欢,经典黑金红传统色,非常愿意,"师生赠礼,纪念收藏",会，非常加分,"华而不实无实用性,价格虚高",60元以上,50元以内,可以接受小幅溢价,一定会买,会驻足了解,"文创展会,社群团购",大幅提升,可能复购,"非遗文化科普,市集线下体验","文具类,桌面摆件类",无所谓,希望增加年轻化配色和小件礼盒，方便送礼和收藏。
daqi-answer-821,2026-08-09T09:40:00+08:00,男,18岁以下,职场上班族,1000-2000元,非常喜欢,季度1-2次,"日常自用,市集/展会随手购买",电商店铺,略有耳闻,非常感兴趣,手工工艺独特,"工艺精致,适合收藏送礼",非常愿意,支持,"降低价格,提升包装质感",一定会,大漆钥匙扣,简约现代风,可以接受,工艺质感,极高,组合套装礼盒,非常喜欢,经典黑金红传统色,随缘,同学朋友送礼,略有影响,"款式同质化严重,做工粗糙",20元以内,50-80元,完全愿意,大概率会,随缘,"线上店铺,线下实体店",小幅提升,一定会复购,"工艺制作短视频,非遗文化科普",配饰挂件类,非常认可，环保创新,希望兼顾传统工艺和日常实用性，价格可以分档。
daqi-answer-822,2026-08-10T10:53:00+08:00,女,18-22岁,其他,1000元以内,一般,每月多次,送礼纪念,"校园市集,电商店铺",非常了解,比较感兴趣,"国风颜值高,小众不撞款","价格昂贵,不适合日常使用",愿意,不支持,"优化款式设计,适配日常使用",可能会,"大漆书签,大件漆艺摆件",传统国风古风,介意，追求完美品,"颜值外观,工艺质感",较高,单品简约款,非常喜欢,撞色潮流色系,非常愿意,"节日礼物,同学朋友送礼",不在意,价格虚高,20-40元,50元以内,可以接受小幅溢价,看价格款式决定,一定会了解购买,校园市集,大幅提升,一定会复购,高颜值产品实拍图,"礼盒套装类,桌面摆件类",比较认可,建议多做短视频展示制作过程，并在线下市集提供体验。
daqi-answer-823,2026-08-11T11:06:00+08:00,男,40岁以上,在校学生,1000-2000元,非常喜欢,每月1次,"收藏爱好,市集/展会随手购买","短视频平台,电商店铺",略有耳闻,兴趣较低,"非遗文化底蕴,色泽质感高级",款式老旧,不愿意,强烈支持,适配日常使用,一定会,"大漆漆扇,大漆书签",小众艺术轻奢风,完全接受，更有特色,"价格性价比,实用性",极高,单品简约款,无所谓,经典黑金红传统色,愿意,"师生赠礼,商务小礼品",会，非常加分,"华而不实无实用性,包装简陋",20元以内,50-80元,不太接受,一定会买,会驻足了解,"文创展会,线下实体店",大幅提升,不确定,"市集线下体验,非遗文化科普","文具类,配饰挂件类",不认可,包装可以更精致，同时附上简明的非遗文化说明卡。
daqi-answer-824,2026-08-12T12:19:00+08:00,女,18岁以下,自由职业,2000-3500元,比较喜欢,季度1-2次,"日常自用,活动奖品",电商店铺,完全没听过,非常感兴趣,手工工艺独特,"价格昂贵,适合收藏送礼",非常愿意,支持,"降低价格,加强科普宣传",可能会,大件漆艺摆件,简约现代风,可以接受,文化寓意,极高,盲盒款式,非常喜欢,莫兰迪浅色系,不愿意,同学朋友送礼,略有影响,"包装简陋,做工粗糙",20-40元,80-120元,完全愿意,大概率会,一定会了解购买,"线上店铺,文创展会",无变化,一定会复购,"工艺制作短视频,高颜值产品实拍图",配饰挂件类,非常认可，环保创新,希望增加年轻化配色和小件礼盒，方便送礼和收藏。
daqi-answer-825,2026-08-13T13:32:00+08:00,男,23-30岁,在校学生,1000元以内,一般,每月多次,送礼纪念,"文创展会,短视频平台",非常了解,比较感兴趣,"非遗文化底蕴,小众不撞款","款式老旧,不适合日常使用",愿意,强烈支持,"优化款式设计,降低价格",不确定,"大漆书签,大漆钥匙扣",传统国风古风,完全接受，更有特色,"颜值外观,独特小众性",一般,单品简约款,喜欢,自然原木底色,非常愿意,"节日礼物,纪念收藏",会，非常加分,价格虚高,40-60元,50元以内,可以接受小幅溢价,一定会买,一定会了解购买,校园市集,大幅提升,可能复购,高颜值产品实拍图,"文具类,礼盒套装类",无所谓,希望兼顾传统工艺和日常实用性，价格可以分档。
daqi-answer-826,2026-08-14T14:45:00+08:00,女,18岁以下,职场上班族,1000-2000元,非常喜欢,每月1次,"活动奖品,市集/展会随手购买","短视频平台,朋友推荐",略有耳闻,非常感兴趣,"手工工艺独特,色泽质感高级",不适合日常使用,非常愿意,支持,加强科普宣传,一定会,"大漆漆扇,文创套装礼盒",简约现代风,完全接受，更有特色,"价格性价比,工艺质感",极高,组合套装礼盒,不喜欢,经典黑金红传统色,愿意,"纪念收藏,商务小礼品",略有影响,"款式同质化严重,包装简陋",20元以内,50-80元,完全愿意,一定会买,随缘,"线下实体店,文创展会",小幅提升,不会复购,"工艺制作短视频,市集线下体验","配饰挂件类,文具类",非常认可，环保创新,建议多做短视频展示制作过程，并在线下市集提供体验。
daqi-answer-827,2026-08-15T15:58:00+08:00,男,18-22岁,自由职业,1000元以内,比较喜欢,半年一次,"日常自用,收藏爱好",电商店铺,非常了解,比较感兴趣,色泽质感高级,"价格昂贵,工艺精致",愿意,中立,"降低价格,适配日常使用",可能会,大漆书签,简约现代风,介意，追求完美品,独特小众性,较高,定制专属款,非常喜欢,莫兰迪浅色系,非常愿意,同学朋友送礼,无影响,"价格虚高,做工粗糙",20-40元,50元以内,完全愿意,看价格款式决定,一定会了解购买,"线上店铺,校园市集",反而降低,一定会复购,"高颜值产品实拍图,工艺制作短视频",桌面摆件类,比较认可,包装可以更精致，同时附上简明的非遗文化说明卡。
daqi-answer-828,2026-08-16T16:11:00+08:00,女,23-30岁,在校学生,1000元以内,不太喜欢,每月多次,送礼纪念,"短视频平台,电商店铺",略有耳闻,一般,"非遗文化底蕴,国风颜值高","款式老旧,价格昂贵",无所谓,强烈支持,"优化款式设计,提升包装质感",一定会,"大漆书签,大漆漆扇",小众艺术轻奢风,完全接受，更有特色,"颜值外观,文化寓意",一般,单品简约款,喜欢,经典黑金红传统色,愿意,"师生赠礼,纪念收藏",会，非常加分,华而不实无实用性,20元以内,50元以内,不太接受,一定会买,会驻足了解,校园市集,大幅提升,不确定,非遗文化科普,"文具类,桌面摆件类",无所谓,希望增加年轻化配色和小件礼盒，方便送礼和收藏。
daqi-answer-829,2026-08-17T17:24:00+08:00,男,18岁以下,职场上班族,2000-3500元,非常喜欢,每月1次,"日常自用,市集/展会随手购买","短视频平台,校园市集",非常了解,非常感兴趣,"手工工艺独特,非遗文化底蕴",工艺精致,非常愿意,支持,降低价格,一定会,"大漆钥匙扣,文创套装礼盒",简约现代风,可以接受,"工艺质感,颜值外观",极高,组合套装礼盒,非常喜欢,莫兰迪浅色系,随缘,"同学朋友送礼,商务小礼品",略有影响,"款式同质化严重,做工粗糙",20元以内,80-120元,完全愿意,大概率会,不会关注,"线上店铺,线下实体店",无变化,一定会复购,"工艺制作短视频,非遗文化科普","配饰挂件类,定制专属类",非常认可，环保创新,希望兼顾传统工艺和日常实用性，价格可以分档。
daqi-answer-830,2026-08-18T18:37:00+08:00,女,18-22岁,个体经营者,1000元以内,比较喜欢,每月多次,"送礼纪念,收藏爱好",校园市集,非常了解,比较感兴趣,国风颜值高,"价格昂贵,不适合日常使用",愿意,强烈支持,"降低价格,优化款式设计",不确定,大漆书签,传统国风古风,非常介意,颜值外观,较高,单品简约款,喜欢,撞色潮流色系,非常愿意,节日礼物,会，非常加分,"价格虚高,款式同质化严重",40-60元,50元以内,可以接受小幅溢价,基本不会,一定会了解购买,"校园市集,线上店铺",大幅提升,可能复购,"高颜值产品实拍图,优惠活动福利",礼盒套装类,比较认可,建议多做短视频展示制作过程，并在线下市集提供体验。
daqi-answer-831,2026-08-19T09:50:00+08:00,男,31-40岁,在校学生,1000-2000元,非常喜欢,每月1次,收藏爱好,"短视频平台,朋友推荐",完全没听过,兴趣较低,"非遗文化底蕴,色泽质感高级","款式老旧,适合收藏送礼",非常愿意,强烈支持,"适配日常使用,提升包装质感",一定会,"大漆漆扇,大漆书签",可爱治愈风,完全接受，更有特色,"价格性价比,工艺质感",不看重,组合套装礼盒,无所谓,经典黑金红传统色,愿意,"师生赠礼,商务小礼品",会，非常加分,华而不实无实用性,20元以内,50-80元,完全不接受,一定会买,随缘,文创展会,小幅提升,不确定,市集线下体验,"文具类,配饰挂件类",非常认可，环保创新,包装可以更精致，同时附上简明的非遗文化说明卡。
daqi-answer-832,2026-08-20T10:03:00+08:00,女,18岁以下,职场上班族,3500元以上,比较喜欢,季度1-2次,"日常自用,活动奖品","电商店铺,短视频平台",非常了解,非常感兴趣,"手工工艺独特,小众不撞款",价格昂贵,非常愿意,中立,降低价格,可能会,"大漆钥匙扣,大件漆艺摆件",简约现代风,可以接受,"工艺质感,实用性",极高,盲盒款式,非常喜欢,莫兰迪浅色系,非常愿意,"同学朋友送礼,师生赠礼",无影响,"做工粗糙,款式同质化严重",20-40元,120元以上,完全愿意,看价格款式决定,一定会了解购买,"线上店铺,文创展会",无变化,一定会复购,"工艺制作短视频,高颜值产品实拍图","配饰挂件类,礼盒套装类",非常认可，环保创新,希望增加年轻化配色和小件礼盒，方便送礼和收藏。
daqi-answer-833,2026-08-21T11:16:00+08:00,男,18-22岁,在校学生,1000元以内,一般,每月多次,"送礼纪念,日常自用",校园市集,略有耳闻,比较感兴趣,非遗文化底蕴,"价格昂贵,款式老旧",无所谓,强烈支持,"优化款式设计,降低价格",基本不会,大漆书签,传统国风古风,完全接受，更有特色,颜值外观,一般,单品简约款,喜欢,经典黑金红传统色,非常愿意,节日礼物,会，非常加分,"价格虚高,华而不实无实用性",60元以上,50元以内,不太接受,一定会买,会驻足了解,"校园市集,社群团购",大幅提升,可能复购,"高颜值产品实拍图,市集线下体验",文具类,无所谓,希望兼顾传统工艺和日常实用性，价格可以分档。
daqi-answer-834,2026-08-22T12:29:00+08:00,女,18岁以下,职场上班族,1000-2000元,非常喜欢,每月1次,活动奖品,"短视频平台,校园市集",非常了解,非常感兴趣,"非遗文化底蕴,手工工艺独特","不适合日常使用,适合收藏送礼",非常愿意,支持,"适配日常使用,加强科普宣传",一定会,"大漆漆扇,文创套装礼盒",简约现代风,可以接受,"价格性价比,独特小众性",极高,组合套装礼盒,非常喜欢,经典黑金红传统色,随缘,"商务小礼品,师生赠礼",略有影响,华而不实无实用性,20元以内,80-120元,完全愿意,大概率会,随缘,线下实体店,小幅提升,一定会复购,工艺制作短视频,"文具类,定制专属类",非常认可，环保创新,建议多做短视频展示制作过程，并在线下市集提供体验。
daqi-answer-835,2026-08-23T13:42:00+08:00,男,18-22岁,自由职业,1000元以内,比较喜欢,半年一次,"日常自用,收藏爱好","电商店铺,朋友推荐",略有耳闻,非常感兴趣,"色泽质感高级,小众不撞款",价格昂贵,愿意,不支持,降低价格,可能会,"文创套装礼盒,大件漆艺摆件",传统国风古风,介意，追求完美品,"文化寓意,工艺质感",较高,单品简约款,非常喜欢,撞色潮流色系,非常愿意,"同学朋友送礼,节日礼物",不在意,"价格虚高,做工粗糙",40-60元,50元以内,可以接受小幅溢价,看价格款式决定,一定会了解购买,"线上店铺,校园市集",大幅提升,一定会复购,"工艺制作短视频,优惠活动福利","桌面摆件类,礼盒套装类",比较认可,包装可以更精致，同时附上简明的非遗文化说明卡。
daqi-answer-836,2026-08-24T14:55:00+08:00,男,23-30岁,在校学生,1000-2000元,不太喜欢,每月多次,"送礼纪念,市集/展会随手购买",文创展会,完全没听过,一般,非遗文化底蕴,"款式老旧,价格昂贵",不愿意,强烈支持,"优化款式设计,提升包装质感",一定会,大漆书签,小众艺术轻奢风,完全接受，更有特色,颜值外观,一般,单品简约款,无所谓,经典黑金红传统色,愿意,节日礼物,会，非常加分,"华而不实无实用性,价格虚高",20元以内,50-80元,不太接受,一定会买,会驻足了解,"校园市集,线下实体店",大幅提升,不确定,"非遗文化科普,市集线下体验",文具类,不认可,希望增加年轻化配色和小件礼盒，方便送礼和收藏。
daqi-answer-837,2026-08-25T15:08:00+08:00,男,18岁以下,职场上班族,2000-3500元,非常喜欢,每月1次,日常自用,"短视频平台,线下实体店",非常了解,非常感兴趣,"手工工艺独特,非遗文化底蕴","不适合日常使用,工艺精致",非常愿意,支持,"提升包装质感,加强科普宣传",可能会,"大漆钥匙扣,文创套装礼盒",简约现代风,可以接受,"价格性价比,文化寓意",极高,盲盒款式,非常喜欢,莫兰迪浅色系,不愿意,"同学朋友送礼,商务小礼品",无影响,款式同质化严重,20-40元,80-120元,完全愿意,大概率会,一定会了解购买,线上店铺,无变化,一定会复购,工艺制作短视频,"配饰挂件类,定制专属类",非常认可，环保创新,希望兼顾传统工艺和日常实用性，价格可以分档。
daqi-answer-838,2026-08-26T16:21:00+08:00,男,18-22岁,个体经营者,1000元以内,比较喜欢,每月多次,"日常自用,送礼纪念","电商店铺,校园市集",完全没听过,比较感兴趣,"色泽质感高级,国风颜值高",价格昂贵,愿意,强烈支持,降低价格,不确定,"大漆书签,大件漆艺摆件",传统国风古风,完全接受，更有特色,"独特小众性,工艺质感",较高,单品简约款,喜欢,自然原木底色,非常愿意,"节日礼物,同学朋友送礼",会，非常加分,"价格虚高,款式同质化严重",40-60元,50元以内,可以接受小幅溢价,一定会买,一定会了解购买,"线上店铺,社群团购",大幅提升,可能复购,"高颜值产品实拍图,优惠活动福利","桌面摆件类,配饰挂件类",无所谓,建议多做短视频展示制作过程，并在线下市集提供体验。
daqi-answer-839,2026-08-27T17:34:00+08:00,女,31-40岁,在校学生,1000-2000元,非常喜欢,每月多次,"收藏爱好,市集/展会随手购买",线下实体店,非常了解,一般,非遗文化底蕴,"款式老旧,适合收藏送礼",非常愿意,支持,"适配日常使用,提升包装质感",一定会,大漆漆扇,简约现代风,完全接受，更有特色,颜值外观,较低,组合套装礼盒,不喜欢,经典黑金红传统色,随缘,师生赠礼,略有影响,"华而不实无实用性,包装简陋",20元以内,50-80元,完全愿意,一定会买,随缘,"文创展会,线下实体店",小幅提升,不会复购,"非遗文化科普,高颜值产品实拍图",文具类,非常认可，环保创新,包装可以更精致，同时附上简明的非遗文化说明卡。
daqi-answer-840,2026-08-28T18:47:00+08:00,男,18岁以下,职场上班族,1000元以内,非常喜欢,季度1-2次,日常自用,"短视频平台,文创展会",略有耳闻,非常感兴趣,"手工工艺独特,小众不撞款","适合收藏送礼,工艺精致",愿意,中立,"降低价格,加强科普宣传",可能会,"大漆钥匙扣,大件漆艺摆件",简约现代风,介意，追求完美品,"工艺质感,价格性价比",极高,定制专属款,非常喜欢,撞色潮流色系,非常愿意,"同学朋友送礼,师生赠礼",无影响,做工粗糙,20-40元,50元以内,完全愿意,看价格款式决定,一定会了解购买,线上店铺,反而降低,一定会复购,工艺制作短视频,"配饰挂件类,礼盒套装类",比较认可,希望增加年轻化配色和小件礼盒，方便送礼和收藏。
daqi-answer-841,2026-08-01T09:00:00+08:00,女,18-22岁,在校学生,1000元以内,一般,每月多次,"送礼纪念,日常自用","校园市集,短视频平台",非常了解,比较感兴趣,"小众不撞款,国风颜值高",价格昂贵,无所谓,强烈支持,优化款式设计,一定会,"大漆书签,大漆钥匙扣",小众艺术轻奢风,完全接受，更有特色,"颜值外观,价格性价比",较高,单品简约款,无所谓,经典黑金红传统色,愿意,"节日礼物,纪念收藏",会，非常加分,"价格虚高,华而不实无实用性",20元以内,50元以内,不太接受,一定会买,会驻足了解,"校园市集,社群团购",大幅提升,不确定,"高颜值产品实拍图,市集线下体验","定制专属类,桌面摆件类",无所谓,希望兼顾传统工艺和日常实用性，价格可以分档。
daqi-answer-842,2026-08-02T10:13:00+08:00,男,18岁以下,在校学生,2000-3500元,非常喜欢,每月1次,"收藏爱好,活动奖品",短视频平台,略有耳闻,毫无兴趣,非遗文化底蕴,"不适合日常使用,适合收藏送礼",非常愿意,支持,"适配日常使用,加强科普宣传",一定会,大漆漆扇,简约现代风,可以接受,价格性价比,极高,盲盒款式,非常喜欢,莫兰迪浅色系,随缘,商务小礼品,略有影响,"华而不实无实用性,做工粗糙",20元以内,80-120元,完全愿意,大概率会,不会关注,"文创展会,校园市集",无变化,一定会复购,"优惠活动福利,非遗文化科普",文具类,非常认可，环保创新,建议多做短视频展示制作过程，并在线下市集提供体验。
daqi-answer-843,2026-08-03T11:26:00+08:00,女,18岁以下,自由职业,1000元以内,比较喜欢,季度1-2次,日常自用,"电商店铺,校园市集",完全没听过,非常感兴趣,"色泽质感高级,小众不撞款","价格昂贵,工艺精致",愿意,强烈支持,"降低价格,适配日常使用",不确定,"大件漆艺摆件,大漆钥匙扣",传统国风古风,非常介意,"工艺质感,独特小众性",较高,单品简约款,喜欢,撞色潮流色系,非常愿意,"同学朋友送礼,节日礼物",会，非常加分,价格虚高,40-60元,50元以内,可以接受小幅溢价,基本不会,一定会了解购买,线上店铺,大幅提升,可能复购,工艺制作短视频,"桌面摆件类,礼盒套装类",比较认可,包装可以更精致，同时附上简明的非遗文化说明卡。
daqi-answer-844,2026-08-04T12:39:00+08:00,男,23-30岁,在校学生,1000-2000元,一般,每月多次,"送礼纪念,市集/展会随手购买","校园市集,朋友推荐",非常了解,一般,"非遗文化底蕴,国风颜值高",款式老旧,非常愿意,强烈支持,优化款式设计,一定会,"大漆书签,大漆漆扇",可爱治愈风,完全接受，更有特色,"颜值外观,实用性",一般,组合套装礼盒,无所谓,经典黑金红传统色,愿意,"节日礼物,商务小礼品",会，非常加分,"价格虚高,包装简陋",20元以内,50-80元,完全不接受,一定会买,随缘,"校园市集,线下实体店",小幅提升,不确定,"非遗文化科普,市集线下体验","文具类,桌面摆件类",非常认可，环保创新,希望增加年轻化配色和小件礼盒，方便送礼和收藏。
daqi-answer-845,2026-08-05T13:52:00+08:00,女,18岁以下,职场上班族,3500元以上,非常喜欢,每月1次,"市集/展会随手购买,活动奖品",短视频平台,略有耳闻,非常感兴趣,手工工艺独特,"不适合日常使用,工艺精致",非常愿意,中立,"加强科普宣传,适配日常使用",可能会,大漆漆扇,简约现代风,介意，追求完美品,价格性价比,极高,盲盒款式,非常喜欢,莫兰迪浅色系,非常愿意,同学朋友送礼,无影响,"款式同质化严重,做工粗糙",20-40元,120元以上,完全愿意,看价格款式决定,一定会了解购买,"社群团购,文创展会",无变化,一定会复购,"工艺制作短视频,非遗文化科普",配饰挂件类,比较认可,希望兼顾传统工艺和日常实用性，价格可以分档。
daqi-answer-846,2026-08-06T14:05:00+08:00,男,18-22岁,自由职业,1000元以内,比较喜欢,几乎不买,日常自用,"电商店铺,线下实体店",非常了解,比较感兴趣,"色泽质感高级,国风颜值高","价格昂贵,不适合日常使用",无所谓,强烈支持,"降低价格,优化款式设计",基本不会,"大漆书签,大件漆艺摆件",小众艺术轻奢风,完全接受，更有特色,"文化寓意,实用性",较高,单品简约款,喜欢,经典黑金红传统色,非常愿意,"同学朋友送礼,纪念收藏",会，非常加分,价格虚高,60元以上,50元以内,不太接受,一定会买,会驻足了解,线上店铺,大幅提升,可能复购,高颜值产品实拍图,"桌面摆件类,配饰挂件类",无所谓,建议多做短视频展示制作过程，并在线下市集提供体验。
daqi-answer-847,2026-08-07T15:18:00+08:00,女,23-30岁,在校学生,1000-2000元,完全不感兴趣,每月多次,"收藏爱好,市集/展会随手购买","文创展会,校园市集",略有耳闻,一般,"非遗文化底蕴,色泽质感高级",款式老旧,非常愿意,支持,优化款式设计,一定会,"大漆漆扇,大漆书签",简约现代风,可以接受,"颜值外观,工艺质感",较低,组合套装礼盒,非常喜欢,经典黑金红传统色,随缘,"师生赠礼,商务小礼品",略有影响,"华而不实无实用性,包装简陋",20元以内,80-120元,完全愿意,大概率会,随缘,"文创展会,线下实体店",小幅提升,一定会复购,"非遗文化科普,高颜值产品实拍图","文具类,配饰挂件类",非常认可，环保创新,包装可以更精致，同时附上简明的非遗文化说明卡。
daqi-answer-848,2026-08-08T16:31:00+08:00,男,18岁以下,职场上班族,1000元以内,非常喜欢,季度1-2次,"日常自用,活动奖品",短视频平台,非常了解,非常感兴趣,手工工艺独特,"工艺精致,不适合日常使用",愿意,不支持,"降低价格,加强科普宣传",不确定,大漆钥匙扣,传统国风古风,介意，追求完美品,价格性价比,极高,单品简约款,非常喜欢,撞色潮流色系,非常愿意,同学朋友送礼,不在意,"款式同质化严重,华而不实无实用性",40-60元,50元以内,可以接受小幅溢价,看价格款式决定,一定会了解购买,"线上店铺,文创展会",大幅提升,可能复购,"工艺制作短视频,高颜值产品实拍图",配饰挂件类,比较认可,希望增加年轻化配色和小件礼盒，方便送礼和收藏。
daqi-answer-849,2026-08-09T17:44:00+08:00,女,18-22岁,其他,1000-2000元,一般,每月多次,送礼纪念,"电商店铺,文创展会",非常了解,比较感兴趣,"国风颜值高,色泽质感高级","价格昂贵,款式老旧",不愿意,强烈支持,"优化款式设计,降低价格",一定会,"大漆书签,大漆钥匙扣",小众艺术轻奢风,完全接受，更有特色,"实用性,工艺质感",较高,单品简约款,无所谓,经典黑金红传统色,愿意,"节日礼物,纪念收藏",会，非常加分,价格虚高,20元以内,50-80元,不太接受,一定会买,会驻足了解,校园市集,小幅提升,不确定,高颜值产品实拍图,"礼盒套装类,配饰挂件类",不认可,希望兼顾传统工艺和日常实用性，价格可以分档。
daqi-answer-850,2026-08-10T18:57:00+08:00,男,40岁以上,在校学生,2000-3500元,非常喜欢,每月1次,"收藏爱好,活动奖品","线下实体店,校园市集",完全没听过,兴趣较低,"非遗文化底蕴,手工工艺独特",款式老旧,非常愿意,中立,适配日常使用,可能会,"大漆漆扇,文创套装礼盒",简约现代风,可以接受,"颜值外观,独特小众性",极高,盲盒款式,非常喜欢,莫兰迪浅色系,不愿意,"师生赠礼,节日礼物",无影响,"华而不实无实用性,做工粗糙",20-40元,80-120元,完全愿意,大概率会,一定会了解购买,"文创展会,校园市集",无变化,一定会复购,"市集线下体验,高颜值产品实拍图","文具类,定制专属类",非常认可，环保创新,建议多做短视频展示制作过程，并在线下市集提供体验。
daqi-answer-851,2026-08-11T09:10:00+08:00,女,18岁以下,自由职业,1000元以内,比较喜欢,季度1-2次,"日常自用,收藏爱好",短视频平台,非常了解,非常感兴趣,手工工艺独特,"价格昂贵,工艺精致",无所谓,强烈支持,"降低价格,适配日常使用",不确定,大件漆艺摆件,传统国风古风,完全接受，更有特色,工艺质感,极高,单品简约款,喜欢,自然原木底色,非常愿意,同学朋友送礼,会，非常加分,"包装简陋,款式同质化严重",40-60元,50元以内,可以接受小幅溢价,一定会买,会驻足了解,"线上店铺,校园市集",大幅提升,可能复购,"工艺制作短视频,优惠活动福利",配饰挂件类,无所谓,包装可以更精致，同时附上简明的非遗文化说明卡。
daqi-answer-852,2026-08-12T10:23:00+08:00,男,23-30岁,在校学生,1000-2000元,一般,每月多次,送礼纪念,"校园市集,电商店铺",略有耳闻,比较感兴趣,"非遗文化底蕴,国风颜值高","款式老旧,价格昂贵",非常愿意,支持,"优化款式设计,提升包装质感",一定会,"大漆书签,大漆漆扇",简约现代风,完全接受，更有特色,"颜值外观,工艺质感",一般,组合套装礼盒,不喜欢,经典黑金红传统色,随缘,"节日礼物,商务小礼品",略有影响,价格虚高,20元以内,50-80元,完全愿意,大概率会,随缘,校园市集,小幅提升,不会复购,高颜值产品实拍图,"文具类,桌面摆件类",非常认可，环保创新,希望增加年轻化配色和小件礼盒，方便送礼和收藏。
daqi-answer-853,2026-08-13T11:36:00+08:00,男,18岁以下,职场上班族,1000元以内,非常喜欢,每月1次,"活动奖品,收藏爱好","短视频平台,电商店铺",非常了解,非常感兴趣,"手工工艺独特,非遗文化底蕴",不适合日常使用,愿意,中立,加强科普宣传,可能会,"大漆漆扇,大件漆艺摆件",简约现代风,介意，追求完美品,"价格性价比,实用性",极高,定制专属款,非常喜欢,撞色潮流色系,非常愿意,"纪念收藏,师生赠礼",无影响,"款式同质化严重,做工粗糙",20-40元,50元以内,可以接受小幅溢价,看价格款式决定,一定会了解购买,"线下实体店,校园市集",反而降低,一定会复购,"工艺制作短视频,非遗文化科普","文具类,礼盒套装类",比较认可,希望兼顾传统工艺和日常实用性，价格可以分档。
daqi-answer-854,2026-08-14T12:49:00+08:00,男,18-22岁,自由职业,1000元以内,比较喜欢,半年一次,"日常自用,送礼纪念",电商店铺,略有耳闻,比较感兴趣,色泽质感高级,"价格昂贵,不适合日常使用",无所谓,强烈支持,"降低价格,优化款式设计",一定会,大漆书签,小众艺术轻奢风,完全接受，更有特色,工艺质感,较高,单品简约款,无所谓,经典黑金红传统色,愿意,同学朋友送礼,会，非常加分,"价格虚高,款式同质化严重",20元以内,50-80元,不太接受,一定会买,会驻足了解,"线上店铺,社群团购",大幅提升,不确定,"工艺制作短视频,市集线下体验",桌面摆件类,无所谓,建议多做短视频展示制作过程，并在线下市集提供体验。
daqi-answer-855,2026-08-15T13:02:00+08:00,男,23-30岁,在校学生,2000-3500元,不太喜欢,每月多次,送礼纪念,"校园市集,线下实体店",完全没听过,一般,"非遗文化底蕴,色泽质感高级","款式老旧,适合收藏送礼",非常愿意,支持,"优化款式设计,加强科普宣传",一定会,"大漆书签,文创套装礼盒",简约现代风,可以接受,"颜值外观,独特小众性",一般,盲盒款式,非常喜欢,莫兰迪浅色系,随缘,"师生赠礼,商务小礼品",略有影响,华而不实无实用性,20-40元,80-120元,完全愿意,大概率会,不会关注,校园市集,无变化,一定会复购,非遗文化科普,"文具类,配饰挂件类",非常认可，环保创新,包装可以更精致，同时附上简明的非遗文化说明卡。
daqi-answer-856,2026-08-16T14:15:00+08:00,女,18岁以下,职场上班族,1000元以内,非常喜欢,每月1次,"日常自用,活动奖品","短视频平台,朋友推荐",非常了解,非常感兴趣,"手工工艺独特,小众不撞款",工艺精致,愿意,强烈支持,降低价格,不确定,"大漆钥匙扣,大件漆艺摆件",传统国风古风,非常介意,"价格性价比,工艺质感",极高,单品简约款,喜欢,撞色潮流色系,非常愿意,"同学朋友送礼,师生赠礼",会，非常加分,"款式同质化严重,华而不实无实用性",40-60元,50元以内,可以接受小幅溢价,基本不会,一定会了解购买,"线上店铺,文创展会",大幅提升,可能复购,"工艺制作短视频,高颜值产品实拍图","配饰挂件类,礼盒套装类",比较认可,希望增加年轻化配色和小件礼盒，方便送礼和收藏。
daqi-answer-857,2026-08-17T15:28:00+08:00,男,18-22岁,个体经营者,1000-2000元,比较喜欢,每月多次,"送礼纪念,日常自用",电商店铺,完全没听过,比较感兴趣,国风颜值高,"价格昂贵,款式老旧",非常愿意,强烈支持,"降低价格,提升包装质感",一定会,大漆书签,可爱治愈风,完全接受，更有特色,文化寓意,较高,组合套装礼盒,无所谓,经典黑金红传统色,愿意,节日礼物,略有影响,"价格虚高,华而不实无实用性",20元以内,50-80元,完全不接受,一定会买,随缘,"线上店铺,线下实体店",小幅提升,不确定,"高颜值产品实拍图,市集线下体验",礼盒套装类,非常认可，环保创新,希望兼顾传统工艺和日常实用性，价格可以分档。
daqi-answer-858,2026-08-18T16:41:00+08:00,女,31-40岁,在校学生,3500元以上,非常喜欢,每月1次,收藏爱好,"文创展会,朋友推荐",非常了解,兴趣较低,"非遗文化底蕴,手工工艺独特","款式老旧,工艺精致",非常愿意,中立,"适配日常使用,加强科普宣传",可能会,"大漆漆扇,文创套装礼盒",简约现代风,介意，追求完美品,"颜值外观,文化寓意",不看重,盲盒款式,非常喜欢,莫兰迪浅色系,非常愿意,"师生赠礼,节日礼物",无影响,华而不实无实用性,20-40元,120元以上,完全愿意,看价格款式决定,一定会了解购买,文创展会,无变化,一定会复购,市集线下体验,"文具类,定制专属类",比较认可,建议多做短视频展示制作过程，并在线下市集提供体验。
daqi-answer-859,2026-08-19T17:54:00+08:00,男,18岁以下,职场上班族,1000元以内,比较喜欢,季度1-2次,"日常自用,收藏爱好","短视频平台,校园市集",略有耳闻,非常感兴趣,"手工工艺独特,国风颜值高",价格昂贵,无所谓,强烈支持,降低价格,基本不会,"大漆钥匙扣,大漆漆扇",小众艺术轻奢风,完全接受，更有特色,"价格性价比,独特小众性",极高,单品简约款,喜欢,经典黑金红传统色,愿意,"同学朋友送礼,节日礼物",会，非常加分,"做工粗糙,华而不实无实用性",60元以上,50元以内,不太接受,一定会买,会驻足了解,"线上店铺,校园市集",大幅提升,可能复购,"工艺制作短视频,优惠活动福利","配饰挂件类,桌面摆件类",无所谓,包装可以更精致，同时附上简明的非遗文化说明卡。
daqi-answer-860,2026-08-20T18:07:00+08:00,女,18-22岁,在校学生,2000-3500元,一般,每月多次,"送礼纪念,市集/展会随手购买",电商店铺,非常了解,比较感兴趣,非遗文化底蕴,"价格昂贵,适合收藏送礼",非常愿意,支持,"优化款式设计,提升包装质感",一定会,大漆书签,简约现代风,可以接受,实用性,一般,组合套装礼盒,非常喜欢,莫兰迪浅色系,随缘,节日礼物,略有影响,"价格虚高,包装简陋",20元以内,80-120元,完全愿意,大概率会,随缘,"校园市集,线下实体店",小幅提升,一定会复购,"高颜值产品实拍图,非遗文化科普",文具类,非常认可，环保创新,希望增加年轻化配色和小件礼盒，方便送礼和收藏。
daqi-answer-861,2026-08-21T09:20:00+08:00,男,18岁以下,职场上班族,1000元以内,非常喜欢,每月1次,活动奖品,"朋友推荐,校园市集",略有耳闻,非常感兴趣,"非遗文化底蕴,小众不撞款","不适合日常使用,工艺精致",愿意,不支持,"适配日常使用,优化款式设计",不确定,"大漆漆扇,大件漆艺摆件",传统国风古风,介意，追求完美品,"颜值外观,价格性价比",极高,单品简约款,喜欢,撞色潮流色系,非常愿意,"商务小礼品,节日礼物",不在意,华而不实无实用性,40-60元,50元以内,可以接受小幅溢价,看价格款式决定,一定会了解购买,线下实体店,大幅提升,可能复购,工艺制作短视频,"文具类,礼盒套装类",比较认可,希望兼顾传统工艺和日常实用性，价格可以分档。
daqi-answer-862,2026-08-22T10:33:00+08:00,女,18-22岁,自由职业,1000-2000元,比较喜欢,半年一次,"日常自用,送礼纪念","短视频平台,线下实体店",完全没听过,非常感兴趣,"色泽质感高级,国风颜值高",价格昂贵,不愿意,强烈支持,降低价格,一定会,"文创套装礼盒,大漆钥匙扣",小众艺术轻奢风,完全接受，更有特色,"工艺质感,实用性",较高,组合套装礼盒,无所谓,经典黑金红传统色,愿意,"同学朋友送礼,纪念收藏",会，非常加分,"价格虚高,款式同质化严重",20元以内,50-80元,不太接受,一定会买,会驻足了解,"线上店铺,社群团购",小幅提升,不确定,"工艺制作短视频,市集线下体验","桌面摆件类,配饰挂件类",不认可,建议多做短视频展示制作过程，并在线下市集提供体验。
daqi-answer-863,2026-08-23T11:46:00+08:00,男,23-30岁,在校学生,2000-3500元,不太喜欢,每月多次,"送礼纪念,活动奖品",校园市集,非常了解,一般,非遗文化底蕴,"款式老旧,适合收藏送礼",非常愿意,中立,"优化款式设计,加强科普宣传",可能会,大漆书签,简约现代风,可以接受,颜值外观,一般,盲盒款式,非常喜欢,莫兰迪浅色系,不愿意,节日礼物,无影响,"价格虚高,做工粗糙",20-40元,80-120元,完全愿意,大概率会,一定会了解购买,"校园市集,文创展会",无变化,一定会复购,"非遗文化科普,高颜值产品实拍图",文具类,非常认可，环保创新,包装可以更精致，同时附上简明的非遗文化说明卡。
daqi-answer-864,2026-08-24T12:59:00+08:00,女,18岁以下,职场上班族,1000元以内,非常喜欢,每月1次,日常自用,"短视频平台,校园市集",略有耳闻,非常感兴趣,"手工工艺独特,小众不撞款","不适合日常使用,款式老旧",无所谓,强烈支持,"提升包装质感,适配日常使用",不确定,"大漆钥匙扣,大件漆艺摆件",传统国风古风,完全接受，更有特色,"价格性价比,独特小众性",极高,单品简约款,喜欢,自然原木底色,非常愿意,"同学朋友送礼,师生赠礼",会，非常加分,款式同质化严重,40-60元,50元以内,可以接受小幅溢价,一定会买,会驻足了解,线上店铺,大幅提升,可能复购,工艺制作短视频,"配饰挂件类,礼盒套装类",无所谓,希望增加年轻化配色和小件礼盒，方便送礼和收藏。
daqi-answer-865,2026-08-25T13:12:00+08:00,男,18-22岁,个体经营者,1000-2000元,比较喜欢,每月多次,"日常自用,市集/展会随手购买","电商店铺,朋友推荐",非常了解,比较感兴趣,"色泽质感高级,手工工艺独特",价格昂贵,非常愿意,支持,降低价格,一定会,"大漆书签,大漆钥匙扣",简约现代风,可以接受,"工艺质感,价格性价比",较高,组合套装礼盒,不喜欢,经典黑金红传统色,随缘,"同学朋友送礼,商务小礼品",略有影响,"价格虚高,华而不实无实用性",20元以内,50-80元,完全愿意,大概率会,随缘,"线上店铺,线下实体店",小幅提升,不会复购,"高颜值产品实拍图,市集线下体验","桌面摆件类,文具类",非常认可，环保创新,希望兼顾传统工艺和日常实用性，价格可以分档。
daqi-answer-866,2026-08-26T14:25:00+08:00,女,31-40岁,在校学生,1000元以内,非常喜欢,每月多次,"收藏爱好,活动奖品",校园市集,略有耳闻,一般,非遗文化底蕴,"款式老旧,工艺精致",愿意,中立,"适配日常使用,加强科普宣传",可能会,大漆漆扇,传统国风古风,介意，追求完美品,颜值外观,较低,定制专属款,非常喜欢,撞色潮流色系,非常愿意,师生赠礼,无影响,"华而不实无实用性,做工粗糙",20-40元,50元以内,可以接受小幅溢价,看价格款式决定,一定会了解购买,"文创展会,校园市集",反而降低,一定会复购,"非遗文化科普,工艺制作短视频",文具类,比较认可,建议多做短视频展示制作过程，并在线下市集提供体验。
daqi-answer-867,2026-08-27T15:38:00+08:00,男,18岁以下,职场上班族,1000元以内,非常喜欢,季度1-2次,日常自用,"短视频平台,线下实体店",非常了解,非常感兴趣,"手工工艺独特,国风颜值高","适合收藏送礼,不适合日常使用",无所谓,强烈支持,"降低价格,适配日常使用",一定会,"大漆钥匙扣,大漆漆扇",小众艺术轻奢风,完全接受，更有特色,"价格性价比,文化寓意",极高,单品简约款,无所谓,经典黑金红传统色,愿意,"同学朋友送礼,节日礼物",会，非常加分,做工粗糙,20元以内,50-80元,不太接受,一定会买,会驻足了解,线上店铺,大幅提升,不确定,工艺制作短视频,"配饰挂件类,桌面摆件类",不认可,包装可以更精致，同时附上简明的非遗文化说明卡。
daqi-answer-868,2026-08-28T16:51:00+08:00,女,18-22岁,在校学生,2000-3500元,一般,每月多次,"送礼纪念,市集/展会随手购买","电商店铺,校园市集",非常了解,比较感兴趣,"小众不撞款,色泽质感高级",价格昂贵,非常愿意,支持,优化款式设计,可能会,"大漆书签,大漆漆扇",简约现代风,可以接受,"文化寓意,颜值外观",较高,盲盒款式,非常喜欢,莫兰迪浅色系,随缘,"节日礼物,商务小礼品",略有影响,"价格虚高,包装简陋",20-40元,80-120元,完全愿意,大概率会,不会关注,"校园市集,线下实体店",无变化,一定会复购,"高颜值产品实拍图,非遗文化科普","定制专属类,配饰挂件类",非常认可，环保创新,希望增加年轻化配色和小件礼盒，方便送礼和收藏。
daqi-answer-869,2026-08-01T17:04:00+08:00,男,18岁以下,在校学生,1000元以内,非常喜欢,每月1次,"收藏爱好,送礼纪念",文创展会,完全没听过,毫无兴趣,非遗文化底蕴,"不适合日常使用,工艺精致",愿意,强烈支持,"适配日常使用,优化款式设计",不确定,大漆漆扇,传统国风古风,非常介意,颜值外观,极高,单品简约款,喜欢,撞色潮流色系,非常愿意,商务小礼品,会，非常加分,"华而不实无实用性,款式同质化严重",40-60元,50元以内,可以接受小幅溢价,基本不会,一定会了解购买,"文创展会,线上店铺",大幅提升,可能复购,"优惠活动福利,高颜值产品实拍图",文具类,比较认可,希望兼顾传统工艺和日常实用性，价格可以分档。
daqi-answer-870,2026-08-02T18:17:00+08:00,男,18岁以下,自由职业,1000-2000元,比较喜欢,季度1-2次,日常自用,"短视频平台,文创展会",非常了解,非常感兴趣,"色泽质感高级,国风颜值高","价格昂贵,不适合日常使用",非常愿意,支持,"降低价格,优化款式设计",一定会,"大件漆艺摆件,大漆漆扇",可爱治愈风,完全接受，更有特色,"价格性价比,颜值外观",极高,组合套装礼盒,无所谓,经典黑金红传统色,愿意,"同学朋友送礼,纪念收藏",略有影响,价格虚高,20元以内,50-80元,完全不接受,一定会买,随缘,线上店铺,小幅提升,不会复购,工艺制作短视频,"桌面摆件类,配饰挂件类",非常认可，环保创新,建议多做短视频展示制作过程，并在线下市集提供体验。
daqi-answer-871,2026-08-03T09:30:00+08:00,男,23-30岁,在校学生,3500元以上,一般,每月多次,"送礼纪念,活动奖品","电商店铺,线下实体店",略有耳闻,一般,"非遗文化底蕴,色泽质感高级",款式老旧,愿意,中立,优化款式设计,可能会,"大漆书签,文创套装礼盒",简约现代风,介意，追求完美品,"实用性,独特小众性",一般,盲盒款式,非常喜欢,莫兰迪浅色系,非常愿意,"节日礼物,师生赠礼",无影响,"价格虚高,做工粗糙",20-40元,120元以上,完全愿意,看价格款式决定,一定会了解购买,"校园市集,文创展会",反而降低,一定会复购,"非遗文化科普,高颜值产品实拍图","文具类,配饰挂件类",比较认可,包装可以更精致，同时附上简明的非遗文化说明卡。
daqi-answer-872,2026-08-04T10:43:00+08:00,男,18岁以下,职场上班族,1000元以内,非常喜欢,每月1次,"市集/展会随手购买,收藏爱好",朋友推荐,非常了解,非常感兴趣,手工工艺独特,"不适合日常使用,款式老旧",无所谓,强烈支持,"加强科普宣传,优化款式设计",基本不会,大漆漆扇,小众艺术轻奢风,完全接受，更有特色,颜值外观,极高,单品简约款,喜欢,经典黑金红传统色,愿意,同学朋友送礼,会，非常加分,"款式同质化严重,华而不实无实用性",60元以上,50元以内,不太接受,一定会买,会驻足了解,"社群团购,校园市集",大幅提升,可能复购,"工艺制作短视频,高颜值产品实拍图",配饰挂件类,无所谓,希望增加年轻化配色和小件礼盒，方便送礼和收藏。
daqi-answer-873,2026-08-05T11:56:00+08:00,女,18-22岁,自由职业,2000-3500元,比较喜欢,几乎不买,日常自用,"短视频平台,电商店铺",略有耳闻,比较感兴趣,"色泽质感高级,手工工艺独特","价格昂贵,款式老旧",非常愿意,支持,"降低价格,提升包装质感",一定会,"大漆书签,大漆钥匙扣",简约现代风,可以接受,"价格性价比,实用性",较高,组合套装礼盒,非常喜欢,莫兰迪浅色系,随缘,"同学朋友送礼,商务小礼品",略有影响,价格虚高,20元以内,80-120元,完全愿意,大概率会,不会关注,线上店铺,小幅提升,一定会复购,高颜值产品实拍图,"桌面摆件类,文具类",非常认可，环保创新,希望兼顾传统工艺和日常实用性，价格可以分档。
daqi-answer-874,2026-08-06T12:09:00+08:00,男,23-30岁,在校学生,1000元以内,完全不感兴趣,每月多次,"收藏爱好,活动奖品","校园市集,朋友推荐",完全没听过,一般,"非遗文化底蕴,手工工艺独特",款式老旧,愿意,不支持,优化款式设计,不确定,"大漆书签,大件漆艺摆件",传统国风古风,介意，追求完美品,"颜值外观,实用性",较低,单品简约款,喜欢,撞色潮流色系,非常愿意,"师生赠礼,节日礼物",不在意,"华而不实无实用性,做工粗糙",40-60元,50元以内,可以接受小幅溢价,基本不会,一定会了解购买,"文创展会,校园市集",大幅提升,可能复购,"非遗文化科普,工艺制作短视频","文具类,定制专属类",比较认可,建议多做短视频展示制作过程，并在线下市集提供体验。
daqi-answer-875,2026-08-07T13:22:00+08:00,女,18岁以下,职场上班族,1000-2000元,非常喜欢,季度1-2次,"日常自用,收藏爱好",短视频平台,非常了解,非常感兴趣,手工工艺独特,"工艺精致,款式老旧",不愿意,强烈支持,"降低价格,适配日常使用",一定会,大漆钥匙扣,小众艺术轻奢风,完全接受，更有特色,颜值外观,极高,组合套装礼盒,无所谓,经典黑金红传统色,愿意,同学朋友送礼,会，非常加分,"款式同质化严重,价格虚高",20元以内,50-80元,完全不接受,一定会买,会驻足了解,"线上店铺,校园市集",小幅提升,不确定,"工艺制作短视频,优惠活动福利",配饰挂件类,非常认可，环保创新,包装可以更精致，同时附上简明的非遗文化说明卡。
daqi-answer-876,2026-08-08T14:35:00+08:00,男,18-22岁,其他,2000-3500元,一般,每月多次,送礼纪念,"电商店铺,线下实体店",完全没听过,比较感兴趣,"国风颜值高,手工工艺独特","价格昂贵,适合收藏送礼",非常愿意,中立,"降低价格,加强科普宣传",可能会,"大漆书签,大漆漆扇",简约现代风,可以接受,"工艺质感,文化寓意",较高,盲盒款式,非常喜欢,莫兰迪浅色系,不愿意,"节日礼物,商务小礼品",无影响,价格虚高,20-40元,120元以上,完全愿意,大概率会,一定会了解购买,校园市集,无变化,一定会复购,高颜值产品实拍图,"礼盒套装类,文具类",非常认可，环保创新,希望增加年轻化配色和小件礼盒，方便送礼和收藏。
daqi-answer-877,2026-08-09T15:48:00+08:00,女,40岁以上,在校学生,1000元以内,非常喜欢,每月1次,"收藏爱好,送礼纪念","校园市集,电商店铺",非常了解,兴趣较低,"非遗文化底蕴,小众不撞款",款式老旧,无所谓,强烈支持,适配日常使用,不确定,"大漆漆扇,大件漆艺摆件",传统国风古风,完全接受，更有特色,"颜值外观,工艺质感",极高,单品简约款,喜欢,自然原木底色,非常愿意,"师生赠礼,同学朋友送礼",会，非常加分,"华而不实无实用性,款式同质化严重",60元以上,50元以内,可以接受小幅溢价,一定会买,会驻足了解,"文创展会,线上店铺",大幅提升,可能复购,"市集线下体验,工艺制作短视频","文具类,礼盒套装类",无所谓,希望兼顾传统工艺和日常实用性，价格可以分档。
daqi-answer-878,2026-08-10T16:01:00+08:00,男,18岁以下,自由职业,1000-2000元,比较喜欢,季度1-2次,"日常自用,送礼纪念",短视频平台,略有耳闻,非常感兴趣,手工工艺独特,"价格昂贵,不适合日常使用",非常愿意,支持,"降低价格,优化款式设计",一定会,大件漆艺摆件,简约现代风,可以接受,价格性价比,极高,组合套装礼盒,不喜欢,经典黑金红传统色,随缘,同学朋友送礼,略有影响,"包装简陋,华而不实无实用性",20元以内,50-80元,完全愿意,大概率会,随缘,"线上店铺,社群团购",小幅提升,一定会复购,"工艺制作短视频,市集线下体验",配饰挂件类,非常认可，环保创新,建议多做短视频展示制作过程，并在线下市集提供体验。
daqi-answer-879,2026-08-11T17:14:00+08:00,女,23-30岁,在校学生,1000元以内,一般,每月多次,送礼纪念,"电商店铺,文创展会",非常了解,比较感兴趣,"非遗文化底蕴,色泽质感高级","价格昂贵,工艺精致",愿意,中立,"优化款式设计,加强科普宣传",可能会,"大漆书签,文创套装礼盒",传统国风古风,介意，追求完美品,"工艺质感,颜值外观",一般,定制专属款,非常喜欢,撞色潮流色系,非常愿意,"节日礼物,师生赠礼",不在意,价格虚高,20-40元,50元以内,可以接受小幅溢价,看价格款式决定,一定会了解购买,校园市集,大幅提升,一定会复购,高颜值产品实拍图,"文具类,配饰挂件类",比较认可,包装可以更精致，同时附上简明的非遗文化说明卡。
daqi-answer-880,2026-08-12T18:27:00+08:00,男,18岁以下,职场上班族,1000-2000元,非常喜欢,每月1次,"活动奖品,送礼纪念","文创展会,短视频平台",略有耳闻,非常感兴趣,"非遗文化底蕴,国风颜值高",不适合日常使用,无所谓,强烈支持,加强科普宣传,一定会,"大漆漆扇,大漆钥匙扣",小众艺术轻奢风,完全接受，更有特色,"颜值外观,独特小众性",极高,单品简约款,无所谓,经典黑金红传统色,愿意,"纪念收藏,节日礼物",会，非常加分,"款式同质化严重,华而不实无实用性",20元以内,50-80元,不太接受,一定会买,会驻足了解,"线下实体店,线上店铺",大幅提升,不确定,"工艺制作短视频,高颜值产品实拍图","文具类,桌面摆件类",不认可,希望增加年轻化配色和小件礼盒，方便送礼和收藏。
daqi-answer-881,2026-08-13T09:40:00+08:00,女,18-22岁,自由职业,2000-3500元,比较喜欢,半年一次,"日常自用,市集/展会随手购买",短视频平台,完全没听过,非常感兴趣,色泽质感高级,"价格昂贵,款式老旧",非常愿意,支持,"降低价格,提升包装质感",可能会,大漆书签,简约现代风,可以接受,价格性价比,较高,盲盒款式,非常喜欢,莫兰迪浅色系,不愿意,同学朋友送礼,略有影响,"价格虚高,华而不实无实用性",20-40元,80-120元,完全愿意,大概率会,一定会了解购买,"线上店铺,线下实体店",无变化,一定会复购,"工艺制作短视频,非遗文化科普",桌面摆件类,非常认可，环保创新,希望兼顾传统工艺和日常实用性，价格可以分档。
daqi-answer-882,2026-08-14T10:53:00+08:00,男,23-30岁,在校学生,1000元以内,不太喜欢,每月多次,送礼纪念,"电商店铺,短视频平台",非常了解,一般,"非遗文化底蕴,手工工艺独特","款式老旧,工艺精致",愿意,强烈支持,"优化款式设计,适配日常使用",不确定,"大漆书签,大件漆艺摆件",传统国风古风,非常介意,"实用性,颜值外观",一般,单品简约款,喜欢,自然原木底色,非常愿意,"师生赠礼,节日礼物",会，非常加分,华而不实无实用性,40-60元,50元以内,可以接受小幅溢价,一定会买,一定会了解购买,校园市集,大幅提升,可能复购,非遗文化科普,"文具类,定制专属类",比较认可,建议多做短视频展示制作过程，并在线下市集提供体验。
daqi-answer-883,2026-08-15T11:06:00+08:00,女,18岁以下,职场上班族,1000-2000元,非常喜欢,每月1次,"日常自用,收藏爱好","朋友推荐,线下实体店",略有耳闻,非常感兴趣,"手工工艺独特,国风颜值高",工艺精致,非常愿意,支持,降低价格,一定会,"大漆钥匙扣,大漆漆扇",可爱治愈风,完全接受，更有特色,"颜值外观,文化寓意",极高,组合套装礼盒,不喜欢,经典黑金红传统色,愿意,"同学朋友送礼,节日礼物",略有影响,"款式同质化严重,价格虚高",20元以内,50-80元,完全愿意,一定会买,随缘,"线上店铺,校园市集",小幅提升,不会复购,"工艺制作短视频,优惠活动福利","配饰挂件类,桌面摆件类",非常认可，环保创新,包装可以更精致，同时附上简明的非遗文化说明卡。
daqi-answer-884,2026-08-16T12:19:00+08:00,男,18-22岁,个体经营者,3500元以上,比较喜欢,每月多次,"日常自用,活动奖品",短视频平台,非常了解,比较感兴趣,国风颜值高,"价格昂贵,适合收藏送礼",愿意,中立,"降低价格,加强科普宣传",可能会,大漆书签,简约现代风,介意，追求完美品,价格性价比,较高,定制专属款,非常喜欢,莫兰迪浅色系,非常愿意,节日礼物,无影响,"价格虚高,包装简陋",20-40元,50元以内,完全愿意,看价格款式决定,一定会了解购买,"线上店铺,文创展会",反而降低,一定会复购,"高颜值产品实拍图,非遗文化科普",礼盒套装类,比较认可,希望增加年轻化配色和小件礼盒，方便送礼和收藏。
daqi-answer-885,2026-08-17T13:32:00+08:00,女,31-40岁,在校学生,1000元以内,非常喜欢,每月多次,收藏爱好,"电商店铺,朋友推荐",略有耳闻,兴趣较低,"非遗文化底蕴,小众不撞款","款式老旧,不适合日常使用",无所谓,强烈支持,"适配日常使用,优化款式设计",基本不会,"大漆漆扇,大件漆艺摆件",小众艺术轻奢风,完全接受，更有特色,"颜值外观,独特小众性",不看重,单品简约款,喜欢,经典黑金红传统色,愿意,"师生赠礼,同学朋友送礼",会，非常加分,华而不实无实用性,20元以内,50元以内,不太接受,一定会买,会驻足了解,文创展会,大幅提升,可能复购,市集线下体验,"文具类,礼盒套装类",无所谓,希望兼顾传统工艺和日常实用性，价格可以分档。
daqi-answer-886,2026-08-18T14:45:00+08:00,男,18岁以下,职场上班族,2000-3500元,非常喜欢,季度1-2次,"日常自用,送礼纪念","短视频平台,朋友推荐",非常了解,非常感兴趣,"手工工艺独特,色泽质感高级",价格昂贵,非常愿意,支持,降低价格,一定会,"大漆钥匙扣,大漆书签",简约现代风,可以接受,"颜值外观,价格性价比",极高,组合套装礼盒,非常喜欢,莫兰迪浅色系,随缘,"同学朋友送礼,纪念收藏",略有影响,"做工粗糙,价格虚高",20元以内,80-120元,完全愿意,大概率会,不会关注,"线上店铺,社群团购",小幅提升,一定会复购,"工艺制作短视频,市集线下体验","配饰挂件类,文具类",非常认可，环保创新,建议多做短视频展示制作过程，并在线下市集提供体验。
daqi-answer-887,2026-08-19T15:58:00+08:00,男,18-22岁,在校学生,1000元以内,一般,每月多次,"送礼纪念,活动奖品",短视频平台,非常了解,比较感兴趣,非遗文化底蕴,"价格昂贵,工艺精致",愿意,不支持,"优化款式设计,加强科普宣传",不确定,大漆书签,传统国风古风,非常介意,工艺质感,一般,单品简约款,喜欢,撞色潮流色系,非常愿意,节日礼物,会，非常加分,"价格虚高,做工粗糙",40-60元,50元以内,可以接受小幅溢价,基本不会,一定会了解购买,"校园市集,文创展会",大幅提升,可能复购,"高颜值产品实拍图,工艺制作短视频",定制专属类,比较认可,包装可以更精致，同时附上简明的非遗文化说明卡。
daqi-answer-888,2026-08-20T16:11:00+08:00,男,18岁以下,在校学生,1000-2000元,非常喜欢,每月1次,活动奖品,"校园市集,文创展会",完全没听过,非常感兴趣,"非遗文化底蕴,国风颜值高","不适合日常使用,款式老旧",不愿意,强烈支持,"适配日常使用,降低价格",一定会,"大漆漆扇,大漆钥匙扣",可爱治愈风,完全接受，更有特色,"颜值外观,文化寓意",极高,组合套装礼盒,无所谓,经典黑金红传统色,愿意,"商务小礼品,同学朋友送礼",会，非常加分,华而不实无实用性,20元以内,50-80元,完全不接受,一定会买,会驻足了解,线下实体店,小幅提升,不确定,优惠活动福利,"文具类,桌面摆件类",非常认可，环保创新,希望增加年轻化配色和小件礼盒，方便送礼和收藏。
daqi-answer-889,2026-08-21T17:24:00+08:00,男,18岁以下,自由职业,2000-3500元,比较喜欢,半年一次,"日常自用,市集/展会随手购买","短视频平台,校园市集",非常了解,非常感兴趣,"色泽质感高级,手工工艺独特",价格昂贵,非常愿意,中立,降低价格,可能会,"文创套装礼盒,大漆漆扇",简约现代风,可以接受,"价格性价比,独特小众性",较高,盲盒款式,非常喜欢,莫兰迪浅色系,非常愿意,"同学朋友送礼,商务小礼品",无影响,"价格虚高,华而不实无实用性",20-40元,120元以上,完全愿意,大概率会,一定会了解购买,"线上店铺,线下实体店",无变化,一定会复购,"工艺制作短视频,非遗文化科普","桌面摆件类,文具类",非常认可，环保创新,希望兼顾传统工艺和日常实用性，价格可以分档。
daqi-answer-890,2026-08-22T18:37:00+08:00,男,23-30岁,在校学生,1000元以内,不太喜欢,每月多次,"送礼纪念,收藏爱好",电商店铺,略有耳闻,一般,非遗文化底蕴,"款式老旧,工艺精致",无所谓,强烈支持,"优化款式设计,适配日常使用",基本不会,大漆书签,传统国风古风,完全接受，更有特色,工艺质感,一般,单品简约款,喜欢,经典黑金红传统色,非常愿意,节日礼物,会，非常加分,"价格虚高,款式同质化严重",60元以上,50元以内,可以接受小幅溢价,一定会买,会驻足了解,"校园市集,线上店铺",大幅提升,可能复购,"非遗文化科普,工艺制作短视频",文具类,无所谓,建议多做短视频展示制作过程，并在线下市集提供体验。
daqi-answer-891,2026-08-23T09:50:00+08:00,男,18岁以下,职场上班族,1000-2000元,非常喜欢,每月1次,日常自用,"校园市集,短视频平台",非常了解,非常感兴趣,"手工工艺独特,国风颜值高","不适合日常使用,价格昂贵",非常愿意,支持,"提升包装质感,优化款式设计",一定会,"大漆钥匙扣,大漆漆扇",简约现代风,可以接受,"颜值外观,价格性价比",极高,组合套装礼盒,非常喜欢,经典黑金红传统色,随缘,"同学朋友送礼,节日礼物",略有影响,款式同质化严重,20元以内,50-80元,完全愿意,大概率会,随缘,社群团购,小幅提升,一定会复购,工艺制作短视频,"配饰挂件类,桌面摆件类",非常认可，环保创新,包装可以更精致，同时附上简明的非遗文化说明卡。
daqi-answer-892,2026-08-24T10:03:00+08:00,女,18-22岁,个体经营者,1000元以内,比较喜欢,每月多次,"日常自用,活动奖品","短视频平台,线下实体店",略有耳闻,比较感兴趣,"色泽质感高级,非遗文化底蕴",价格昂贵,愿意,不支持,降低价格,可能会,"大漆书签,大漆漆扇",传统国风古风,介意，追求完美品,"价格性价比,文化寓意",较高,单品简约款,非常喜欢,撞色潮流色系,非常愿意,"同学朋友送礼,师生赠礼",不在意,"价格虚高,包装简陋",20-40元,50元以内,可以接受小幅溢价,看价格款式决定,一定会了解购买,"线上店铺,文创展会",大幅提升,一定会复购,"高颜值产品实拍图,非遗文化科普","桌面摆件类,定制专属类",比较认可,希望增加年轻化配色和小件礼盒，方便送礼和收藏。
daqi-answer-893,2026-08-25T11:16:00+08:00,男,31-40岁,在校学生,1000-2000元,非常喜欢,每月多次,"收藏爱好,送礼纪念",电商店铺,完全没听过,一般,非遗文化底蕴,"款式老旧,不适合日常使用",不愿意,强烈支持,"适配日常使用,优化款式设计",一定会,大漆漆扇,小众艺术轻奢风,完全接受，更有特色,文化寓意,较低,单品简约款,无所谓,经典黑金红传统色,愿意,师生赠礼,会，非常加分,"华而不实无实用性,款式同质化严重",20元以内,50-80元,不太接受,一定会买,会驻足了解,"文创展会,线上店铺",大幅提升,不确定,"非遗文化科普,优惠活动福利",文具类,不认可,希望兼顾传统工艺和日常实用性，价格可以分档。
daqi-answer-894,2026-08-26T12:29:00+08:00,女,18岁以下,职场上班族,2000-3500元,非常喜欢,季度1-2次,日常自用,"朋友推荐,短视频平台",非常了解,非常感兴趣,"手工工艺独特,色泽质感高级","适合收藏送礼,款式老旧",非常愿意,支持,"降低价格,优化款式设计",可能会,"大漆钥匙扣,大漆书签",简约现代风,可以接受,"颜值外观,实用性",极高,盲盒款式,非常喜欢,莫兰迪浅色系,不愿意,"同学朋友送礼,纪念收藏",略有影响,做工粗糙,20-40元,80-120元,完全愿意,大概率会,一定会了解购买,线上店铺,无变化,一定会复购,工艺制作短视频,"配饰挂件类,文具类",非常认可，环保创新,建议多做短视频展示制作过程，并在线下市集提供体验。
daqi-answer-895,2026-08-27T13:42:00+08:00,男,18-22岁,在校学生,1000元以内,一般,每月多次,"送礼纪念,活动奖品","短视频平台,文创展会",完全没听过,比较感兴趣,"小众不撞款,手工工艺独特",价格昂贵,愿意,强烈支持,优化款式设计,不确定,"大漆书签,文创套装礼盒",传统国风古风,完全接受，更有特色,"价格性价比,颜值外观",较高,单品简约款,喜欢,自然原木底色,非常愿意,"节日礼物,师生赠礼",会，非常加分,"价格虚高,做工粗糙",40-60元,50元以内,可以接受小幅溢价,一定会买,一定会了解购买,"校园市集,文创展会",大幅提升,可能复购,"高颜值产品实拍图,工艺制作短视频","礼盒套装类,定制专属类",比较认可,包装可以更精致，同时附上简明的非遗文化说明卡。
daqi-answer-896,2026-08-28T14:55:00+08:00,女,18岁以下,在校学生,1000-2000元,非常喜欢,每月1次,"收藏爱好,日常自用",电商店铺,非常了解,毫无兴趣,非遗文化底蕴,"不适合日常使用,款式老旧",非常愿意,支持,"适配日常使用,降低价格",一定会,大漆漆扇,简约现代风,完全接受，更有特色,颜值外观,极高,组合套装礼盒,不喜欢,经典黑金红传统色,愿意,商务小礼品,略有影响,"华而不实无实用性,价格虚高",20元以内,50-80元,完全愿意,一定会买,随缘,"文创展会,社群团购",小幅提升,不会复购,"市集线下体验,优惠活动福利",文具类,非常认可，环保创新,希望增加年轻化配色和小件礼盒，方便送礼和收藏。
daqi-answer-897,2026-08-01T15:08:00+08:00,男,18岁以下,自由职业,3500元以上,比较喜欢,季度1-2次,日常自用,"短视频平台,线下实体店",略有耳闻,非常感兴趣,"色泽质感高级,手工工艺独特","价格昂贵,款式老旧",愿意,中立,"降低价格,提升包装质感",可能会,"大件漆艺摆件,大漆书签",简约现代风,介意，追求完美品,"颜值外观,工艺质感",极高,定制专属款,非常喜欢,莫兰迪浅色系,非常愿意,"同学朋友送礼,商务小礼品",无影响,包装简陋,20-40元,50元以内,完全愿意,看价格款式决定,一定会了解购买,线上店铺,反而降低,一定会复购,工艺制作短视频,"配饰挂件类,定制专属类",比较认可,希望兼顾传统工艺和日常实用性，价格可以分档。
daqi-answer-898,2026-08-02T16:21:00+08:00,女,23-30岁,在校学生,1000元以内,一般,每月多次,"送礼纪念,收藏爱好","短视频平台,电商店铺",非常了解,一般,"非遗文化底蕴,手工工艺独特",款式老旧,无所谓,强烈支持,优化款式设计,一定会,"大漆书签,大件漆艺摆件",小众艺术轻奢风,完全接受，更有特色,"工艺质感,独特小众性",一般,单品简约款,喜欢,经典黑金红传统色,愿意,"节日礼物,同学朋友送礼",会，非常加分,"价格虚高,款式同质化严重",20元以内,50元以内,不太接受,一定会买,会驻足了解,"校园市集,线上店铺",大幅提升,可能复购,"高颜值产品实拍图,优惠活动福利","文具类,定制专属类",无所谓,建议多做短视频展示制作过程，并在线下市集提供体验。
daqi-answer-899,2026-08-03T17:34:00+08:00,男,18岁以下,职场上班族,2000-3500元,非常喜欢,每月1次,"市集/展会随手购买,送礼纪念",校园市集,略有耳闻,非常感兴趣,手工工艺独特,"不适合日常使用,价格昂贵",非常愿意,支持,"加强科普宣传,降低价格",一定会,大漆漆扇,简约现代风,可以接受,颜值外观,极高,组合套装礼盒,非常喜欢,莫兰迪浅色系,随缘,纪念收藏,略有影响,"款式同质化严重,价格虚高",20元以内,80-120元,完全愿意,大概率会,不会关注,"线下实体店,社群团购",小幅提升,一定会复购,"工艺制作短视频,优惠活动福利",配饰挂件类,非常认可，环保创新,包装可以更精致，同时附上简明的非遗文化说明卡。
daqi-answer-900,2026-08-04T18:47:00+08:00,女,18-22岁,自由职业,1000元以内,比较喜欢,几乎不买,日常自用,"短视频平台,文创展会",完全没听过,比较感兴趣,"色泽质感高级,非遗文化底蕴","价格昂贵,适合收藏送礼",愿意,强烈支持,"降低价格,加强科普宣传",不确定,"大漆书签,大漆漆扇",传统国风古风,非常介意,"价格性价比,颜值外观",较高,单品简约款,喜欢,撞色潮流色系,非常愿意,"同学朋友送礼,师生赠礼",会，非常加分,价格虚高,40-60元,50元以内,可以接受小幅溢价,基本不会,一定会了解购买,线上店铺,大幅提升,可能复购,高颜值产品实拍图,"桌面摆件类,定制专属类",比较认可,希望增加年轻化配色和小件礼盒，方便送礼和收藏。
daqi-answer-901,2026-08-05T09:00:00+08:00,男,23-30岁,在校学生,1000-2000元,完全不感兴趣,每月多次,"收藏爱好,送礼纪念","电商店铺,线下实体店",非常了解,一般,"非遗文化底蕴,小众不撞款",款式老旧,非常愿意,强烈支持,优化款式设计,一定会,"大漆书签,大漆钥匙扣",可爱治愈风,完全接受，更有特色,"工艺质感,文化寓意",较低,组合套装礼盒,无所谓,经典黑金红传统色,愿意,"师生赠礼,同学朋友送礼",会，非常加分,"华而不实无实用性,款式同质化严重",20元以内,50-80元,完全不接受,一定会买,会驻足了解,"校园市集,社群团购",小幅提升,不确定,"非遗文化科普,优惠活动福利","文具类,礼盒套装类",非常认可，环保创新,希望兼顾传统工艺和日常实用性，价格可以分档。
daqi-answer-902,2026-08-06T10:13:00+08:00,女,18岁以下,职场上班族,3500元以上,非常喜欢,季度1-2次,"日常自用,送礼纪念",校园市集,略有耳闻,非常感兴趣,手工工艺独特,"工艺精致,价格昂贵",非常愿意,中立,"降低价格,优化款式设计",可能会,大漆钥匙扣,简约现代风,可以接受,颜值外观,极高,盲盒款式,非常喜欢,莫兰迪浅色系,非常愿意,同学朋友送礼,无影响,"款式同质化严重,包装简陋",20-40元,120元以上,完全愿意,大概率会,一定会了解购买,"线上店铺,社群团购",无变化,一定会复购,"工艺制作短视频,市集线下体验",配饰挂件类,非常认可，环保创新,建议多做短视频展示制作过程，并在线下市集提供体验。
daqi-answer-903,2026-08-07T11:26:00+08:00,男,18-22岁,其他,1000元以内,一般,每月多次,送礼纪念,"短视频平台,电商店铺",非常了解,比较感兴趣,"国风颜值高,非遗文化底蕴","价格昂贵,工艺精致",无所谓,强烈支持,"降低价格,适配日常使用",基本不会,"大漆书签,文创套装礼盒",传统国风古风,完全接受，更有特色,"价格性价比,实用性",较高,单品简约款,喜欢,经典黑金红传统色,非常愿意,"节日礼物,师生赠礼",会，非常加分,价格虚高,60元以上,50元以内,可以接受小幅溢价,一定会买,会驻足了解,校园市集,大幅提升,可能复购,高颜值产品实拍图,"礼盒套装类,定制专属类",无所谓,包装可以更精致，同时附上简明的非遗文化说明卡。
daqi-answer-904,2026-08-08T12:39:00+08:00,女,40岁以上,在校学生,1000-2000元,非常喜欢,每月1次,"收藏爱好,日常自用","电商店铺,文创展会",略有耳闻,兴趣较低,"非遗文化底蕴,国风颜值高",款式老旧,非常愿意,支持,适配日常使用,一定会,"大漆漆扇,大漆钥匙扣",简约现代风,可以接受,"文化寓意,价格性价比",不看重,组合套装礼盒,非常喜欢,经典黑金红传统色,随缘,"师生赠礼,纪念收藏",略有影响,"华而不实无实用性,价格虚高",20元以内,50-80元,完全愿意,大概率会,随缘,"文创展会,社群团购",小幅提升,一定会复购,"市集线下体验,优惠活动福利","文具类,桌面摆件类",非常认可，环保创新,希望增加年轻化配色和小件礼盒，方便送礼和收藏。
daqi-answer-905,2026-08-09T13:52:00+08:00,男,18岁以下,自由职业,1000元以内,比较喜欢,季度1-2次,"日常自用,市集/展会随手购买",文创展会,非常了解,非常感兴趣,手工工艺独特,"价格昂贵,款式老旧",愿意,不支持,"降低价格,提升包装质感",可能会,大件漆艺摆件,传统国风古风,介意，追求完美品,颜值外观,极高,单品简约款,非常喜欢,撞色潮流色系,非常愿意,同学朋友送礼,不在意,"做工粗糙,包装简陋",20-40元,50元以内,可以接受小幅溢价,看价格款式决定,一定会了解购买,"线上店铺,线下实体店",大幅提升,一定会复购,"工艺制作短视频,非遗文化科普",配饰挂件类,比较认可,希望兼顾传统工艺和日常实用性，价格可以分档。
daqi-answer-906,2026-08-10T14:05:00+08:00,男,23-30岁,在校学生,1000-2000元,一般,每月多次,送礼纪念,"短视频平台,朋友推荐",非常了解,比较感兴趣,"非遗文化底蕴,手工工艺独特","价格昂贵,不适合日常使用",不愿意,强烈支持,"优化款式设计,适配日常使用",一定会,"大漆书签,大件漆艺摆件",小众艺术轻奢风,完全接受，更有特色,"价格性价比,工艺质感",一般,单品简约款,无所谓,经典黑金红传统色,愿意,"节日礼物,同学朋友送礼",会，非常加分,价格虚高,20元以内,50-80元,不太接受,一定会买,会驻足了解,校园市集,大幅提升,不确定,高颜值产品实拍图,"文具类,定制专属类",不认可,建议多做短视频展示制作过程，并在线下市集提供体验。
daqi-answer-907,2026-08-11T15:18:00+08:00,男,18岁以下,职场上班族,2000-3500元,非常喜欢,每月1次,"活动奖品,日常自用","电商店铺,短视频平台",完全没听过,非常感兴趣,"非遗文化底蕴,色泽质感高级",不适合日常使用,非常愿意,支持,加强科普宣传,可能会,"大漆漆扇,大漆书签",简约现代风,可以接受,"颜值外观,工艺质感",极高,盲盒款式,非常喜欢,莫兰迪浅色系,不愿意,"商务小礼品,纪念收藏",略有影响,"华而不实无实用性,包装简陋",20-40元,80-120元,完全愿意,大概率会,一定会了解购买,"线下实体店,社群团购",无变化,一定会复购,"工艺制作短视频,优惠活动福利","文具类,配饰挂件类",非常认可，环保创新,包装可以更精致，同时附上简明的非遗文化说明卡。
daqi-answer-908,2026-08-12T16:31:00+08:00,男,18-22岁,自由职业,1000元以内,比较喜欢,半年一次,"日常自用,活动奖品",短视频平台,非常了解,非常感兴趣,色泽质感高级,"价格昂贵,适合收藏送礼",愿意,强烈支持,"降低价格,加强科普宣传",不确定,文创套装礼盒,传统国风古风,完全接受，更有特色,颜值外观,较高,单品简约款,喜欢,自然原木底色,非常愿意,同学朋友送礼,会，非常加分,"价格虚高,包装简陋",40-60元,50元以内,可以接受小幅溢价,一定会买,一定会了解购买,"线上店铺,文创展会",大幅提升,可能复购,"工艺制作短视频,高颜值产品实拍图",桌面摆件类,比较认可,希望增加年轻化配色和小件礼盒，方便送礼和收藏。
daqi-answer-909,2026-08-13T17:44:00+08:00,女,23-30岁,在校学生,1000-2000元,不太喜欢,每月多次,送礼纪念,"短视频平台,校园市集",略有耳闻,一般,"非遗文化底蕴,小众不撞款","款式老旧,不适合日常使用",非常愿意,支持,"优化款式设计,降低价格",一定会,"大漆书签,大漆钥匙扣",简约现代风,完全接受，更有特色,"工艺质感,颜值外观",一般,组合套装礼盒,不喜欢,经典黑金红传统色,愿意,"节日礼物,纪念收藏",略有影响,华而不实无实用性,20元以内,50-80元,完全愿意,一定会买,随缘,校园市集,小幅提升,不会复购,非遗文化科普,"文具类,礼盒套装类",非常认可，环保创新,希望兼顾传统工艺和日常实用性，价格可以分档。
daqi-answer-910,2026-08-14T18:57:00+08:00,男,18岁以下,职场上班族,1000元以内,非常喜欢,每月1次,"日常自用,送礼纪念","校园市集,线下实体店",非常了解,非常感兴趣,"手工工艺独特,色泽质感高级",工艺精致,愿意,中立,提升包装质感,可能会,"大漆钥匙扣,大漆书签",简约现代风,介意，追求完美品,"颜值外观,独特小众性",极高,定制专属款,非常喜欢,莫兰迪浅色系,非常愿意,"同学朋友送礼,纪念收藏",无影响,"款式同质化严重,包装简陋",20-40元,50元以内,完全愿意,看价格款式决定,一定会了解购买,"线上店铺,社群团购",反而降低,一定会复购,"工艺制作短视频,市集线下体验","配饰挂件类,文具类",比较认可,建议多做短视频展示制作过程，并在线下市集提供体验。
daqi-answer-911,2026-08-15T09:10:00+08:00,女,18-22岁,个体经营者,1000元以内,比较喜欢,每月多次,"日常自用,收藏爱好",短视频平台,略有耳闻,比较感兴趣,国风颜值高,"价格昂贵,工艺精致",无所谓,强烈支持,"降低价格,适配日常使用",一定会,大漆书签,小众艺术轻奢风,完全接受，更有特色,价格性价比,较高,单品简约款,喜欢,经典黑金红传统色,愿意,节日礼物,会，非常加分,"价格虚高,做工粗糙",20元以内,50元以内,不太接受,一定会买,会驻足了解,"线上店铺,校园市集",大幅提升,可能复购,"高颜值产品实拍图,工艺制作短视频",桌面摆件类,无所谓,包装可以更精致，同时附上简明的非遗文化说明卡。
daqi-answer-912,2026-08-16T10:23:00+08:00,男,31-40岁,在校学生,2000-3500元,非常喜欢,每月多次,收藏爱好,"电商店铺,短视频平台",完全没听过,兴趣较低,"非遗文化底蕴,国风颜值高","款式老旧,价格昂贵",非常愿意,支持,"适配日常使用,降低价格",一定会,"大漆漆扇,大漆钥匙扣",简约现代风,可以接受,"工艺质感,实用性",较低,组合套装礼盒,非常喜欢,莫兰迪浅色系,随缘,"师生赠礼,纪念收藏",略有影响,华而不实无实用性,20元以内,80-120元,完全愿意,大概率会,不会关注,文创展会,小幅提升,一定会复购,非遗文化科普,"文具类,桌面摆件类",非常认可，环保创新,希望增加年轻化配色和小件礼盒，方便送礼和收藏。
daqi-answer-913,2026-08-17T11:36:00+08:00,女,18岁以下,职场上班族,1000元以内,非常喜欢,季度1-2次,"日常自用,市集/展会随手购买","校园市集,文创展会",非常了解,非常感兴趣,"手工工艺独特,非遗文化底蕴",适合收藏送礼,愿意,强烈支持,降低价格,不确定,"大漆钥匙扣,文创套装礼盒",传统国风古风,非常介意,"颜值外观,文化寓意",极高,单品简约款,喜欢,撞色潮流色系,非常愿意,"同学朋友送礼,商务小礼品",会，非常加分,"做工粗糙,包装简陋",40-60元,50元以内,可以接受小幅溢价,基本不会,一定会了解购买,"线上店铺,线下实体店",大幅提升,可能复购,"工艺制作短视频,非遗文化科普","配饰挂件类,定制专属类",比较认可,希望兼顾传统工艺和日常实用性，价格可以分档。
daqi-answer-914,2026-08-18T12:49:00+08:00,男,18-22岁,在校学生,1000-2000元,一般,每月多次,"送礼纪念,收藏爱好",短视频平台,略有耳闻,比较感兴趣,小众不撞款,"价格昂贵,不适合日常使用",非常愿意,强烈支持,"优化款式设计,适配日常使用",一定会,大漆书签,可爱治愈风,完全接受，更有特色,价格性价比,较高,组合套装礼盒,无所谓,经典黑金红传统色,愿意,节日礼物,会，非常加分,"价格虚高,款式同质化严重",20元以内,50-80元,完全不接受,一定会买,会驻足了解,"校园市集,线上店铺",小幅提升,不确定,"高颜值产品实拍图,优惠活动福利",定制专属类,非常认可，环保创新,建议多做短视频展示制作过程，并在线下市集提供体验。
daqi-answer-915,2026-08-19T13:02:00+08:00,女,18岁以下,在校学生,3500元以上,非常喜欢,每月1次,活动奖品,"电商店铺,朋友推荐",非常了解,毫无兴趣,"非遗文化底蕴,色泽质感高级","不适合日常使用,价格昂贵",非常愿意,中立,"适配日常使用,提升包装质感",可能会,"大漆漆扇,大漆书签",简约现代风,可以接受,"文化寓意,工艺质感",极高,盲盒款式,非常喜欢,莫兰迪浅色系,非常愿意,"商务小礼品,纪念收藏",无影响,华而不实无实用性,20-40元,120元以上,完全愿意,大概率会,一定会了解购买,文创展会,无变化,一定会复购,优惠活动福利,"文具类,配饰挂件类",非常认可，环保创新,包装可以更精致，同时附上简明的非遗文化说明卡。
daqi-answer-916,2026-08-20T14:15:00+08:00,男,18岁以下,自由职业,1000元以内,比较喜欢,半年一次,"日常自用,活动奖品","文创展会,电商店铺",略有耳闻,非常感兴趣,"色泽质感高级,非遗文化底蕴",价格昂贵,无所谓,强烈支持,降低价格,基本不会,"大件漆艺摆件,文创套装礼盒",传统国风古风,完全接受，更有特色,"颜值外观,价格性价比",较高,单品简约款,喜欢,经典黑金红传统色,非常愿意,"同学朋友送礼,师生赠礼",会，非常加分,"价格虚高,包装简陋",60元以上,50元以内,可以接受小幅溢价,一定会买,会驻足了解,"线上店铺,文创展会",大幅提升,可能复购,"工艺制作短视频,高颜值产品实拍图","桌面摆件类,定制专属类",无所谓,希望增加年轻化配色和小件礼盒，方便送礼和收藏。
daqi-answer-917,2026-08-21T15:28:00+08:00,女,23-30岁,在校学生,1000-2000元,不太喜欢,每月多次,"送礼纪念,日常自用",短视频平台,非常了解,一般,非遗文化底蕴,"款式老旧,不适合日常使用",非常愿意,支持,"优化款式设计,降低价格",一定会,大漆书签,简约现代风,可以接受,价格性价比,一般,组合套装礼盒,非常喜欢,经典黑金红传统色,随缘,节日礼物,略有影响,"价格虚高,华而不实无实用性",20元以内,50-80元,完全愿意,大概率会,随缘,"校园市集,社群团购",小幅提升,一定会复购,"非遗文化科普,优惠活动福利",文具类,非常认可，环保创新,希望兼顾传统工艺和日常实用性，价格可以分档。
daqi-answer-918,2026-08-22T16:41:00+08:00,男,18岁以下,职场上班族,1000元以内,非常喜欢,每月1次,市集/展会随手购买,"电商店铺,校园市集",非常了解,非常感兴趣,"手工工艺独特,色泽质感高级","不适合日常使用,适合收藏送礼",愿意,不支持,"加强科普宣传,提升包装质感",可能会,"大漆漆扇,文创套装礼盒",传统国风古风,介意，追求完美品,"颜值外观,文化寓意",极高,单品简约款,非常喜欢,撞色潮流色系,非常愿意,"同学朋友送礼,纪念收藏",不在意,款式同质化严重,20-40元,50元以内,可以接受小幅溢价,看价格款式决定,一定会了解购买,社群团购,大幅提升,一定会复购,工艺制作短视频,"配饰挂件类,文具类",比较认可,建议多做短视频展示制作过程，并在线下市集提供体验。
daqi-answer-919,2026-08-23T17:54:00+08:00,女,18-22岁,个体经营者,1000-2000元,比较喜欢,几乎不买,"日常自用,收藏爱好","短视频平台,校园市集",完全没听过,比较感兴趣,"色泽质感高级,小众不撞款",价格昂贵,不愿意,强烈支持,降低价格,一定会,"大漆书签,文创套装礼盒",小众艺术轻奢风,完全接受，更有特色,"颜值外观,实用性",较高,单品简约款,无所谓,经典黑金红传统色,愿意,"同学朋友送礼,节日礼物",会，非常加分,"价格虚高,做工粗糙",20元以内,50-80元,不太接受,一定会买,会驻足了解,"线上店铺,校园市集",大幅提升,不确定,"高颜值产品实拍图,工艺制作短视频","桌面摆件类,礼盒套装类",不认可,包装可以更精致，同时附上简明的非遗文化说明卡。
daqi-answer-920,2026-08-24T18:07:00+08:00,男,31-40岁,在校学生,2000-3500元,完全不感兴趣,每月多次,"收藏爱好,日常自用",短视频平台,非常了解,一般,非遗文化底蕴,"款式老旧,价格昂贵",非常愿意,支持,"优化款式设计,提升包装质感",可能会,大漆漆扇,简约现代风,可以接受,工艺质感,较低,盲盒款式,非常喜欢,莫兰迪浅色系,不愿意,师生赠礼,略有影响,"华而不实无实用性,价格虚高",20-40元,80-120元,完全愿意,大概率会,一定会了解购买,"文创展会,社群团购",无变化,一定会复购,"非遗文化科普,市集线下体验",文具类,非常认可，环保创新,希望增加年轻化配色和小件礼盒，方便送礼和收藏。
daqi-answer-921,2026-08-25T09:20:00+08:00,女,18岁以下,职场上班族,1000元以内,非常喜欢,季度1-2次,日常自用,"校园市集,短视频平台",略有耳闻,非常感兴趣,"手工工艺独特,非遗文化底蕴","工艺精致,适合收藏送礼",愿意,强烈支持,"降低价格,提升包装质感",不确定,"大漆钥匙扣,文创套装礼盒",传统国风古风,完全接受，更有特色,"颜值外观,价格性价比",极高,单品简约款,喜欢,自然原木底色,非常愿意,"同学朋友送礼,商务小礼品",会，非常加分,款式同质化严重,40-60元,50元以内,可以接受小幅溢价,一定会买,一定会了解购买,线上店铺,大幅提升,可能复购,工艺制作短视频,"配饰挂件类,定制专属类",无所谓,希望兼顾传统工艺和日常实用性，价格可以分档。
daqi-answer-922,2026-08-26T10:33:00+08:00,男,18-22岁,其他,1000-2000元,一般,每月多次,"送礼纪念,收藏爱好","短视频平台,线下实体店",非常了解,比较感兴趣,"国风颜值高,小众不撞款",价格昂贵,非常愿意,支持,优化款式设计,一定会,"大漆书签,大件漆艺摆件",简约现代风,完全接受，更有特色,"价格性价比,文化寓意",较高,组合套装礼盒,不喜欢,经典黑金红传统色,愿意,"节日礼物,同学朋友送礼",略有影响,"价格虚高,款式同质化严重",20元以内,50-80元,完全愿意,一定会买,随缘,"校园市集,线上店铺",小幅提升,不会复购,"高颜值产品实拍图,优惠活动福利","礼盒套装类,桌面摆件类",非常认可，环保创新,建议多做短视频展示制作过程，并在线下市集提供体验。
daqi-answer-923,2026-08-27T11:46:00+08:00,男,40岁以上,在校学生,1000元以内,非常喜欢,每月1次,"收藏爱好,市集/展会随手购买",电商店铺,略有耳闻,兴趣较低,非遗文化底蕴,"款式老旧,适合收藏送礼",愿意,中立,"适配日常使用,提升包装质感",可能会,大漆漆扇,简约现代风,介意，追求完美品,工艺质感,极高,定制专属款,非常喜欢,莫兰迪浅色系,非常愿意,师生赠礼,无影响,"华而不实无实用性,包装简陋",20-40元,50元以内,完全愿意,看价格款式决定,一定会了解购买,"文创展会,线下实体店",反而降低,一定会复购,"市集线下体验,非遗文化科普",文具类,比较认可,包装可以更精致，同时附上简明的非遗文化说明卡。
daqi-answer-924,2026-08-28T12:59:00+08:00,男,18岁以下,自由职业,1000元以内,比较喜欢,季度1-2次,日常自用,"校园市集,朋友推荐",完全没听过,非常感兴趣,"手工工艺独特,小众不撞款","价格昂贵,适合收藏送礼",无所谓,强烈支持,"降低价格,加强科普宣传",一定会,"大件漆艺摆件,文创套装礼盒",小众艺术轻奢风,完全接受，更有特色,"颜值外观,实用性",极高,单品简约款,喜欢,经典黑金红传统色,愿意,"同学朋友送礼,师生赠礼",会，非常加分,包装简陋,20元以内,50元以内,不太接受,一定会买,会驻足了解,线上店铺,大幅提升,不确定,工艺制作短视频,"配饰挂件类,礼盒套装类",无所谓,希望增加年轻化配色和小件礼盒，方便送礼和收藏。
daqi-answer-925,2026-08-01T13:12:00+08:00,男,23-30岁,在校学生,2000-3500元,一般,每月多次,"送礼纪念,日常自用","短视频平台,文创展会",非常了解,比较感兴趣,"非遗文化底蕴,小众不撞款",款式老旧,非常愿意,支持,优化款式设计,一定会,"大漆书签,大漆钥匙扣",简约现代风,可以接受,"价格性价比,颜值外观",一般,组合套装礼盒,非常喜欢,莫兰迪浅色系,随缘,"节日礼物,纪念收藏",略有影响,"价格虚高,华而不实无实用性",20元以内,80-120元,完全愿意,大概率会,不会关注,"校园市集,社群团购",无变化,一定会复购,"高颜值产品实拍图,市集线下体验","文具类,礼盒套装类",非常认可，环保创新,希望兼顾传统工艺和日常实用性，价格可以分档。
daqi-answer-926,2026-08-02T14:25:00+08:00,女,18岁以下,职场上班族,1000元以内,非常喜欢,每月1次,"活动奖品,市集/展会随手购买",电商店铺,完全没听过,非常感兴趣,手工工艺独特,"不适合日常使用,适合收藏送礼",愿意,强烈支持,"加强科普宣传,提升包装质感",不确定,大漆漆扇,传统国风古风,非常介意,文化寓意,极高,单品简约款,喜欢,撞色潮流色系,非常愿意,纪念收藏,会，非常加分,"款式同质化严重,包装简陋",40-60元,50元以内,可以接受小幅溢价,基本不会,一定会了解购买,"线下实体店,文创展会",大幅提升,可能复购,"工艺制作短视频,市集线下体验",配饰挂件类,比较认可,建议多做短视频展示制作过程，并在线下市集提供体验。
daqi-answer-927,2026-08-03T15:38:00+08:00,男,18-22岁,自由职业,1000-2000元,比较喜欢,半年一次,日常自用,"文创展会,校园市集",非常了解,比较感兴趣,"色泽质感高级,小众不撞款","价格昂贵,工艺精致",非常愿意,强烈支持,"降低价格,适配日常使用",一定会,"大漆书签,文创套装礼盒",可爱治愈风,完全接受，更有特色,"颜值外观,工艺质感",较高,组合套装礼盒,无所谓,经典黑金红传统色,愿意,"同学朋友送礼,节日礼物",会，非常加分,价格虚高,20元以内,50-80元,完全不接受,一定会买,随缘,线上店铺,小幅提升,不确定,高颜值产品实拍图,"桌面摆件类,礼盒套装类",非常认可，环保创新,包装可以更精致，同时附上简明的非遗文化说明卡。
daqi-answer-928,2026-08-04T16:51:00+08:00,女,23-30岁,在校学生,3500元以上,不太喜欢,每月多次,"送礼纪念,市集/展会随手购买","短视频平台,电商店铺",略有耳闻,一般,"非遗文化底蕴,国风颜值高",款式老旧,非常愿意,中立,优化款式设计,可能会,"大漆书签,大漆漆扇",简约现代风,可以接受,"价格性价比,实用性",一般,盲盒款式,非常喜欢,莫兰迪浅色系,非常愿意,"师生赠礼,纪念收藏",无影响,"华而不实无实用性,价格虚高",20-40元,120元以上,完全愿意,看价格款式决定,一定会了解购买,"校园市集,线下实体店",无变化,一定会复购,"非遗文化科普,市集线下体验","文具类,桌面摆件类",非常认可，环保创新,希望增加年轻化配色和小件礼盒，方便送礼和收藏。
daqi-answer-929,2026-08-05T17:04:00+08:00,男,18岁以下,职场上班族,1000元以内,非常喜欢,每月1次,"日常自用,市集/展会随手购买",电商店铺,非常了解,非常感兴趣,手工工艺独特,"工艺精致,适合收藏送礼",无所谓,强烈支持,"降低价格,提升包装质感",基本不会,大漆钥匙扣,传统国风古风,完全接受，更有特色,独特小众性,极高,单品简约款,喜欢,经典黑金红传统色,非常愿意,同学朋友送礼,会，非常加分,"款式同质化严重,做工粗糙",60元以上,50元以内,不太接受,一定会买,会驻足了解,"线上店铺,线下实体店",大幅提升,可能复购,"工艺制作短视频,非遗文化科普",配饰挂件类,无所谓,希望兼顾传统工艺和日常实用性，价格可以分档。
daqi-answer-930,2026-08-06T18:17:00+08:00,女,18-22岁,个体经营者,1000-2000元,比较喜欢,每月多次,送礼纪念,"短视频平台,文创展会",略有耳闻,比较感兴趣,"国风颜值高,小众不撞款","价格昂贵,不适合日常使用",非常愿意,支持,"降低价格,优化款式设计",一定会,"大漆书签,大件漆艺摆件",简约现代风,可以接受,"颜值外观,独特小众性",较高,组合套装礼盒,非常喜欢,经典黑金红传统色,随缘,"节日礼物,同学朋友送礼",略有影响,价格虚高,20元以内,80-120元,完全愿意,大概率会,随缘,校园市集,小幅提升,一定会复购,高颜值产品实拍图,"礼盒套装类,桌面摆件类",非常认可，环保创新,建议多做短视频展示制作过程，并在线下市集提供体验。
daqi-answer-931,2026-08-07T09:30:00+08:00,男,31-40岁,在校学生,1000元以内,非常喜欢,每月1次,"收藏爱好,市集/展会随手购买","短视频平台,朋友推荐",完全没听过,兴趣较低,"非遗文化底蕴,色泽质感高级",款式老旧,愿意,不支持,适配日常使用,可能会,"大漆漆扇,大漆书签",传统国风古风,介意，追求完美品,"工艺质感,文化寓意",不看重,单品简约款,非常喜欢,撞色潮流色系,非常愿意,"师生赠礼,商务小礼品",不在意,"华而不实无实用性,包装简陋",40-60元,50元以内,可以接受小幅溢价,看价格款式决定,一定会了解购买,"文创展会,线下实体店",大幅提升,一定会复购,"市集线下体验,非遗文化科普","文具类,配饰挂件类",比较认可,包装可以更精致，同时附上简明的非遗文化说明卡。
daqi-answer-932,2026-08-08T10:43:00+08:00,女,18岁以下,职场上班族,1000-2000元,比较喜欢,季度1-2次,"日常自用,活动奖品",校园市集,非常了解,非常感兴趣,手工工艺独特,"价格昂贵,适合收藏送礼",不愿意,强烈支持,"降低价格,加强科普宣传",一定会,大漆钥匙扣,小众艺术轻奢风,完全接受，更有特色,颜值外观,极高,单品简约款,无所谓,经典黑金红传统色,愿意,同学朋友送礼,会，非常加分,"做工粗糙,款式同质化严重",20元以内,50-80元,不太接受,一定会买,会驻足了解,"线上店铺,文创展会",大幅提升,不确定,"工艺制作短视频,高颜值产品实拍图",配饰挂件类,不认可,希望增加年轻化配色和小件礼盒，方便送礼和收藏。
daqi-answer-933,2026-08-09T11:56:00+08:00,男,18-22岁,在校学生,2000-3500元,一般,每月多次,送礼纪念,"短视频平台,电商店铺",略有耳闻,比较感兴趣,"非遗文化底蕴,小众不撞款","价格昂贵,款式老旧",非常愿意,支持,"优化款式设计,降低价格",可能会,"大漆书签,大漆钥匙扣",简约现代风,可以接受,"价格性价比,实用性",一般,盲盒款式,非常喜欢,莫兰迪浅色系,不愿意,"节日礼物,纪念收藏",无影响,价格虚高,20-40元,80-120元,完全愿意,大概率会,一定会了解购买,校园市集,无变化,一定会复购,高颜值产品实拍图,"文具类,礼盒套装类",非常认可，环保创新,希望兼顾传统工艺和日常实用性，价格可以分档。
daqi-answer-934,2026-08-10T12:09:00+08:00,女,18岁以下,职场上班族,1000元以内,非常喜欢,每月1次,"活动奖品,市集/展会随手购买","电商店铺,文创展会",非常了解,非常感兴趣,"非遗文化底蕴,手工工艺独特",不适合日常使用,愿意,强烈支持,适配日常使用,不确定,"大漆漆扇,文创套装礼盒",传统国风古风,完全接受，更有特色,"工艺质感,颜值外观",极高,单品简约款,喜欢,自然原木底色,非常愿意,"商务小礼品,师生赠礼",会，非常加分,"华而不实无实用性,做工粗糙",40-60元,50元以内,可以接受小幅溢价,一定会买,一定会了解购买,"线下实体店,文创展会",大幅提升,可能复购,"工艺制作短视频,市集线下体验","文具类,定制专属类",无所谓,建议多做短视频展示制作过程，并在线下市集提供体验。
daqi-answer-935,2026-08-11T13:22:00+08:00,男,18-22岁,自由职业,1000-2000元,比较喜欢,半年一次,"日常自用,收藏爱好",校园市集,略有耳闻,非常感兴趣,色泽质感高级,"价格昂贵,工艺精致",非常愿意,支持,"降低价格,适配日常使用",一定会,文创套装礼盒,简约现代风,完全接受，更有特色,颜值外观,较高,组合套装礼盒,不喜欢,经典黑金红传统色,随缘,同学朋友送礼,略有影响,"价格虚高,做工粗糙",20元以内,50-80元,完全愿意,一定会买,随缘,"线上店铺,校园市集",小幅提升,不会复购,"工艺制作短视频,优惠活动福利",桌面摆件类,非常认可，环保创新,包装可以更精致，同时附上简明的非遗文化说明卡。
daqi-answer-936,2026-08-12T14:35:00+08:00,女,23-30岁,在校学生,1000元以内,不太喜欢,每月多次,送礼纪念,"短视频平台,朋友推荐",非常了解,一般,"非遗文化底蕴,国风颜值高","款式老旧,价格昂贵",愿意,中立,"优化款式设计,提升包装质感",可能会,"大漆书签,大漆漆扇",简约现代风,介意，追求完美品,"价格性价比,工艺质感",一般,定制专属款,非常喜欢,撞色潮流色系,非常愿意,"节日礼物,商务小礼品",无影响,华而不实无实用性,20-40元,50元以内,完全愿意,看价格款式决定,一定会了解购买,校园市集,反而降低,一定会复购,非遗文化科普,"文具类,桌面摆件类",比较认可,希望增加年轻化配色和小件礼盒，方便送礼和收藏。
daqi-answer-937,2026-08-13T15:48:00+08:00,男,18岁以下,职场上班族,1000元以内,非常喜欢,每月1次,"日常自用,市集/展会随手购买","电商店铺,短视频平台",非常了解,非常感兴趣,"手工工艺独特,非遗文化底蕴",不适合日常使用,无所谓,强烈支持,提升包装质感,一定会,"大漆钥匙扣,文创套装礼盒",小众艺术轻奢风,完全接受，更有特色,"文化寓意,独特小众性",极高,单品简约款,无所谓,经典黑金红传统色,愿意,"同学朋友送礼,商务小礼品",会，非常加分,"款式同质化严重,做工粗糙",20元以内,50元以内,不太接受,一定会买,会驻足了解,"线上店铺,线下实体店",大幅提升,不确定,"工艺制作短视频,非遗文化科普","配饰挂件类,定制专属类",无所谓,希望兼顾传统工艺和日常实用性，价格可以分档。
daqi-answer-938,2026-08-14T16:01:00+08:00,女,18-22岁,个体经营者,2000-3500元,比较喜欢,每月多次,"日常自用,送礼纪念",文创展会,完全没听过,比较感兴趣,色泽质感高级,"价格昂贵,不适合日常使用",非常愿意,支持,"降低价格,优化款式设计",一定会,大漆书签,简约现代风,可以接受,颜值外观,较高,盲盒款式,非常喜欢,莫兰迪浅色系,随缘,节日礼物,略有影响,"价格虚高,款式同质化严重",20元以内,80-120元,完全愿意,大概率会,不会关注,"线上店铺,社群团购",无变化,一定会复购,"高颜值产品实拍图,优惠活动福利",桌面摆件类,非常认可，环保创新,建议多做短视频展示制作过程，并在线下市集提供体验。
daqi-answer-939,2026-08-15T17:14:00+08:00,男,31-40岁,在校学生,1000元以内,非常喜欢,每月多次,收藏爱好,"短视频平台,校园市集",非常了解,一般,"非遗文化底蕴,色泽质感高级","款式老旧,适合收藏送礼",愿意,强烈支持,"适配日常使用,提升包装质感",不确定,"大漆漆扇,大漆书签",传统国风古风,非常介意,"价格性价比,独特小众性",较低,单品简约款,喜欢,撞色潮流色系,非常愿意,"师生赠礼,商务小礼品",会，非常加分,华而不实无实用性,40-60元,50元以内,可以接受小幅溢价,基本不会,一定会了解购买,文创展会,大幅提升,可能复购,非遗文化科普,"文具类,配饰挂件类",比较认可,包装可以更精致，同时附上简明的非遗文化说明卡。
daqi-answer-940,2026-08-16T18:27:00+08:00,男,18岁以下,职场上班族,1000-2000元,非常喜欢,季度1-2次,"日常自用,活动奖品","电商店铺,朋友推荐",略有耳闻,非常感兴趣,"手工工艺独特,小众不撞款",适合收藏送礼,非常愿意,强烈支持,降低价格,一定会,"大漆钥匙扣,大件漆艺摆件",可爱治愈风,完全接受，更有特色,"独特小众性,实用性",极高,组合套装礼盒,无所谓,经典黑金红传统色,愿意,"同学朋友送礼,师生赠礼",会，非常加分,"做工粗糙,款式同质化严重",20元以内,50-80元,完全不接受,一定会买,随缘,"线上店铺,文创展会",小幅提升,不确定,"工艺制作短视频,高颜值产品实拍图","配饰挂件类,礼盒套装类",非常认可，环保创新,希望增加年轻化配色和小件礼盒，方便送礼和收藏。
daqi-answer-941,2026-08-17T09:40:00+08:00,男,18-22岁,在校学生,3500元以上,一般,每月多次,"送礼纪念,日常自用",线下实体店,非常了解,比较感兴趣,小众不撞款,"价格昂贵,款式老旧",非常愿意,中立,"优化款式设计,降低价格",可能会,大漆书签,简约现代风,介意，追求完美品,颜值外观,较高,盲盒款式,非常喜欢,莫兰迪浅色系,非常愿意,节日礼物,无影响,"价格虚高,华而不实无实用性",20-40元,120元以上,完全愿意,看价格款式决定,一定会了解购买,"校园市集,社群团购",无变化,一定会复购,"高颜值产品实拍图,市集线下体验",定制专属类,比较认可,希望兼顾传统工艺和日常实用性，价格可以分档。
daqi-answer-942,2026-08-18T10:53:00+08:00,男,18岁以下,在校学生,1000元以内,非常喜欢,每月1次,收藏爱好,"短视频平台,线下实体店",略有耳闻,毫无兴趣,"非遗文化底蕴,手工工艺独特","不适合日常使用,适合收藏送礼",无所谓,强烈支持,"适配日常使用,加强科普宣传",基本不会,"大漆漆扇,文创套装礼盒",小众艺术轻奢风,完全接受，更有特色,"工艺质感,实用性",极高,单品简约款,喜欢,经典黑金红传统色,非常愿意,"商务小礼品,师生赠礼",会，非常加分,华而不实无实用性,60元以上,50元以内,不太接受,一定会买,会驻足了解,文创展会,大幅提升,可能复购,优惠活动福利,"文具类,定制专属类",无所谓,建议多做短视频展示制作过程，并在线下市集提供体验。
daqi-answer-943,2026-08-19T11:06:00+08:00,女,18岁以下,自由职业,1000-2000元,比较喜欢,季度1-2次,"日常自用,收藏爱好","校园市集,文创展会",完全没听过,非常感兴趣,"色泽质感高级,小众不撞款",价格昂贵,非常愿意,支持,降低价格,一定会,"大件漆艺摆件,大漆钥匙扣",简约现代风,可以接受,"颜值外观,文化寓意",较高,组合套装礼盒,非常喜欢,经典黑金红传统色,随缘,"同学朋友送礼,节日礼物",略有影响,"价格虚高,做工粗糙",20元以内,80-120元,完全愿意,大概率会,随缘,"线上店铺,校园市集",小幅提升,一定会复购,"工艺制作短视频,优惠活动福利","桌面摆件类,礼盒套装类",非常认可，环保创新,包装可以更精致，同时附上简明的非遗文化说明卡。
daqi-answer-944,2026-08-20T12:19:00+08:00,男,23-30岁,在校学生,1000元以内,一般,每月多次,"送礼纪念,市集/展会随手购买",短视频平台,非常了解,一般,非遗文化底蕴,"款式老旧,价格昂贵",愿意,不支持,"优化款式设计,提升包装质感",不确定,大漆书签,传统国风古风,介意，追求完美品,价格性价比,一般,单品简约款,非常喜欢,撞色潮流色系,非常愿意,节日礼物,不在意,"价格虚高,包装简陋",40-60元,50元以内,可以接受小幅溢价,看价格款式决定,一定会了解购买,"校园市集,线下实体店",大幅提升,可能复购,"非遗文化科普,市集线下体验",文具类,比较认可,希望增加年轻化配色和小件礼盒，方便送礼和收藏。
daqi-answer-945,2026-08-21T13:32:00+08:00,女,18岁以下,职场上班族,1000-2000元,非常喜欢,每月1次,市集/展会随手购买,"电商店铺,朋友推荐",完全没听过,非常感兴趣,"手工工艺独特,非遗文化底蕴","不适合日常使用,工艺精致",不愿意,强烈支持,"加强科普宣传,适配日常使用",一定会,"大漆漆扇,大件漆艺摆件",小众艺术轻奢风,完全接受，更有特色,"工艺质感,价格性价比",极高,单品简约款,无所谓,经典黑金红传统色,愿意,"同学朋友送礼,商务小礼品",会，非常加分,款式同质化严重,20元以内,50-80元,不太接受,一定会买,会驻足了解,社群团购,小幅提升,不确定,工艺制作短视频,"配饰挂件类,定制专属类",不认可,希望兼顾传统工艺和日常实用性，价格可以分档。
daqi-answer-946,2026-08-22T14:45:00+08:00,男,18-22岁,自由职业,2000-3500元,比较喜欢,几乎不买,"日常自用,送礼纪念","校园市集,短视频平台",非常了解,比较感兴趣,"色泽质感高级,国风颜值高",价格昂贵,非常愿意,中立,降低价格,可能会,"大漆书签,大件漆艺摆件",简约现代风,可以接受,"颜值外观,价格性价比",较高,盲盒款式,非常喜欢,莫兰迪浅色系,不愿意,"同学朋友送礼,纪念收藏",无影响,"价格虚高,款式同质化严重",20-40元,80-120元,完全愿意,大概率会,一定会了解购买,"线上店铺,社群团购",无变化,一定会复购,"高颜值产品实拍图,优惠活动福利","桌面摆件类,配饰挂件类",非常认可，环保创新,建议多做短视频展示制作过程，并在线下市集提供体验。
daqi-answer-947,2026-08-23T15:58:00+08:00,女,23-30岁,在校学生,1000元以内,完全不感兴趣,每月多次,"收藏爱好,市集/展会随手购买",短视频平台,略有耳闻,一般,非遗文化底蕴,"款式老旧,适合收藏送礼",无所谓,强烈支持,"优化款式设计,加强科普宣传",不确定,大漆漆扇,传统国风古风,完全接受，更有特色,价格性价比,较低,单品简约款,喜欢,自然原木底色,非常愿意,师生赠礼,会，非常加分,"华而不实无实用性,包装简陋",40-60元,50元以内,可以接受小幅溢价,一定会买,会驻足了解,"文创展会,线下实体店",大幅提升,可能复购,"非遗文化科普,高颜值产品实拍图",文具类,无所谓,包装可以更精致，同时附上简明的非遗文化说明卡。
daqi-answer-948,2026-08-24T16:11:00+08:00,男,18岁以下,职场上班族,1000-2000元,非常喜欢,季度1-2次,日常自用,"电商店铺,校园市集",非常了解,非常感兴趣,"手工工艺独特,小众不撞款","工艺精致,不适合日常使用",非常愿意,支持,"降低价格,加强科普宣传",一定会,"大漆钥匙扣,大件漆艺摆件",简约现代风,完全接受，更有特色,"文化寓意,颜值外观",极高,组合套装礼盒,不喜欢,经典黑金红传统色,随缘,"同学朋友送礼,师生赠礼",略有影响,款式同质化严重,20元以内,50-80元,完全愿意,大概率会,随缘,线上店铺,小幅提升,不会复购,工艺制作短视频,"配饰挂件类,礼盒套装类",非常认可，环保创新,希望增加年轻化配色和小件礼盒，方便送礼和收藏。
daqi-answer-949,2026-08-25T17:24:00+08:00,女,18-22岁,其他,1000元以内,一般,每月多次,"送礼纪念,日常自用","文创展会,线下实体店",略有耳闻,比较感兴趣,"国风颜值高,色泽质感高级",价格昂贵,愿意,中立,优化款式设计,可能会,"大漆书签,大漆钥匙扣",简约现代风,介意，追求完美品,"颜值外观,实用性",较高,定制专属款,非常喜欢,撞色潮流色系,非常愿意,"节日礼物,纪念收藏",无影响,"价格虚高,华而不实无实用性",20-40元,50元以内,可以接受小幅溢价,看价格款式决定,一定会了解购买,"校园市集,社群团购",反而降低,一定会复购,"高颜值产品实拍图,市集线下体验","礼盒套装类,配饰挂件类",比较认可,希望兼顾传统工艺和日常实用性，价格可以分档。
daqi-answer-950,2026-08-26T18:37:00+08:00,男,40岁以上,在校学生,1000元以内,非常喜欢,每月1次,"收藏爱好,活动奖品",短视频平台,完全没听过,兴趣较低,非遗文化底蕴,"款式老旧,工艺精致",无所谓,强烈支持,"适配日常使用,加强科普宣传",一定会,大漆漆扇,小众艺术轻奢风,完全接受，更有特色,价格性价比,极高,单品简约款,无所谓,经典黑金红传统色,愿意,师生赠礼,会，非常加分,"华而不实无实用性,做工粗糙",20元以内,50-80元,不太接受,一定会买,会驻足了解,"文创展会,校园市集",大幅提升,不确定,"市集线下体验,高颜值产品实拍图",文具类,无所谓,建议多做短视频展示制作过程，并在线下市集提供体验。
daqi-answer-951,2026-08-27T09:50:00+08:00,女,18岁以下,自由职业,2000-3500元,比较喜欢,季度1-2次,日常自用,"电商店铺,线下实体店",非常了解,非常感兴趣,"手工工艺独特,国风颜值高","价格昂贵,工艺精致",非常愿意,支持,"降低价格,适配日常使用",一定会,"大件漆艺摆件,大漆钥匙扣",简约现代风,可以接受,"实用性,独特小众性",极高,盲盒款式,非常喜欢,莫兰迪浅色系,随缘,"同学朋友送礼,节日礼物",略有影响,包装简陋,20-40元,80-120元,完全愿意,大概率会,不会关注,线上店铺,无变化,一定会复购,工艺制作短视频,"配饰挂件类,桌面摆件类",非常认可，环保创新,包装可以更精致，同时附上简明的非遗文化说明卡。
daqi-answer-952,2026-08-28T10:03:00+08:00,男,23-30岁,在校学生,1000元以内,一般,每月多次,"送礼纪念,市集/展会随手购买","线下实体店,朋友推荐",略有耳闻,比较感兴趣,"非遗文化底蕴,国风颜值高",款式老旧,愿意,强烈支持,优化款式设计,不确定,"大漆书签,大漆漆扇",传统国风古风,非常介意,"颜值外观,工艺质感",一般,单品简约款,喜欢,撞色潮流色系,非常愿意,"节日礼物,商务小礼品",会，非常加分,"价格虚高,包装简陋",40-60元,50元以内,可以接受小幅溢价,基本不会,一定会了解购买,"校园市集,线下实体店",大幅提升,可能复购,"高颜值产品实拍图,非遗文化科普","文具类,桌面摆件类",比较认可,希望增加年轻化配色和小件礼盒，方便送礼和收藏。
daqi-answer-953,2026-08-01T11:16:00+08:00,女,18岁以下,职场上班族,1000-2000元,非常喜欢,每月1次,"活动奖品,收藏爱好",短视频平台,非常了解,非常感兴趣,手工工艺独特,"不适合日常使用,工艺精致",非常愿意,强烈支持,"加强科普宣传,适配日常使用",一定会,大漆漆扇,可爱治愈风,完全接受，更有特色,工艺质感,极高,组合套装礼盒,无所谓,经典黑金红传统色,愿意,纪念收藏,略有影响,"款式同质化严重,做工粗糙",20元以内,50-80元,完全不接受,一定会买,随缘,"线下实体店,校园市集",小幅提升,不确定,"工艺制作短视频,非遗文化科普",文具类,非常认可，环保创新,希望兼顾传统工艺和日常实用性，价格可以分档。
daqi-answer-954,2026-08-02T12:29:00+08:00,男,18-22岁,自由职业,3500元以上,比较喜欢,半年一次,日常自用,"校园市集,朋友推荐",略有耳闻,比较感兴趣,"色泽质感高级,国风颜值高","价格昂贵,不适合日常使用",非常愿意,中立,"降低价格,优化款式设计",可能会,"大漆书签,大件漆艺摆件",简约现代风,介意，追求完美品,"颜值外观,实用性",较高,盲盒款式,非常喜欢,莫兰迪浅色系,非常愿意,"同学朋友送礼,纪念收藏",无影响,价格虚高,20-40元,120元以上,完全愿意,看价格款式决定,一定会了解购买,线上店铺,无变化,一定会复购,工艺制作短视频,"桌面摆件类,配饰挂件类",比较认可,建议多做短视频展示制作过程，并在线下市集提供体验。
daqi-answer-955,2026-08-03T13:42:00+08:00,女,23-30岁,在校学生,1000元以内,不太喜欢,每月多次,"送礼纪念,活动奖品","短视频平台,文创展会",非常了解,一般,"非遗文化底蕴,色泽质感高级",款式老旧,无所谓,强烈支持,优化款式设计,基本不会,"大漆书签,文创套装礼盒",小众艺术轻奢风,完全接受，更有特色,"价格性价比,颜值外观",一般,单品简约款,喜欢,经典黑金红传统色,愿意,"师生赠礼,商务小礼品",会，非常加分,"华而不实无实用性,包装简陋",60元以上,50元以内,不太接受,一定会买,会驻足了解,"校园市集,文创展会",大幅提升,可能复购,"非遗文化科普,高颜值产品实拍图","文具类,配饰挂件类",无所谓,包装可以更精致，同时附上简明的非遗文化说明卡。
daqi-answer-956,2026-08-04T14:55:00+08:00,男,18岁以下,职场上班族,2000-3500元,非常喜欢,每月1次,"日常自用,活动奖品",电商店铺,非常了解,非常感兴趣,手工工艺独特,"工艺精致,不适合日常使用",非常愿意,支持,"降低价格,加强科普宣传",一定会,大漆钥匙扣,简约现代风,可以接受,工艺质感,极高,组合套装礼盒,非常喜欢,莫兰迪浅色系,随缘,同学朋友送礼,略有影响,"款式同质化严重,华而不实无实用性",20元以内,80-120元,完全愿意,大概率会,随缘,"线上店铺,文创展会",小幅提升,一定会复购,"工艺制作短视频,高颜值产品实拍图",配饰挂件类,非常认可，环保创新,希望增加年轻化配色和小件礼盒，方便送礼和收藏。
daqi-answer-957,2026-08-05T15:08:00+08:00,男,18-22岁,个体经营者,1000元以内,比较喜欢,每月多次,送礼纪念,"校园市集,电商店铺",完全没听过,比较感兴趣,"国风颜值高,色泽质感高级","价格昂贵,款式老旧",愿意,不支持,"降低价格,提升包装质感",不确定,"大漆书签,大漆钥匙扣",传统国风古风,介意，追求完美品,"颜值外观,工艺质感",较高,单品简约款,喜欢,撞色潮流色系,非常愿意,"节日礼物,纪念收藏",不在意,价格虚高,40-60元,50元以内,可以接受小幅溢价,看价格款式决定,一定会了解购买,线上店铺,大幅提升,可能复购,高颜值产品实拍图,"礼盒套装类,配饰挂件类",比较认可,希望兼顾传统工艺和日常实用性，价格可以分档。
daqi-answer-958,2026-08-06T16:21:00+08:00,男,31-40岁,在校学生,1000-2000元,非常喜欢,每月1次,"收藏爱好,活动奖品","短视频平台,电商店铺",非常了解,兴趣较低,"非遗文化底蕴,手工工艺独特",款式老旧,不愿意,强烈支持,适配日常使用,一定会,"大漆漆扇,文创套装礼盒",小众艺术轻奢风,完全接受，更有特色,"价格性价比,实用性",不看重,组合套装礼盒,无所谓,经典黑金红传统色,愿意,"师生赠礼,节日礼物",会，非常加分,"华而不实无实用性,做工粗糙",20元以内,50-80元,不太接受,一定会买,会驻足了解,"文创展会,校园市集",小幅提升,不确定,"市集线下体验,高颜值产品实拍图","文具类,定制专属类",不认可,建议多做短视频展示制作过程，并在线下市集提供体验。
daqi-answer-959,2026-08-07T17:34:00+08:00,男,18岁以下,职场上班族,2000-3500元,比较喜欢,季度1-2次,"日常自用,收藏爱好",电商店铺,略有耳闻,非常感兴趣,手工工艺独特,"价格昂贵,工艺精致",非常愿意,中立,"降低价格,适配日常使用",可能会,大漆钥匙扣,简约现代风,可以接受,文化寓意,极高,盲盒款式,非常喜欢,莫兰迪浅色系,不愿意,同学朋友送礼,无影响,"做工粗糙,华而不实无实用性",20-40元,80-120元,完全愿意,大概率会,一定会了解购买,"线上店铺,校园市集",无变化,一定会复购,"工艺制作短视频,优惠活动福利",配饰挂件类,非常认可，环保创新,包装可以更精致，同时附上简明的非遗文化说明卡。
daqi-answer-960,2026-08-08T18:47:00+08:00,男,18-22岁,在校学生,1000元以内,一般,每月多次,送礼纪念,"文创展会,短视频平台",非常了解,比较感兴趣,"非遗文化底蕴,国风颜值高","价格昂贵,适合收藏送礼",无所谓,强烈支持,"优化款式设计,提升包装质感",不确定,"大漆书签,大漆漆扇",传统国风古风,完全接受，更有特色,"颜值外观,独特小众性",一般,单品简约款,喜欢,自然原木底色,非常愿意,"节日礼物,商务小礼品",会，非常加分,价格虚高,40-60元,50元以内,可以接受小幅溢价,一定会买,会驻足了解,校园市集,大幅提升,可能复购,高颜值产品实拍图,"文具类,桌面摆件类",无所谓,希望增加年轻化配色和小件礼盒，方便送礼和收藏。
daqi-answer-961,2026-08-09T09:00:00+08:00,男,18岁以下,职场上班族,1000-2000元,非常喜欢,每月1次,"活动奖品,收藏爱好","短视频平台,朋友推荐",略有耳闻,非常感兴趣,"非遗文化底蕴,小众不撞款",不适合日常使用,非常愿意,支持,适配日常使用,一定会,"大漆漆扇,大件漆艺摆件",简约现代风,可以接受,"价格性价比,工艺质感",极高,组合套装礼盒,不喜欢,经典黑金红传统色,随缘,"商务小礼品,节日礼物",略有影响,"华而不实无实用性,款式同质化严重",20元以内,50-80元,完全愿意,大概率会,随缘,"线下实体店,校园市集",小幅提升,不会复购,"工艺制作短视频,非遗文化科普","文具类,礼盒套装类",非常认可，环保创新,希望兼顾传统工艺和日常实用性，价格可以分档。
daqi-answer-962,2026-08-10T10:13:00+08:00,女,18-22岁,自由职业,1000元以内,比较喜欢,半年一次,"日常自用,送礼纪念",电商店铺,完全没听过,非常感兴趣,色泽质感高级,"价格昂贵,不适合日常使用",愿意,中立,"降低价格,优化款式设计",可能会,文创套装礼盒,传统国风古风,介意，追求完美品,实用性,较高,定制专属款,非常喜欢,撞色潮流色系,非常愿意,同学朋友送礼,无影响,"价格虚高,款式同质化严重",20-40元,50元以内,可以接受小幅溢价,看价格款式决定,一定会了解购买,"线上店铺,社群团购",反而降低,一定会复购,"工艺制作短视频,市集线下体验",桌面摆件类,比较认可,建议多做短视频展示制作过程，并在线下市集提供体验。
daqi-answer-963,2026-08-11T11:26:00+08:00,男,23-30岁,在校学生,1000元以内,不太喜欢,每月多次,送礼纪念,"朋友推荐,线下实体店",非常了解,一般,"非遗文化底蕴,色泽质感高级","款式老旧,适合收藏送礼",无所谓,强烈支持,"优化款式设计,加强科普宣传",一定会,"大漆书签,文创套装礼盒",小众艺术轻奢风,完全接受，更有特色,"颜值外观,文化寓意",一般,单品简约款,无所谓,经典黑金红传统色,愿意,"节日礼物,师生赠礼",会，非常加分,价格虚高,20元以内,50-80元,不太接受,一定会买,会驻足了解,校园市集,大幅提升,不确定,非遗文化科普,"文具类,配饰挂件类",不认可,包装可以更精致，同时附上简明的非遗文化说明卡。
daqi-answer-964,2026-08-12T12:39:00+08:00,女,18岁以下,职场上班族,2000-3500元,非常喜欢,每月1次,"日常自用,活动奖品","短视频平台,校园市集",完全没听过,非常感兴趣,"手工工艺独特,小众不撞款",不适合日常使用,非常愿意,支持,提升包装质感,可能会,"大漆钥匙扣,大件漆艺摆件",简约现代风,可以接受,"工艺质感,颜值外观",极高,盲盒款式,非常喜欢,莫兰迪浅色系,随缘,"同学朋友送礼,师生赠礼",略有影响,"款式同质化严重,华而不实无实用性",20-40元,80-120元,完全愿意,大概率会,不会关注,"线上店铺,文创展会",无变化,一定会复购,"工艺制作短视频,高颜值产品实拍图","配饰挂件类,礼盒套装类",非常认可，环保创新,希望增加年轻化配色和小件礼盒，方便送礼和收藏。
daqi-answer-965,2026-08-13T13:52:00+08:00,男,18-22岁,个体经营者,1000元以内,比较喜欢,每月多次,"日常自用,市集/展会随手购买",校园市集,非常了解,比较感兴趣,色泽质感高级,"价格昂贵,款式老旧",愿意,强烈支持,"降低价格,提升包装质感",不确定,大漆书签,传统国风古风,非常介意,颜值外观,较高,单品简约款,喜欢,撞色潮流色系,非常愿意,同学朋友送礼,会，非常加分,"价格虚高,华而不实无实用性",40-60元,50元以内,可以接受小幅溢价,基本不会,一定会了解购买,"线上店铺,线下实体店",大幅提升,可能复购,"高颜值产品实拍图,市集线下体验",桌面摆件类,比较认可,希望兼顾传统工艺和日常实用性，价格可以分档。
daqi-answer-966,2026-08-14T14:05:00+08:00,女,31-40岁,在校学生,1000-2000元,非常喜欢,每月多次,收藏爱好,"短视频平台,朋友推荐",略有耳闻,一般,"非遗文化底蕴,手工工艺独特","款式老旧,工艺精致",非常愿意,支持,"适配日常使用,加强科普宣传",一定会,"大漆漆扇,文创套装礼盒",可爱治愈风,完全接受，更有特色,"价格性价比,工艺质感",较低,组合套装礼盒,无所谓,经典黑金红传统色,愿意,"师生赠礼,节日礼物",略有影响,华而不实无实用性,20元以内,50-80元,完全不接受,一定会买,随缘,文创展会,小幅提升,不会复购,非遗文化科普,"文具类,定制专属类",非常认可，环保创新,建议多做短视频展示制作过程，并在线下市集提供体验。
daqi-answer-967,2026-08-15T15:18:00+08:00,男,18岁以下,职场上班族,3500元以上,非常喜欢,季度1-2次,"日常自用,收藏爱好","电商店铺,短视频平台",非常了解,非常感兴趣,"手工工艺独特,国风颜值高",适合收藏送礼,愿意,中立,降低价格,可能会,"大漆钥匙扣,大漆漆扇",简约现代风,介意，追求完美品,"工艺质感,实用性",极高,盲盒款式,非常喜欢,莫兰迪浅色系,非常愿意,"同学朋友送礼,节日礼物",无影响,"做工粗糙,华而不实无实用性",20-40元,120元以上,完全愿意,看价格款式决定,一定会了解购买,"线上店铺,校园市集",反而降低,一定会复购,"工艺制作短视频,优惠活动福利","配饰挂件类,桌面摆件类",比较认可,包装可以更精致，同时附上简明的非遗文化说明卡。
daqi-answer-968,2026-08-16T16:31:00+08:00,女,18-22岁,在校学生,1000元以内,一般,每月多次,"送礼纪念,市集/展会随手购买",校园市集,略有耳闻,比较感兴趣,小众不撞款,"价格昂贵,适合收藏送礼",无所谓,强烈支持,"优化款式设计,提升包装质感",基本不会,大漆书签,小众艺术轻奢风,完全接受，更有特色,颜值外观,较高,单品简约款,喜欢,经典黑金红传统色,愿意,节日礼物,会，非常加分,"价格虚高,包装简陋",60元以上,50元以内,不太接受,一定会买,会驻足了解,"校园市集,线下实体店",大幅提升,可能复购,"高颜值产品实拍图,非遗文化科普",定制专属类,无所谓,希望增加年轻化配色和小件礼盒，方便送礼和收藏。
daqi-answer-969,2026-08-17T17:44:00+08:00,男,18岁以下,在校学生,2000-3500元,非常喜欢,每月1次,收藏爱好,"短视频平台,校园市集",完全没听过,毫无兴趣,"非遗文化底蕴,小众不撞款","不适合日常使用,工艺精致",非常愿意,支持,"适配日常使用,优化款式设计",一定会,"大漆漆扇,大件漆艺摆件",简约现代风,可以接受,"价格性价比,独特小众性",极高,组合套装礼盒,非常喜欢,莫兰迪浅色系,随缘,"商务小礼品,节日礼物",略有影响,华而不实无实用性,20元以内,80-120元,完全愿意,大概率会,不会关注,文创展会,小幅提升,一定会复购,优惠活动福利,"文具类,礼盒套装类",非常认可，环保创新,希望兼顾传统工艺和日常实用性，价格可以分档。
daqi-answer-970,2026-08-18T18:57:00+08:00,女,18岁以下,自由职业,1000元以内,比较喜欢,季度1-2次,"日常自用,送礼纪念","电商店铺,朋友推荐",非常了解,非常感兴趣,"色泽质感高级,国风颜值高",价格昂贵,愿意,不支持,降低价格,不确定,"大件漆艺摆件,大漆漆扇",传统国风古风,介意，追求完美品,"文化寓意,工艺质感",极高,单品简约款,喜欢,撞色潮流色系,非常愿意,"同学朋友送礼,纪念收藏",不在意,"价格虚高,款式同质化严重",40-60元,50元以内,可以接受小幅溢价,基本不会,一定会了解购买,"线上店铺,社群团购",大幅提升,可能复购,"工艺制作短视频,市集线下体验","桌面摆件类,配饰挂件类",比较认可,建议多做短视频展示制作过程，并在线下市集提供体验。
daqi-answer-971,2026-08-19T09:10:00+08:00,男,23-30岁,在校学生,1000-2000元,一般,每月多次,"送礼纪念,活动奖品",文创展会,略有耳闻,一般,非遗文化底蕴,"款式老旧,适合收藏送礼",不愿意,强烈支持,"优化款式设计,加强科普宣传",一定会,大漆书签,小众艺术轻奢风,完全接受，更有特色,颜值外观,一般,组合套装礼盒,无所谓,经典黑金红传统色,愿意,节日礼物,会，非常加分,"价格虚高,做工粗糙",20元以内,50-80元,完全不接受,一定会买,会驻足了解,"校园市集,文创展会",小幅提升,不确定,"非遗文化科普,高颜值产品实拍图",文具类,非常认可，环保创新,包装可以更精致，同时附上简明的非遗文化说明卡。
daqi-answer-972,2026-08-20T10:23:00+08:00,女,18岁以下,职场上班族,2000-3500元,非常喜欢,每月1次,市集/展会随手购买,"短视频平台,线下实体店",非常了解,非常感兴趣,"手工工艺独特,小众不撞款","不适合日常使用,款式老旧",非常愿意,中立,"加强科普宣传,优化款式设计",可能会,"大漆漆扇,大漆钥匙扣",简约现代风,可以接受,"价格性价比,文化寓意",极高,盲盒款式,非常喜欢,莫兰迪浅色系,不愿意,"同学朋友送礼,师生赠礼",无影响,款式同质化严重,20-40元,120元以上,完全愿意,大概率会,一定会了解购买,社群团购,无变化,一定会复购,工艺制作短视频,"配饰挂件类,礼盒套装类",非常认可，环保创新,希望增加年轻化配色和小件礼盒，方便送礼和收藏。
daqi-answer-973,2026-08-21T11:36:00+08:00,男,18-22岁,自由职业,1000元以内,比较喜欢,几乎不买,"日常自用,市集/展会随手购买","电商店铺,校园市集",略有耳闻,比较感兴趣,"色泽质感高级,手工工艺独特",价格昂贵,无所谓,强烈支持,降低价格,不确定,"大漆书签,大漆钥匙扣",传统国风古风,完全接受，更有特色,"实用性,价格性价比",较高,单品简约款,喜欢,自然原木底色,非常愿意,"同学朋友送礼,商务小礼品",会，非常加分,"价格虚高,华而不实无实用性",60元以上,50元以内,可以接受小幅溢价,一定会买,会驻足了解,"线上店铺,线下实体店",大幅提升,可能复购,"高颜值产品实拍图,市集线下体验","桌面摆件类,文具类",无所谓,希望兼顾传统工艺和日常实用性，价格可以分档。
daqi-answer-974,2026-08-22T12:49:00+08:00,女,23-30岁,在校学生,1000-2000元,完全不感兴趣,每月多次,"收藏爱好,活动奖品",朋友推荐,非常了解,一般,非遗文化底蕴,"款式老旧,工艺精致",非常愿意,支持,"优化款式设计,适配日常使用",一定会,大漆书签,简约现代风,可以接受,颜值外观,较低,组合套装礼盒,不喜欢,经典黑金红传统色,随缘,师生赠礼,略有影响,"华而不实无实用性,做工粗糙",20元以内,50-80元,完全愿意,大概率会,随缘,"文创展会,校园市集",小幅提升,一定会复购,"非遗文化科普,工艺制作短视频",文具类,非常认可，环保创新,建议多做短视频展示制作过程，并在线下市集提供体验。
daqi-answer-975,2026-08-23T13:02:00+08:00,男,18岁以下,职场上班族,1000元以内,非常喜欢,季度1-2次,日常自用,"短视频平台,文创展会",非常了解,非常感兴趣,"手工工艺独特,国风颜值高","工艺精致,款式老旧",愿意,中立,"降低价格,适配日常使用",可能会,"大漆钥匙扣,大漆漆扇",传统国风古风,介意，追求完美品,"价格性价比,颜值外观",极高,定制专属款,非常喜欢,撞色潮流色系,非常愿意,"同学朋友送礼,节日礼物",不在意,款式同质化严重,20-40元,50元以内,可以接受小幅溢价,看价格款式决定,一定会了解购买,线上店铺,大幅提升,一定会复购,工艺制作短视频,"配饰挂件类,桌面摆件类",比较认可,包装可以更精致，同时附上简明的非遗文化说明卡。
daqi-answer-976,2026-08-24T14:15:00+08:00,男,18-22岁,其他,1000-2000元,一般,每月多次,"送礼纪念,市集/展会随手购买","校园市集,短视频平台",完全没听过,比较感兴趣,"国风颜值高,手工工艺独特",价格昂贵,无所谓,强烈支持,降低价格,一定会,"大漆书签,大漆漆扇",小众艺术轻奢风,完全接受，更有特色,"颜值外观,价格性价比",较高,单品简约款,无所谓,经典黑金红传统色,愿意,"节日礼物,商务小礼品",会，非常加分,"价格虚高,包装简陋",20元以内,50-80元,不太接受,一定会买,会驻足了解,"校园市集,线下实体店",大幅提升,不确定,"高颜值产品实拍图,非遗文化科普","礼盒套装类,文具类",不认可,希望增加年轻化配色和小件礼盒，方便送礼和收藏。
daqi-answer-977,2026-08-25T15:28:00+08:00,男,40岁以上,在校学生,2000-3500元,非常喜欢,每月1次,"收藏爱好,送礼纪念",短视频平台,非常了解,兴趣较低,非遗文化底蕴,"款式老旧,不适合日常使用",非常愿意,支持,"适配日常使用,优化款式设计",可能会,大漆漆扇,简约现代风,可以接受,颜值外观,极高,盲盒款式,非常喜欢,莫兰迪浅色系,不愿意,师生赠礼,略有影响,"华而不实无实用性,款式同质化严重",20-40元,80-120元,完全愿意,大概率会,一定会了解购买,"文创展会,线上店铺",无变化,一定会复购,"市集线下体验,工艺制作短视频",文具类,非常认可，环保创新,希望兼顾传统工艺和日常实用性，价格可以分档。
daqi-answer-978,2026-08-26T16:41:00+08:00,男,18岁以下,自由职业,1000元以内,比较喜欢,季度1-2次,日常自用,"电商店铺,校园市集",略有耳闻,非常感兴趣,"手工工艺独特,色泽质感高级","价格昂贵,不适合日常使用",愿意,强烈支持,"降低价格,优化款式设计",不确定,"大件漆艺摆件,大漆漆扇",传统国风古风,非常介意,"工艺质感,独特小众性",极高,单品简约款,喜欢,自然原木底色,非常愿意,"同学朋友送礼,纪念收藏",会，非常加分,包装简陋,40-60元,50元以内,可以接受小幅溢价,一定会买,一定会了解购买,线上店铺,大幅提升,可能复购,工艺制作短视频,"配饰挂件类,文具类",比较认可,建议多做短视频展示制作过程，并在线下市集提供体验。
daqi-answer-979,2026-08-27T17:54:00+08:00,女,23-30岁,在校学生,1000-2000元,一般,每月多次,"送礼纪念,活动奖品","校园市集,朋友推荐",非常了解,比较感兴趣,"非遗文化底蕴,色泽质感高级",价格昂贵,非常愿意,支持,优化款式设计,一定会,"大漆书签,文创套装礼盒",可爱治愈风,完全接受，更有特色,"颜值外观,实用性",一般,组合套装礼盒,不喜欢,经典黑金红传统色,愿意,"节日礼物,师生赠礼",略有影响,"价格虚高,做工粗糙",20元以内,50-80元,完全愿意,一定会买,随缘,"校园市集,文创展会",小幅提升,不会复购,"高颜值产品实拍图,工艺制作短视频","文具类,配饰挂件类",非常认可，环保创新,包装可以更精致，同时附上简明的非遗文化说明卡。
daqi-answer-980,2026-08-28T18:07:00+08:00,男,18岁以下,职场上班族,3500元以上,非常喜欢,每月1次,"活动奖品,送礼纪念",短视频平台,略有耳闻,非常感兴趣,非遗文化底蕴,"不适合日常使用,款式老旧",愿意,中立,"加强科普宣传,优化款式设计",可能会,大漆漆扇,简约现代风,介意，追求完美品,价格性价比,极高,定制专属款,非常喜欢,莫兰迪浅色系,非常愿意,纪念收藏,无影响,"款式同质化严重,华而不实无实用性",20-40元,50元以内,完全愿意,看价格款式决定,一定会了解购买,"线下实体店,线上店铺",反而降低,一定会复购,"工艺制作短视频,高颜值产品实拍图",文具类,比较认可,希望增加年轻化配色和小件礼盒，方便送礼和收藏。
daqi-answer-981,2026-08-01T09:20:00+08:00,女,18-22岁,自由职业,1000元以内,比较喜欢,半年一次,日常自用,"电商店铺,线下实体店",完全没听过,非常感兴趣,"色泽质感高级,手工工艺独特","价格昂贵,款式老旧",无所谓,强烈支持,"降低价格,提升包装质感",基本不会,"大漆书签,大漆钥匙扣",小众艺术轻奢风,完全接受，更有特色,"工艺质感,文化寓意",较高,单品简约款,喜欢,经典黑金红传统色,愿意,"同学朋友送礼,商务小礼品",会，非常加分,价格虚高,20元以内,50元以内,不太接受,一定会买,会驻足了解,线上店铺,大幅提升,可能复购,工艺制作短视频,"桌面摆件类,文具类",无所谓,希望兼顾传统工艺和日常实用性，价格可以分档。
daqi-answer-982,2026-08-02T10:33:00+08:00,男,23-30岁,在校学生,2000-3500元,不太喜欢,每月多次,"送礼纪念,收藏爱好","文创展会,校园市集",非常了解,一般,"非遗文化底蕴,手工工艺独特",款式老旧,非常愿意,支持,优化款式设计,一定会,"大漆书签,大件漆艺摆件",简约现代风,可以接受,"颜值外观,工艺质感",一般,组合套装礼盒,非常喜欢,莫兰迪浅色系,随缘,"师生赠礼,节日礼物",略有影响,"华而不实无实用性,做工粗糙",20元以内,80-120元,完全愿意,大概率会,不会关注,"校园市集,线上店铺",小幅提升,一定会复购,"非遗文化科普,工艺制作短视频","文具类,定制专属类",非常认可，环保创新,建议多做短视频展示制作过程，并在线下市集提供体验。
daqi-answer-983,2026-08-03T11:46:00+08:00,女,18岁以下,职场上班族,1000元以内,非常喜欢,每月1次,"日常自用,收藏爱好",短视频平台,完全没听过,非常感兴趣,手工工艺独特,"工艺精致,款式老旧",愿意,不支持,"降低价格,适配日常使用",不确定,大漆钥匙扣,传统国风古风,非常介意,价格性价比,极高,单品简约款,喜欢,撞色潮流色系,非常愿意,同学朋友送礼,会，非常加分,"款式同质化严重,价格虚高",40-60元,50元以内,可以接受小幅溢价,基本不会,一定会了解购买,"线上店铺,校园市集",大幅提升,可能复购,"工艺制作短视频,优惠活动福利",配饰挂件类,比较认可,包装可以更精致，同时附上简明的非遗文化说明卡。
daqi-answer-984,2026-08-04T12:59:00+08:00,男,18-22岁,个体经营者,1000-2000元,比较喜欢,每月多次,日常自用,"电商店铺,文创展会",非常了解,比较感兴趣,"国风颜值高,手工工艺独特","价格昂贵,适合收藏送礼",不愿意,强烈支持,"降低价格,加强科普宣传",一定会,"大漆书签,大漆漆扇",可爱治愈风,完全接受，更有特色,"实用性,工艺质感",较高,组合套装礼盒,无所谓,经典黑金红传统色,愿意,"节日礼物,商务小礼品",会，非常加分,价格虚高,20元以内,50-80元,完全不接受,一定会买,会驻足了解,线上店铺,小幅提升,不确定,高颜值产品实拍图,"礼盒套装类,文具类",非常认可，环保创新,希望增加年轻化配色和小件礼盒，方便送礼和收藏。
daqi-answer-985,2026-08-05T13:12:00+08:00,女,31-40岁,在校学生,2000-3500元,非常喜欢,每月多次,"收藏爱好,送礼纪念","朋友推荐,电商店铺",略有耳闻,兴趣较低,"非遗文化底蕴,小众不撞款",款式老旧,非常愿意,中立,适配日常使用,可能会,"大漆漆扇,大件漆艺摆件",简约现代风,可以接受,"颜值外观,独特小众性",不看重,盲盒款式,非常喜欢,莫兰迪浅色系,非常愿意,"师生赠礼,同学朋友送礼",无影响,"华而不实无实用性,款式同质化严重",20-40元,120元以上,完全愿意,大概率会,一定会了解购买,"文创展会,线上店铺",无变化,一定会复购,"市集线下体验,工艺制作短视频","文具类,礼盒套装类",非常认可，环保创新,希望兼顾传统工艺和日常实用性，价格可以分档。
daqi-answer-986,2026-08-06T14:25:00+08:00,男,18岁以下,职场上班族,1000元以内,非常喜欢,季度1-2次,"日常自用,送礼纪念",短视频平台,非常了解,非常感兴趣,手工工艺独特,"价格昂贵,不适合日常使用",无所谓,强烈支持,"降低价格,优化款式设计",基本不会,大漆钥匙扣,传统国风古风,完全接受，更有特色,价格性价比,极高,单品简约款,喜欢,经典黑金红传统色,非常愿意,同学朋友送礼,会，非常加分,"做工粗糙,价格虚高",60元以上,50元以内,可以接受小幅溢价,一定会买,会驻足了解,"线上店铺,社群团购",大幅提升,可能复购,"工艺制作短视频,市集线下体验",配饰挂件类,无所谓,建议多做短视频展示制作过程，并在线下市集提供体验。
daqi-answer-987,2026-08-07T15:38:00+08:00,女,18-22岁,在校学生,1000-2000元,一般,每月多次,送礼纪念,"电商店铺,短视频平台",略有耳闻,比较感兴趣,"非遗文化底蕴,色泽质感高级","价格昂贵,工艺精致",非常愿意,支持,"优化款式设计,加强科普宣传",一定会,"大漆书签,文创套装礼盒",简约现代风,可以接受,"颜值外观,工艺质感",一般,组合套装礼盒,非常喜欢,经典黑金红传统色,随缘,"节日礼物,师生赠礼",略有影响,价格虚高,20元以内,50-80元,完全愿意,大概率会,随缘,校园市集,小幅提升,一定会复购,高颜值产品实拍图,"定制专属类,文具类",非常认可，环保创新,包装可以更精致，同时附上简明的非遗文化说明卡。
daqi-answer-988,2026-08-08T16:51:00+08:00,男,18岁以下,在校学生,1000元以内,非常喜欢,每月1次,"活动奖品,送礼纪念","短视频平台,电商店铺",完全没听过,非常感兴趣,"非遗文化底蕴,国风颜值高",不适合日常使用,愿意,不支持,适配日常使用,可能会,"大漆漆扇,大漆钥匙扣",传统国风古风,介意，追求完美品,"颜值外观,文化寓意",极高,单品简约款,非常喜欢,撞色潮流色系,非常愿意,"商务小礼品,同学朋友送礼",不在意,"华而不实无实用性,价格虚高",20-40元,50元以内,可以接受小幅溢价,看价格款式决定,一定会了解购买,"线下实体店,线上店铺",大幅提升,一定会复购,"优惠活动福利,工艺制作短视频","文具类,桌面摆件类",比较认可,希望增加年轻化配色和小件礼盒，方便送礼和收藏。
daqi-answer-989,2026-08-09T17:04:00+08:00,女,18岁以下,自由职业,1000-2000元,比较喜欢,半年一次,"日常自用,市集/展会随手购买",短视频平台,非常了解,非常感兴趣,色泽质感高级,"价格昂贵,款式老旧",不愿意,强烈支持,"降低价格,提升包装质感",一定会,文创套装礼盒,小众艺术轻奢风,完全接受，更有特色,工艺质感,较高,单品简约款,无所谓,经典黑金红传统色,愿意,同学朋友送礼,会，非常加分,"价格虚高,华而不实无实用性",20元以内,50-80元,不太接受,一定会买,会驻足了解,"线上店铺,线下实体店",大幅提升,不确定,"工艺制作短视频,非遗文化科普",桌面摆件类,不认可,希望兼顾传统工艺和日常实用性，价格可以分档。
daqi-answer-990,2026-08-10T18:17:00+08:00,男,23-30岁,在校学生,2000-3500元,不太喜欢,每月多次,送礼纪念,"校园市集,线下实体店",略有耳闻,一般,"非遗文化底蕴,手工工艺独特","款式老旧,工艺精致",非常愿意,支持,"优化款式设计,适配日常使用",可能会,"大漆书签,大件漆艺摆件",简约现代风,可以接受,"颜值外观,独特小众性",一般,盲盒款式,非常喜欢,莫兰迪浅色系,不愿意,"节日礼物,同学朋友送礼",略有影响,价格虚高,20-40元,80-120元,完全愿意,大概率会,一定会了解购买,校园市集,无变化,一定会复购,非遗文化科普,"文具类,定制专属类",非常认可，环保创新,建议多做短视频展示制作过程，并在线下市集提供体验。
daqi-answer-991,2026-08-11T09:30:00+08:00,女,18岁以下,职场上班族,1000元以内,非常喜欢,每月1次,"日常自用,收藏爱好","短视频平台,朋友推荐",非常了解,非常感兴趣,"手工工艺独特,国风颜值高",不适合日常使用,愿意,强烈支持,提升包装质感,不确定,"大漆钥匙扣,大漆漆扇",传统国风古风,完全接受，更有特色,"价格性价比,工艺质感",极高,单品简约款,喜欢,自然原木底色,非常愿意,"同学朋友送礼,节日礼物",会，非常加分,"款式同质化严重,价格虚高",40-60元,50元以内,可以接受小幅溢价,一定会买,一定会了解购买,"社群团购,线上店铺",大幅提升,可能复购,"工艺制作短视频,优惠活动福利","配饰挂件类,桌面摆件类",比较认可,包装可以更精致，同时附上简明的非遗文化说明卡。
daqi-answer-992,2026-08-12T10:43:00+08:00,男,18-22岁,个体经营者,1000-2000元,比较喜欢,每月多次,"日常自用,活动奖品",电商店铺,略有耳闻,比较感兴趣,色泽质感高级,"价格昂贵,适合收藏送礼",非常愿意,支持,"降低价格,加强科普宣传",一定会,大漆书签,简约现代风,完全接受，更有特色,工艺质感,较高,组合套装礼盒,不喜欢,经典黑金红传统色,愿意,同学朋友送礼,略有影响,"价格虚高,包装简陋",20元以内,50-80元,完全愿意,一定会买,随缘,"线上店铺,文创展会",小幅提升,不会复购,"高颜值产品实拍图,非遗文化科普",桌面摆件类,非常认可，环保创新,希望增加年轻化配色和小件礼盒，方便送礼和收藏。
daqi-answer-993,2026-08-13T11:56:00+08:00,男,31-40岁,在校学生,3500元以上,非常喜欢,每月多次,收藏爱好,"校园市集,文创展会",非常了解,一般,"非遗文化底蕴,小众不撞款","款式老旧,不适合日常使用",愿意,中立,"适配日常使用,优化款式设计",可能会,"大漆漆扇,大件漆艺摆件",简约现代风,介意，追求完美品,"颜值外观,文化寓意",较低,定制专属款,非常喜欢,莫兰迪浅色系,非常愿意,"师生赠礼,同学朋友送礼",无影响,华而不实无实用性,20-40元,50元以内,完全愿意,看价格款式决定,一定会了解购买,文创展会,反而降低,一定会复购,非遗文化科普,"文具类,礼盒套装类",比较认可,希望兼顾传统工艺和日常实用性，价格可以分档。
daqi-answer-994,2026-08-14T12:09:00+08:00,男,18岁以下,职场上班族,1000元以内,非常喜欢,季度1-2次,"日常自用,送礼纪念","短视频平台,校园市集",非常了解,非常感兴趣,"手工工艺独特,色泽质感高级",适合收藏送礼,无所谓,强烈支持,降低价格,一定会,"大漆钥匙扣,大漆书签",小众艺术轻奢风,完全接受，更有特色,"价格性价比,独特小众性",极高,单品简约款,喜欢,经典黑金红传统色,愿意,"同学朋友送礼,纪念收藏",会，非常加分,"做工粗糙,价格虚高",20元以内,50元以内,不太接受,一定会买,会驻足了解,"线上店铺,社群团购",大幅提升,可能复购,"工艺制作短视频,市集线下体验","配饰挂件类,文具类",无所谓,建议多做短视频展示制作过程，并在线下市集提供体验。
daqi-answer-995,2026-08-15T13:22:00+08:00,男,18-22岁,在校学生,2000-3500元,一般,每月多次,"送礼纪念,活动奖品",电商店铺,完全没听过,比较感兴趣,小众不撞款,"价格昂贵,工艺精致",非常愿意,支持,"优化款式设计,加强科普宣传",一定会,大漆书签,简约现代风,可以接受,文化寓意,较高,组合套装礼盒,非常喜欢,莫兰迪浅色系,随缘,节日礼物,略有影响,"价格虚高,做工粗糙",20元以内,80-120元,完全愿意,大概率会,不会关注,"校园市集,文创展会",小幅提升,一定会复购,"高颜值产品实拍图,工艺制作短视频",礼盒套装类,非常认可，环保创新,包装可以更精致，同时附上简明的非遗文化说明卡。
daqi-answer-996,2026-08-16T14:35:00+08:00,女,18岁以下,在校学生,1000元以内,非常喜欢,每月1次,收藏爱好,"朋友推荐,校园市集",非常了解,毫无兴趣,"非遗文化底蕴,国风颜值高","不适合日常使用,款式老旧",愿意,强烈支持,"适配日常使用,降低价格",不确定,"大漆漆扇,大漆钥匙扣",传统国风古风,非常介意,"颜值外观,价格性价比",极高,单品简约款,喜欢,撞色潮流色系,非常愿意,"商务小礼品,同学朋友送礼",会，非常加分,华而不实无实用性,40-60元,50元以内,可以接受小幅溢价,基本不会,一定会了解购买,文创展会,大幅提升,可能复购,市集线下体验,"文具类,桌面摆件类",比较认可,希望增加年轻化配色和小件礼盒，方便送礼和收藏。
daqi-answer-997,2026-08-17T15:48:00+08:00,男,18岁以下,自由职业,1000-2000元,比较喜欢,季度1-2次,"日常自用,市集/展会随手购买","短视频平台,线下实体店",略有耳闻,非常感兴趣,"色泽质感高级,手工工艺独特",价格昂贵,非常愿意,强烈支持,降低价格,一定会,"大件漆艺摆件,大漆书签",可爱治愈风,完全接受，更有特色,"价格性价比,文化寓意",极高,组合套装礼盒,无所谓,经典黑金红传统色,愿意,"同学朋友送礼,商务小礼品",会，非常加分,"包装简陋,价格虚高",20元以内,50-80元,完全不接受,一定会买,会驻足了解,"线上店铺,线下实体店",小幅提升,不确定,"工艺制作短视频,非遗文化科普","配饰挂件类,定制专属类",非常认可，环保创新,希望兼顾传统工艺和日常实用性，价格可以分档。
daqi-answer-998,2026-08-18T16:01:00+08:00,女,23-30岁,在校学生,3500元以上,一般,每月多次,"送礼纪念,收藏爱好",电商店铺,非常了解,一般,非遗文化底蕴,"款式老旧,工艺精致",非常愿意,中立,"优化款式设计,适配日常使用",可能会,大漆书签,简约现代风,可以接受,颜值外观,一般,盲盒款式,非常喜欢,莫兰迪浅色系,非常愿意,节日礼物,无影响,"价格虚高,款式同质化严重",20-40元,120元以上,完全愿意,大概率会,一定会了解购买,"校园市集,线上店铺",无变化,一定会复购,"高颜值产品实拍图,优惠活动福利",文具类,非常认可，环保创新,建议多做短视频展示制作过程，并在线下市集提供体验。
daqi-answer-999,2026-08-19T17:14:00+08:00,男,18岁以下,职场上班族,1000元以内,非常喜欢,每月1次,市集/展会随手购买,"短视频平台,校园市集",略有耳闻,非常感兴趣,"手工工艺独特,国风颜值高","不适合日常使用,价格昂贵",无所谓,强烈支持,"加强科普宣传,降低价格",基本不会,"大漆漆扇,大漆书签",传统国风古风,完全接受，更有特色,"颜值外观,实用性",极高,单品简约款,喜欢,经典黑金红传统色,非常愿意,"纪念收藏,同学朋友送礼",会，非常加分,款式同质化严重,60元以上,50元以内,可以接受小幅溢价,一定会买,会驻足了解,线下实体店,大幅提升,可能复购,工艺制作短视频,"配饰挂件类,桌面摆件类",无所谓,包装可以更精致，同时附上简明的非遗文化说明卡。
daqi-answer-1000,2026-08-20T18:27:00+08:00,女,18-22岁,自由职业,1000-2000元,比较喜欢,几乎不买,"日常自用,活动奖品","短视频平台,文创展会",完全没听过,比较感兴趣,"色泽质感高级,非遗文化底蕴",价格昂贵,非常愿意,支持,降低价格,一定会,"大漆书签,大漆漆扇",简约现代风,可以接受,"工艺质感,价格性价比",较高,组合套装礼盒,非常喜欢,经典黑金红传统色,随缘,"同学朋友送礼,师生赠礼",略有影响,"价格虚高,包装简陋",20元以内,50-80元,完全愿意,大概率会,随缘,"线上店铺,文创展会",小幅提升,一定会复购,"高颜值产品实拍图,非遗文化科普","桌面摆件类,定制专属类",非常认可，环保创新,希望增加年轻化配色和小件礼盒，方便送礼和收藏。
daqi-answer-1001,2026-08-21T09:40:00+08:00,男,23-30岁,在校学生,1000元以内,完全不感兴趣,每月多次,"收藏爱好,送礼纪念",校园市集,非常了解,一般,非遗文化底蕴,"款式老旧,不适合日常使用",愿意,不支持,"优化款式设计,降低价格",可能会,大漆书签,传统国风古风,介意，追求完美品,颜值外观,较低,单品简约款,非常喜欢,撞色潮流色系,非常愿意,师生赠礼,不在意,"华而不实无实用性,款式同质化严重",20-40元,50元以内,可以接受小幅溢价,看价格款式决定,一定会了解购买,"校园市集,社群团购",大幅提升,一定会复购,"非遗文化科普,优惠活动福利",文具类,比较认可,希望兼顾传统工艺和日常实用性，价格可以分档。
daqi-answer-1002,2026-08-22T10:53:00+08:00,女,18岁以下,职场上班族,1000-2000元,非常喜欢,季度1-2次,日常自用,"短视频平台,线下实体店",略有耳闻,非常感兴趣,"手工工艺独特,色泽质感高级","工艺精致,价格昂贵",不愿意,强烈支持,"降低价格,优化款式设计",一定会,"大漆钥匙扣,大漆书签",小众艺术轻奢风,完全接受，更有特色,"价格性价比,文化寓意",极高,单品简约款,无所谓,经典黑金红传统色,愿意,"同学朋友送礼,纪念收藏",会，非常加分,款式同质化严重,20元以内,50-80元,不太接受,一定会买,会驻足了解,线上店铺,大幅提升,不确定,工艺制作短视频,"配饰挂件类,文具类",不认可,建议多做短视频展示制作过程，并在线下市集提供体验。
daqi-answer-1003,2026-08-23T11:06:00+08:00,男,18-22岁,其他,2000-3500元,一般,每月多次,"送礼纪念,活动奖品","电商店铺,校园市集",非常了解,比较感兴趣,"国风颜值高,非遗文化底蕴",价格昂贵,非常愿意,支持,降低价格,可能会,"大漆书签,文创套装礼盒",简约现代风,可以接受,"工艺质感,独特小众性",较高,盲盒款式,非常喜欢,莫兰迪浅色系,不愿意,"节日礼物,师生赠礼",略有影响,"价格虚高,做工粗糙",20-40元,80-120元,完全愿意,大概率会,一定会了解购买,"校园市集,文创展会",无变化,一定会复购,"高颜值产品实拍图,工艺制作短视频","礼盒套装类,定制专属类",非常认可，环保创新,包装可以更精致，同时附上简明的非遗文化说明卡。
daqi-answer-1004,2026-08-24T12:19:00+08:00,女,40岁以上,在校学生,1000元以内,非常喜欢,每月1次,"收藏爱好,日常自用",校园市集,略有耳闻,兴趣较低,非遗文化底蕴,"款式老旧,价格昂贵",愿意,强烈支持,"适配日常使用,降低价格",不确定,大漆漆扇,传统国风古风,完全接受，更有特色,颜值外观,不看重,单品简约款,喜欢,自然原木底色,非常愿意,师生赠礼,会，非常加分,"华而不实无实用性,价格虚高",40-60元,50元以内,可以接受小幅溢价,一定会买,一定会了解购买,"文创展会,社群团购",大幅提升,可能复购,"市集线下体验,优惠活动福利",文具类,比较认可,希望增加年轻化配色和小件礼盒，方便送礼和收藏。
daqi-answer-1005,2026-08-25T13:32:00+08:00,男,18岁以下,自由职业,1000-2000元,比较喜欢,季度1-2次,日常自用,"短视频平台,文创展会",非常了解,非常感兴趣,"手工工艺独特,非遗文化底蕴","价格昂贵,款式老旧",非常愿意,支持,"降低价格,提升包装质感",一定会,"大件漆艺摆件,大漆书签",简约现代风,完全接受，更有特色,"价格性价比,颜值外观",极高,组合套装礼盒,不喜欢,经典黑金红传统色,愿意,"同学朋友送礼,商务小礼品",略有影响,做工粗糙,20元以内,50-80元,完全愿意,一定会买,随缘,线上店铺,小幅提升,不会复购,工艺制作短视频,"配饰挂件类,定制专属类",非常认可，环保创新,希望兼顾传统工艺和日常实用性，价格可以分档。
daqi-answer-1006,2026-08-26T14:45:00+08:00,女,23-30岁,在校学生,1000元以内,一般,每月多次,"送礼纪念,收藏爱好","电商店铺,线下实体店",非常了解,比较感兴趣,"非遗文化底蕴,手工工艺独特",价格昂贵,愿意,中立,优化款式设计,可能会,"大漆书签,大件漆艺摆件",简约现代风,介意，追求完美品,"文化寓意,实用性",一般,定制专属款,非常喜欢,莫兰迪浅色系,非常愿意,"节日礼物,同学朋友送礼",无影响,"价格虚高,款式同质化严重",20-40元,50元以内,完全愿意,看价格款式决定,一定会了解购买,"校园市集,线上店铺",反而降低,一定会复购,"高颜值产品实拍图,优惠活动福利","文具类,定制专属类",比较认可,建议多做短视频展示制作过程，并在线下市集提供体验。
daqi-answer-1007,2026-08-27T15:58:00+08:00,男,18岁以下,职场上班族,1000元以内,非常喜欢,每月1次,"活动奖品,日常自用",文创展会,完全没听过,非常感兴趣,非遗文化底蕴,"不适合日常使用,价格昂贵",无所谓,强烈支持,"加强科普宣传,降低价格",一定会,大漆漆扇,小众艺术轻奢风,完全接受，更有特色,颜值外观,极高,单品简约款,喜欢,经典黑金红传统色,愿意,商务小礼品,会，非常加分,"华而不实无实用性,包装简陋",20元以内,50元以内,不太接受,一定会买,会驻足了解,"线下实体店,社群团购",大幅提升,可能复购,"工艺制作短视频,优惠活动福利",文具类,无所谓,包装可以更精致，同时附上简明的非遗文化说明卡。
daqi-answer-1008,2026-08-28T16:11:00+08:00,女,18-22岁,自由职业,2000-3500元,比较喜欢,半年一次,日常自用,"短视频平台,电商店铺",非常了解,非常感兴趣,"色泽质感高级,非遗文化底蕴","价格昂贵,适合收藏送礼",非常愿意,支持,"降低价格,加强科普宣传",一定会,"文创套装礼盒,大漆书签",简约现代风,可以接受,"价格性价比,实用性",较高,组合套装礼盒,非常喜欢,莫兰迪浅色系,随缘,"同学朋友送礼,师生赠礼",略有影响,价格虚高,20元以内,80-120元,完全愿意,大概率会,不会关注,线上店铺,小幅提升,一定会复购,工艺制作短视频,"桌面摆件类,定制专属类",非常认可，环保创新,希望增加年轻化配色和小件礼盒，方便送礼和收藏。
daqi-answer-1009,2026-08-01T17:24:00+08:00,男,23-30岁,在校学生,1000元以内,不太喜欢,每月多次,"送礼纪念,日常自用","电商店铺,文创展会",略有耳闻,一般,"非遗文化底蕴,小众不撞款",款式老旧,愿意,强烈支持,优化款式设计,不确定,"大漆书签,大漆钥匙扣",传统国风古风,非常介意,"颜值外观,实用性",一般,单品简约款,喜欢,撞色潮流色系,非常愿意,"节日礼物,纪念收藏",会，非常加分,"华而不实无实用性,款式同质化严重",40-60元,50元以内,可以接受小幅溢价,基本不会,一定会了解购买,"校园市集,社群团购",大幅提升,可能复购,"非遗文化科普,优惠活动福利","文具类,礼盒套装类",比较认可,希望兼顾传统工艺和日常实用性，价格可以分档。
daqi-answer-1010,2026-08-02T18:37:00+08:00,男,18岁以下,职场上班族,1000-2000元,非常喜欢,每月1次,"日常自用,送礼纪念",短视频平台,非常了解,非常感兴趣,手工工艺独特,"工艺精致,价格昂贵",非常愿意,强烈支持,"提升包装质感,降低价格",一定会,大漆钥匙扣,可爱治愈风,完全接受，更有特色,颜值外观,极高,组合套装礼盒,无所谓,经典黑金红传统色,愿意,同学朋友送礼,会，非常加分,"款式同质化严重,包装简陋",20元以内,50-80元,完全不接受,一定会买,会驻足了解,"线上店铺,社群团购",小幅提升,不确定,"工艺制作短视频,市集线下体验",配饰挂件类,非常认可，环保创新,建议多做短视频展示制作过程，并在线下市集提供体验。
daqi-answer-1011,2026-08-03T09:50:00+08:00,男,18-22岁,个体经营者,3500元以上,比较喜欢,每月多次,日常自用,"短视频平台,朋友推荐",略有耳闻,比较感兴趣,"国风颜值高,非遗文化底蕴","价格昂贵,工艺精致",非常愿意,中立,"降低价格,适配日常使用",可能会,"大漆书签,文创套装礼盒",简约现代风,可以接受,"工艺质感,文化寓意",较高,盲盒款式,非常喜欢,莫兰迪浅色系,非常愿意,"节日礼物,师生赠礼",无影响,价格虚高,20-40元,120元以上,完全愿意,大概率会,一定会了解购买,线上店铺,无变化,一定会复购,高颜值产品实拍图,"桌面摆件类,礼盒套装类",非常认可，环保创新,包装可以更精致，同时附上简明的非遗文化说明卡。
daqi-answer-1012,2026-08-04T10:03:00+08:00,男,31-40岁,在校学生,1000元以内,非常喜欢,每月多次,"收藏爱好,日常自用","校园市集,电商店铺",完全没听过,兴趣较低,"非遗文化底蕴,国风颜值高",款式老旧,无所谓,强烈支持,适配日常使用,基本不会,"大漆漆扇,大漆钥匙扣",传统国风古风,完全接受，更有特色,"颜值外观,工艺质感",较低,单品简约款,喜欢,经典黑金红传统色,非常愿意,"师生赠礼,纪念收藏",会，非常加分,"华而不实无实用性,价格虚高",60元以上,50元以内,可以接受小幅溢价,一定会买,会驻足了解,"文创展会,社群团购",大幅提升,可能复购,"非遗文化科普,市集线下体验","文具类,桌面摆件类",无所谓,希望增加年轻化配色和小件礼盒，方便送礼和收藏。
daqi-answer-1013,2026-08-05T11:16:00+08:00,女,18岁以下,职场上班族,1000-2000元,非常喜欢,季度1-2次,"日常自用,市集/展会随手购买",短视频平台,非常了解,非常感兴趣,手工工艺独特,"适合收藏送礼,价格昂贵",非常愿意,支持,"降低价格,提升包装质感",一定会,大漆钥匙扣,简约现代风,可以接受,价格性价比,极高,组合套装礼盒,非常喜欢,经典黑金红传统色,随缘,同学朋友送礼,略有影响,"做工粗糙,包装简陋",20元以内,50-80元,完全愿意,大概率会,随缘,"线上店铺,线下实体店",小幅提升,一定会复购,"工艺制作短视频,非遗文化科普",配饰挂件类,非常认可，环保创新,希望兼顾传统工艺和日常实用性，价格可以分档。
daqi-answer-1014,2026-08-06T12:29:00+08:00,男,18-22岁,在校学生,1000元以内,一般,每月多次,送礼纪念,"电商店铺,文创展会",完全没听过,比较感兴趣,"小众不撞款,非遗文化底蕴","价格昂贵,不适合日常使用",愿意,不支持,"优化款式设计,适配日常使用",可能会,"大漆书签,大件漆艺摆件",传统国风古风,介意，追求完美品,"工艺质感,颜值外观",较高,单品简约款,非常喜欢,撞色潮流色系,非常愿意,"节日礼物,同学朋友送礼",不在意,价格虚高,20-40元,50元以内,可以接受小幅溢价,看价格款式决定,一定会了解购买,校园市集,大幅提升,一定会复购,高颜值产品实拍图,"定制专属类,礼盒套装类",比较认可,建议多做短视频展示制作过程，并在线下市集提供体验。
daqi-answer-1015,2026-08-07T13:42:00+08:00,女,18岁以下,在校学生,1000-2000元,非常喜欢,每月1次,"活动奖品,日常自用","校园市集,线下实体店",非常了解,毫无兴趣,"非遗文化底蕴,色泽质感高级",不适合日常使用,不愿意,强烈支持,适配日常使用,一定会,"大漆漆扇,大漆书签",小众艺术轻奢风,完全接受，更有特色,"颜值外观,独特小众性",极高,单品简约款,无所谓,经典黑金红传统色,愿意,"商务小礼品,纪念收藏",会，非常加分,"华而不实无实用性,包装简陋",20元以内,50-80元,不太接受,一定会买,会驻足了解,"文创展会,线下实体店",大幅提升,不确定,"优惠活动福利,市集线下体验","文具类,配饰挂件类",不认可,包装可以更精致，同时附上简明的非遗文化说明卡。
daqi-answer-1016,2026-08-08T14:55:00+08:00,男,18岁以下,自由职业,2000-3500元,比较喜欢,半年一次,"日常自用,活动奖品",短视频平台,略有耳闻,非常感兴趣,色泽质感高级,"价格昂贵,适合收藏送礼",非常愿意,支持,"降低价格,加强科普宣传",可能会,大件漆艺摆件,简约现代风,可以接受,价格性价比,较高,盲盒款式,非常喜欢,莫兰迪浅色系,不愿意,同学朋友送礼,略有影响,"价格虚高,包装简陋",20-40元,80-120元,完全愿意,大概率会,一定会了解购买,"线上店铺,文创展会",无变化,一定会复购,"工艺制作短视频,高颜值产品实拍图",桌面摆件类,非常认可，环保创新,希望增加年轻化配色和小件礼盒，方便送礼和收藏。
daqi-answer-1017,2026-08-09T15:08:00+08:00,女,23-30岁,在校学生,1000元以内,不太喜欢,每月多次,送礼纪念,"电商店铺,短视频平台",非常了解,一般,"非遗文化底蕴,小众不撞款","款式老旧,不适合日常使用",愿意,强烈支持,"优化款式设计,降低价格",不确定,"大漆书签,大漆钥匙扣",传统国风古风,完全接受，更有特色,"文化寓意,独特小众性",一般,单品简约款,喜欢,自然原木底色,非常愿意,"节日礼物,纪念收藏",会，非常加分,价格虚高,40-60元,50元以内,可以接受小幅溢价,一定会买,一定会了解购买,校园市集,大幅提升,可能复购,非遗文化科普,"文具类,礼盒套装类",无所谓,希望兼顾传统工艺和日常实用性，价格可以分档。
daqi-answer-1018,2026-08-10T16:21:00+08:00,男,18岁以下,职场上班族,1000-2000元,非常喜欢,每月1次,"市集/展会随手购买,日常自用","文创展会,朋友推荐",略有耳闻,非常感兴趣,"手工工艺独特,色泽质感高级",不适合日常使用,非常愿意,支持,加强科普宣传,一定会,"大漆漆扇,文创套装礼盒",简约现代风,完全接受，更有特色,"颜值外观,文化寓意",极高,组合套装礼盒,不喜欢,经典黑金红传统色,愿意,"同学朋友送礼,纪念收藏",略有影响,"款式同质化严重,包装简陋",20元以内,50-80元,完全愿意,一定会买,随缘,"社群团购,线下实体店",小幅提升,不会复购,"工艺制作短视频,市集线下体验","配饰挂件类,文具类",非常认可，环保创新,建议多做短视频展示制作过程，并在线下市集提供体验。
daqi-answer-1019,2026-08-11T17:34:00+08:00,女,18-22岁,个体经营者,1000元以内,比较喜欢,几乎不买,"日常自用,收藏爱好",短视频平台,完全没听过,比较感兴趣,色泽质感高级,"价格昂贵,工艺精致",愿意,中立,"降低价格,适配日常使用",可能会,大漆书签,简约现代风,介意，追求完美品,价格性价比,较高,定制专属款,非常喜欢,莫兰迪浅色系,非常愿意,同学朋友送礼,无影响,"价格虚高,做工粗糙",20-40元,50元以内,完全愿意,看价格款式决定,一定会了解购买,"线上店铺,校园市集",反而降低,一定会复购,"高颜值产品实拍图,工艺制作短视频",桌面摆件类,比较认可,包装可以更精致，同时附上简明的非遗文化说明卡。
daqi-answer-1020,2026-08-12T18:47:00+08:00,男,31-40岁,在校学生,1000元以内,完全不感兴趣,每月多次,收藏爱好,"电商店铺,朋友推荐",非常了解,一般,"非遗文化底蕴,国风颜值高","款式老旧,价格昂贵",无所谓,强烈支持,"优化款式设计,提升包装质感",一定会,"大漆漆扇,大漆钥匙扣",小众艺术轻奢风,完全接受，更有特色,"颜值外观,独特小众性",较低,单品简约款,喜欢,经典黑金红传统色,愿意,"师生赠礼,纪念收藏",会，非常加分,华而不实无实用性,20元以内,50元以内,不太接受,一定会买,会驻足了解,文创展会,大幅提升,不确定,非遗文化科普,"文具类,桌面摆件类",无所谓,希望增加年轻化配色和小件礼盒，方便送礼和收藏。
daqi-answer-1021,2026-08-13T09:00:00+08:00,女,18岁以下,职场上班族,2000-3500元,非常喜欢,季度1-2次,"日常自用,市集/展会随手购买","短视频平台,朋友推荐",略有耳闻,非常感兴趣,"手工工艺独特,非遗文化底蕴",工艺精致,非常愿意,支持,降低价格,一定会,"大漆钥匙扣,文创套装礼盒",简约现代风,可以接受,"颜值外观,价格性价比",极高,组合套装礼盒,非常喜欢,莫兰迪浅色系,随缘,"同学朋友送礼,商务小礼品",略有影响,"款式同质化严重,做工粗糙",20元以内,80-120元,完全愿意,大概率会,不会关注,"线上店铺,线下实体店",无变化,一定会复购,"工艺制作短视频,非遗文化科普","配饰挂件类,定制专属类",非常认可，环保创新,希望兼顾传统工艺和日常实用性，价格可以分档。
daqi-answer-1022,2026-08-14T10:13:00+08:00,男,18-22岁,其他,1000元以内,一般,每月多次,"送礼纪念,收藏爱好",短视频平台,非常了解,比较感兴趣,国风颜值高,"价格昂贵,不适合日常使用",愿意,强烈支持,"优化款式设计,适配日常使用",不确定,大漆书签,传统国风古风,非常介意,工艺质感,较高,单品简约款,喜欢,撞色潮流色系,非常愿意,节日礼物,会，非常加分,"价格虚高,款式同质化严重",40-60元,50元以内,可以接受小幅溢价,基本不会,一定会了解购买,"校园市集,线上店铺",大幅提升,可能复购,"高颜值产品实拍图,优惠活动福利",礼盒套装类,比较认可,建议多做短视频展示制作过程，并在线下市集提供体验。
daqi-answer-1023,2026-08-15T11:26:00+08:00,女,40岁以上,在校学生,1000-2000元,非常喜欢,每月1次,收藏爱好,"校园市集,文创展会",略有耳闻,兴趣较低,"非遗文化底蕴,色泽质感高级","款式老旧,适合收藏送礼",非常愿意,强烈支持,"适配日常使用,提升包装质感",一定会,"大漆漆扇,大漆书签",可爱治愈风,完全接受，更有特色,"颜值外观,文化寓意",极高,组合套装礼盒,无所谓,经典黑金红传统色,愿意,"师生赠礼,商务小礼品",会，非常加分,华而不实无实用性,20元以内,50-80元,完全不接受,一定会买,随缘,文创展会,小幅提升,不确定,市集线下体验,"文具类,配饰挂件类",非常认可，环保创新,包装可以更精致，同时附上简明的非遗文化说明卡。
daqi-answer-1024,2026-08-16T12:39:00+08:00,男,18岁以下,自由职业,3500元以上,比较喜欢,季度1-2次,"日常自用,活动奖品","短视频平台,校园市集",非常了解,非常感兴趣,"手工工艺独特,小众不撞款",价格昂贵,非常愿意,中立,降低价格,可能会,"大件漆艺摆件,文创套装礼盒",简约现代风,可以接受,"价格性价比,独特小众性",极高,盲盒款式,非常喜欢,莫兰迪浅色系,非常愿意,"同学朋友送礼,师生赠礼",无影响,"包装简陋,做工粗糙",20-40元,120元以上,完全愿意,看价格款式决定,一定会了解购买,"线上店铺,文创展会",无变化,一定会复购,"工艺制作短视频,高颜值产品实拍图","配饰挂件类,礼盒套装类",非常认可，环保创新,希望增加年轻化配色和小件礼盒，方便送礼和收藏。
daqi-answer-1025,2026-08-17T13:52:00+08:00,女,23-30岁,在校学生,1000元以内,一般,每月多次,"送礼纪念,日常自用",电商店铺,非常了解,比较感兴趣,非遗文化底蕴,"款式老旧,不适合日常使用",无所谓,强烈支持,"优化款式设计,降低价格",基本不会,大漆书签,传统国风古风,完全接受，更有特色,工艺质感,一般,单品简约款,喜欢,经典黑金红传统色,非常愿意,节日礼物,会，非常加分,"价格虚高,华而不实无实用性",60元以上,50元以内,不太接受,一定会买,会驻足了解,"校园市集,社群团购",大幅提升,可能复购,"高颜值产品实拍图,市集线下体验",文具类,无所谓,希望兼顾传统工艺和日常实用性，价格可以分档。
daqi-answer-1026,2026-08-18T14:05:00+08:00,男,18岁以下,职场上班族,1000-2000元,非常喜欢,每月1次,活动奖品,"校园市集,短视频平台",完全没听过,非常感兴趣,"手工工艺独特,色泽质感高级","不适合日常使用,适合收藏送礼",非常愿意,支持,"加强科普宣传,提升包装质感",一定会,"大漆漆扇,文创套装礼盒",简约现代风,可以接受,"颜值外观,价格性价比",极高,组合套装礼盒,非常喜欢,经典黑金红传统色,随缘,"纪念收藏,商务小礼品",略有影响,款式同质化严重,20元以内,80-120元,完全愿意,大概率会,随缘,线下实体店,小幅提升,一定会复购,工艺制作短视频,"配饰挂件类,文具类",非常认可，环保创新,建议多做短视频展示制作过程，并在线下市集提供体验。
daqi-answer-1027,2026-08-19T15:18:00+08:00,男,18-22岁,自由职业,1000元以内,比较喜欢,半年一次,"日常自用,收藏爱好","短视频平台,线下实体店",非常了解,比较感兴趣,"色泽质感高级,小众不撞款",价格昂贵,愿意,不支持,降低价格,可能会,"大漆书签,文创套装礼盒",传统国风古风,介意，追求完美品,"价格性价比,文化寓意",较高,单品简约款,非常喜欢,撞色潮流色系,非常愿意,"同学朋友送礼,节日礼物",不在意,"价格虚高,做工粗糙",40-60元,50元以内,可以接受小幅溢价,看价格款式决定,一定会了解购买,"线上店铺,校园市集",大幅提升,一定会复购,"高颜值产品实拍图,工艺制作短视频","桌面摆件类,礼盒套装类",比较认可,包装可以更精致，同时附上简明的非遗文化说明卡。
daqi-answer-1028,2026-08-20T16:31:00+08:00,男,23-30岁,在校学生,1000-2000元,不太喜欢,每月多次,"送礼纪念,市集/展会随手购买",电商店铺,略有耳闻,一般,非遗文化底蕴,"款式老旧,价格昂贵",不愿意,强烈支持,"优化款式设计,提升包装质感",一定会,大漆书签,小众艺术轻奢风,完全接受，更有特色,文化寓意,一般,单品简约款,无所谓,经典黑金红传统色,愿意,师生赠礼,会，非常加分,"华而不实无实用性,价格虚高",20元以内,50-80元,不太接受,一定会买,会驻足了解,"校园市集,线下实体店",大幅提升,不确定,"非遗文化科普,市集线下体验",文具类,不认可,希望增加年轻化配色和小件礼盒，方便送礼和收藏。
daqi-answer-1029,2026-08-21T17:44:00+08:00,男,18岁以下,职场上班族,2000-3500元,非常喜欢,每月1次,日常自用,"文创展会,线下实体店",非常了解,非常感兴趣,"手工工艺独特,非遗文化底蕴","工艺精致,适合收藏送礼",非常愿意,支持,"降低价格,提升包装质感",可能会,"大漆钥匙扣,文创套装礼盒",简约现代风,可以接受,"颜值外观,实用性",极高,盲盒款式,非常喜欢,莫兰迪浅色系,不愿意,"同学朋友送礼,商务小礼品",无影响,款式同质化严重,20-40元,80-120元,完全愿意,大概率会,一定会了解购买,线上店铺,无变化,一定会复购,工艺制作短视频,"配饰挂件类,定制专属类",非常认可，环保创新,希望兼顾传统工艺和日常实用性，价格可以分档。
daqi-answer-1030,2026-08-22T18:57:00+08:00,男,18-22岁,个体经营者,1000元以内,比较喜欢,每月多次,"送礼纪念,收藏爱好","短视频平台,文创展会",略有耳闻,比较感兴趣,"国风颜值高,小众不撞款",价格昂贵,愿意,强烈支持,降低价格,不确定,"大漆书签,大件漆艺摆件",传统国风古风,完全接受，更有特色,"价格性价比,颜值外观",较高,单品简约款,喜欢,自然原木底色,非常愿意,"节日礼物,同学朋友送礼",会，非常加分,"价格虚高,款式同质化严重",40-60元,50元以内,可以接受小幅溢价,一定会买,一定会了解购买,"校园市集,线上店铺",大幅提升,可能复购,"高颜值产品实拍图,优惠活动福利","礼盒套装类,桌面摆件类",无所谓,建议多做短视频展示制作过程，并在线下市集提供体验。
daqi-answer-1031,2026-08-23T09:10:00+08:00,男,31-40岁,在校学生,1000-2000元,非常喜欢,每月1次,"收藏爱好,市集/展会随手购买",电商店铺,完全没听过,兴趣较低,非遗文化底蕴,"款式老旧,适合收藏送礼",非常愿意,支持,"适配日常使用,提升包装质感",一定会,大漆漆扇,简约现代风,完全接受，更有特色,独特小众性,不看重,组合套装礼盒,不喜欢,经典黑金红传统色,随缘,师生赠礼,略有影响,"华而不实无实用性,包装简陋",20元以内,50-80元,完全愿意,一定会买,随缘,"文创展会,线下实体店",小幅提升,不会复购,"市集线下体验,非遗文化科普",文具类,非常认可，环保创新,包装可以更精致，同时附上简明的非遗文化说明卡。
daqi-answer-1032,2026-08-24T10:23:00+08:00,女,18岁以下,职场上班族,1000元以内,比较喜欢,季度1-2次,日常自用,"短视频平台,线下实体店",非常了解,非常感兴趣,"手工工艺独特,小众不撞款","价格昂贵,适合收藏送礼",愿意,中立,"降低价格,加强科普宣传",可能会,"大漆钥匙扣,大件漆艺摆件",简约现代风,介意，追求完美品,"颜值外观,工艺质感",极高,定制专属款,非常喜欢,撞色潮流色系,非常愿意,"同学朋友送礼,师生赠礼",无影响,做工粗糙,20-40元,50元以内,完全愿意,看价格款式决定,一定会了解购买,线上店铺,反而降低,一定会复购,工艺制作短视频,"配饰挂件类,礼盒套装类",比较认可,希望增加年轻化配色和小件礼盒，方便送礼和收藏。
daqi-answer-1033,2026-08-25T11:36:00+08:00,男,18-22岁,在校学生,1000元以内,一般,每月多次,"送礼纪念,日常自用","短视频平台,电商店铺",完全没听过,比较感兴趣,"非遗文化底蕴,小众不撞款",价格昂贵,无所谓,强烈支持,优化款式设计,一定会,"大漆书签,大漆钥匙扣",小众艺术轻奢风,完全接受，更有特色,"工艺质感,独特小众性",一般,单品简约款,无所谓,经典黑金红传统色,愿意,"节日礼物,纪念收藏",会，非常加分,"价格虚高,华而不实无实用性",20元以内,50元以内,不太接受,一定会买,会驻足了解,"校园市集,社群团购",大幅提升,不确定,"高颜值产品实拍图,市集线下体验","文具类,礼盒套装类",无所谓,希望兼顾传统工艺和日常实用性，价格可以分档。
daqi-answer-1034,2026-08-26T12:49:00+08:00,女,18岁以下,职场上班族,2000-3500元,非常喜欢,每月1次,"活动奖品,市集/展会随手购买",校园市集,非常了解,非常感兴趣,非遗文化底蕴,"不适合日常使用,适合收藏送礼",非常愿意,支持,"适配日常使用,加强科普宣传",一定会,大漆漆扇,简约现代风,可以接受,颜值外观,极高,盲盒款式,非常喜欢,莫兰迪浅色系,随缘,商务小礼品,略有影响,"华而不实无实用性,做工粗糙",20元以内,80-120元,完全愿意,大概率会,不会关注,"线下实体店,文创展会",无变化,一定会复购,"工艺制作短视频,市集线下体验",文具类,非常认可，环保创新,建议多做短视频展示制作过程，并在线下市集提供体验。
daqi-answer-1035,2026-08-27T13:02:00+08:00,男,18-22岁,自由职业,1000元以内,比较喜欢,半年一次,日常自用,"短视频平台,文创展会",略有耳闻,非常感兴趣,"色泽质感高级,小众不撞款","价格昂贵,工艺精致",愿意,强烈支持,"降低价格,适配日常使用",不确定,"文创套装礼盒,大件漆艺摆件",传统国风古风,非常介意,"价格性价比,颜值外观",较高,单品简约款,喜欢,撞色潮流色系,非常愿意,"同学朋友送礼,节日礼物",会，非常加分,价格虚高,40-60元,50元以内,可以接受小幅溢价,基本不会,一定会了解购买,线上店铺,大幅提升,可能复购,工艺制作短视频,"桌面摆件类,礼盒套装类",比较认可,包装可以更精致，同时附上简明的非遗文化说明卡。
daqi-answer-1036,2026-08-28T14:15:00+08:00,女,23-30岁,在校学生,1000-2000元,不太喜欢,每月多次,"送礼纪念,市集/展会随手购买","电商店铺,线下实体店",非常了解,一般,"非遗文化底蕴,国风颜值高",款式老旧,非常愿意,强烈支持,优化款式设计,一定会,"大漆书签,大漆漆扇",可爱治愈风,完全接受，更有特色,"工艺质感,文化寓意",一般,组合套装礼盒,无所谓,经典黑金红传统色,愿意,"节日礼物,商务小礼品",会，非常加分,"华而不实无实用性,价格虚高",20元以内,50-80元,完全不接受,一定会买,随缘,"校园市集,线下实体店",小幅提升,不确定,"非遗文化科普,市集线下体验","文具类,桌面摆件类",非常认可，环保创新,希望增加年轻化配色和小件礼盒，方便送礼和收藏。
daqi-answer-1037,2026-08-01T15:28:00+08:00,男,18岁以下,职场上班族,3500元以上,非常喜欢,每月1次,"日常自用,市集/展会随手购买",校园市集,略有耳闻,非常感兴趣,手工工艺独特,"不适合日常使用,工艺精致",非常愿意,中立,"提升包装质感,加强科普宣传",可能会,大漆钥匙扣,简约现代风,介意，追求完美品,颜值外观,极高,盲盒款式,非常喜欢,莫兰迪浅色系,非常愿意,同学朋友送礼,无影响,"款式同质化严重,做工粗糙",20-40元,120元以上,完全愿意,看价格款式决定,一定会了解购买,"线上店铺,线下实体店",无变化,一定会复购,"工艺制作短视频,非遗文化科普",配饰挂件类,比较认可,希望兼顾传统工艺和日常实用性，价格可以分档。
daqi-answer-1038,2026-08-02T16:41:00+08:00,女,18-22岁,个体经营者,1000元以内,比较喜欢,每月多次,日常自用,"短视频平台,电商店铺",完全没听过,比较感兴趣,"色泽质感高级,国风颜值高","价格昂贵,不适合日常使用",无所谓,强烈支持,"降低价格,优化款式设计",基本不会,"大漆书签,大件漆艺摆件",小众艺术轻奢风,完全接受，更有特色,"价格性价比,实用性",较高,单品简约款,喜欢,经典黑金红传统色,非常愿意,"节日礼物,同学朋友送礼",会，非常加分,价格虚高,60元以上,50元以内,不太接受,一定会买,会驻足了解,线上店铺,大幅提升,可能复购,高颜值产品实拍图,"桌面摆件类,配饰挂件类",无所谓,建议多做短视频展示制作过程，并在线下市集提供体验。
daqi-answer-1039,2026-08-03T17:54:00+08:00,男,31-40岁,在校学生,1000-2000元,非常喜欢,每月多次,"收藏爱好,市集/展会随手购买","电商店铺,文创展会",非常了解,一般,"非遗文化底蕴,色泽质感高级",款式老旧,非常愿意,支持,适配日常使用,一定会,"大漆漆扇,大漆书签",简约现代风,可以接受,"文化寓意,价格性价比",较低,组合套装礼盒,非常喜欢,经典黑金红传统色,随缘,"师生赠礼,商务小礼品",略有影响,"华而不实无实用性,包装简陋",20元以内,80-120元,完全愿意,大概率会,随缘,"文创展会,线下实体店",小幅提升,一定会复购,"非遗文化科普,高颜值产品实拍图","文具类,配饰挂件类",非常认可，环保创新,包装可以更精致，同时附上简明的非遗文化说明卡。
daqi-answer-1040,2026-08-04T18:07:00+08:00,女,18岁以下,职场上班族,1000元以内,非常喜欢,季度1-2次,"日常自用,活动奖品",文创展会,略有耳闻,非常感兴趣,手工工艺独特,"适合收藏送礼,工艺精致",愿意,不支持,"降低价格,加强科普宣传",不确定,大漆钥匙扣,传统国风古风,介意，追求完美品,颜值外观,极高,单品简约款,非常喜欢,撞色潮流色系,非常愿意,同学朋友送礼,不在意,"做工粗糙,款式同质化严重",40-60元,50元以内,可以接受小幅溢价,看价格款式决定,一定会了解购买,"线上店铺,文创展会",大幅提升,可能复购,"工艺制作短视频,高颜值产品实拍图",配饰挂件类,比较认可,希望增加年轻化配色和小件礼盒，方便送礼和收藏。
daqi-answer-1041,2026-08-05T09:20:00+08:00,男,18-22岁,在校学生,1000-2000元,一般,每月多次,送礼纪念,"短视频平台,朋友推荐",非常了解,比较感兴趣,"小众不撞款,国风颜值高","价格昂贵,款式老旧",不愿意,强烈支持,"优化款式设计,降低价格",一定会,"大漆书签,大漆钥匙扣",小众艺术轻奢风,完全接受，更有特色,"价格性价比,工艺质感",较高,单品简约款,无所谓,经典黑金红传统色,愿意,"节日礼物,纪念收藏",会，非常加分,价格虚高,20元以内,50-80元,不太接受,一定会买,会驻足了解,校园市集,小幅提升,不确定,高颜值产品实拍图,"定制专属类,桌面摆件类",不认可,希望兼顾传统工艺和日常实用性，价格可以分档。
daqi-answer-1042,2026-08-06T10:33:00+08:00,女,18岁以下,在校学生,2000-3500元,非常喜欢,每月1次,"收藏爱好,活动奖品","电商店铺,短视频平台",略有耳闻,毫无兴趣,"非遗文化底蕴,手工工艺独特",不适合日常使用,非常愿意,中立,适配日常使用,可能会,"大漆漆扇,文创套装礼盒",简约现代风,可以接受,"独特小众性,价格性价比",极高,盲盒款式,非常喜欢,莫兰迪浅色系,不愿意,"商务小礼品,师生赠礼",无影响,"华而不实无实用性,做工粗糙",20-40元,80-120元,完全愿意,大概率会,一定会了解购买,"文创展会,校园市集",无变化,一定会复购,"优惠活动福利,非遗文化科普","文具类,定制专属类",非常认可，环保创新,建议多做短视频展示制作过程，并在线下市集提供体验。
daqi-answer-1043,2026-08-07T11:46:00+08:00,男,18岁以下,自由职业,1000元以内,比较喜欢,季度1-2次,"日常自用,收藏爱好",线下实体店,非常了解,非常感兴趣,色泽质感高级,"价格昂贵,工艺精致",无所谓,强烈支持,"降低价格,适配日常使用",不确定,大件漆艺摆件,传统国风古风,完全接受，更有特色,颜值外观,较高,单品简约款,喜欢,自然原木底色,非常愿意,同学朋友送礼,会，非常加分,"价格虚高,做工粗糙",40-60元,50元以内,可以接受小幅溢价,一定会买,会驻足了解,"线上店铺,校园市集",大幅提升,可能复购,"工艺制作短视频,优惠活动福利",桌面摆件类,无所谓,包装可以更精致，同时附上简明的非遗文化说明卡。
daqi-answer-1044,2026-08-08T12:59:00+08:00,女,23-30岁,在校学生,1000-2000元,一般,每月多次,送礼纪念,"短视频平台,校园市集",非常了解,一般,"非遗文化底蕴,国风颜值高","款式老旧,价格昂贵",非常愿意,支持,"优化款式设计,提升包装质感",一定会,"大漆书签,大漆漆扇",简约现代风,完全接受，更有特色,"工艺质感,颜值外观",一般,组合套装礼盒,不喜欢,经典黑金红传统色,随缘,"节日礼物,商务小礼品",略有影响,价格虚高,20元以内,50-80元,完全愿意,大概率会,随缘,校园市集,小幅提升,不会复购,非遗文化科普,"文具类,桌面摆件类",非常认可，环保创新,希望增加年轻化配色和小件礼盒，方便送礼和收藏。
daqi-answer-1045,2026-08-09T13:12:00+08:00,男,18岁以下,职场上班族,1000元以内,非常喜欢,每月1次,"市集/展会随手购买,活动奖品","校园市集,线下实体店",完全没听过,非常感兴趣,"手工工艺独特,非遗文化底蕴",不适合日常使用,愿意,中立,加强科普宣传,可能会,"大漆漆扇,大件漆艺摆件",简约现代风,介意，追求完美品,"颜值外观,独特小众性",极高,定制专属款,非常喜欢,撞色潮流色系,非常愿意,"同学朋友送礼,商务小礼品",无影响,"款式同质化严重,做工粗糙",20-40元,50元以内,可以接受小幅溢价,看价格款式决定,一定会了解购买,"社群团购,文创展会",反而降低,一定会复购,"工艺制作短视频,非遗文化科普","配饰挂件类,定制专属类",比较认可,希望兼顾传统工艺和日常实用性，价格可以分档。
daqi-answer-1046,2026-08-10T14:25:00+08:00,男,18-22岁,自由职业,1000元以内,比较喜欢,几乎不买,"日常自用,送礼纪念",短视频平台,非常了解,比较感兴趣,色泽质感高级,"价格昂贵,不适合日常使用",无所谓,强烈支持,"降低价格,优化款式设计",一定会,大漆书签,小众艺术轻奢风,完全接受，更有特色,价格性价比,较高,单品简约款,无所谓,经典黑金红传统色,愿意,同学朋友送礼,会，非常加分,"价格虚高,款式同质化严重",20元以内,50-80元,不太接受,一定会买,会驻足了解,"线上店铺,社群团购",大幅提升,不确定,"高颜值产品实拍图,优惠活动福利",桌面摆件类,无所谓,建议多做短视频展示制作过程，并在线下市集提供体验。
daqi-answer-1047,2026-08-11T15:38:00+08:00,男,23-30岁,在校学生,2000-3500元,完全不感兴趣,每月多次,收藏爱好,"电商店铺,短视频平台",略有耳闻,一般,"非遗文化底蕴,色泽质感高级","款式老旧,适合收藏送礼",非常愿意,支持,"优化款式设计,加强科普宣传",一定会,"大漆漆扇,大漆书签",简约现代风,可以接受,"工艺质感,实用性",较低,盲盒款式,非常喜欢,莫兰迪浅色系,随缘,"师生赠礼,商务小礼品",略有影响,华而不实无实用性,20-40元,80-120元,完全愿意,大概率会,不会关注,文创展会,无变化,一定会复购,非遗文化科普,"文具类,配饰挂件类",非常认可，环保创新,包装可以更精致，同时附上简明的非遗文化说明卡。
daqi-answer-1048,2026-08-12T16:51:00+08:00,男,18岁以下,职场上班族,1000元以内,非常喜欢,季度1-2次,"日常自用,活动奖品","校园市集,文创展会",非常了解,非常感兴趣,"手工工艺独特,小众不撞款",工艺精致,愿意,强烈支持,降低价格,不确定,"大漆钥匙扣,大件漆艺摆件",传统国风古风,非常介意,"颜值外观,文化寓意",极高,单品简约款,喜欢,撞色潮流色系,非常愿意,"同学朋友送礼,师生赠礼",会，非常加分,"款式同质化严重,华而不实无实用性",40-60元,50元以内,可以接受小幅溢价,基本不会,一定会了解购买,"线上店铺,文创展会",大幅提升,可能复购,"工艺制作短视频,高颜值产品实拍图","配饰挂件类,礼盒套装类",比较认可,希望增加年轻化配色和小件礼盒，方便送礼和收藏。
daqi-answer-1049,2026-08-13T17:04:00+08:00,女,18-22岁,其他,1000-2000元,一般,每月多次,"送礼纪念,日常自用",短视频平台,略有耳闻,比较感兴趣,国风颜值高,"价格昂贵,款式老旧",非常愿意,强烈支持,"优化款式设计,降低价格",一定会,大漆书签,可爱治愈风,完全接受，更有特色,价格性价比,较高,组合套装礼盒,无所谓,经典黑金红传统色,愿意,节日礼物,略有影响,"价格虚高,华而不实无实用性",20元以内,50-80元,完全不接受,一定会买,随缘,"校园市集,社群团购",小幅提升,不确定,"高颜值产品实拍图,市集线下体验",礼盒套装类,非常认可，环保创新,希望兼顾传统工艺和日常实用性，价格可以分档。
daqi-answer-1050,2026-08-14T18:17:00+08:00,男,40岁以上,在校学生,3500元以上,非常喜欢,每月1次,收藏爱好,"电商店铺,朋友推荐",完全没听过,兴趣较低,"非遗文化底蕴,手工工艺独特","款式老旧,工艺精致",非常愿意,中立,"适配日常使用,加强科普宣传",可能会,"大漆漆扇,文创套装礼盒",简约现代风,介意，追求完美品,"文化寓意,工艺质感",极高,盲盒款式,非常喜欢,莫兰迪浅色系,非常愿意,"师生赠礼,节日礼物",无影响,华而不实无实用性,20-40元,120元以上,完全愿意,看价格款式决定,一定会了解购买,文创展会,无变化,一定会复购,市集线下体验,"文具类,定制专属类",比较认可,建议多做短视频展示制作过程，并在线下市集提供体验。
daqi-answer-1051,2026-08-15T09:30:00+08:00,女,18岁以下,自由职业,1000元以内,比较喜欢,季度1-2次,"日常自用,收藏爱好","文创展会,电商店铺",非常了解,非常感兴趣,"手工工艺独特,国风颜值高",价格昂贵,无所谓,强烈支持,降低价格,基本不会,"大件漆艺摆件,大漆钥匙扣",小众艺术轻奢风,完全接受，更有特色,"颜值外观,价格性价比",极高,单品简约款,喜欢,经典黑金红传统色,愿意,"同学朋友送礼,节日礼物",会，非常加分,"包装简陋,款式同质化严重",60元以上,50元以内,不太接受,一定会买,会驻足了解,"线上店铺,校园市集",大幅提升,可能复购,"工艺制作短视频,优惠活动福利","配饰挂件类,桌面摆件类",无所谓,包装可以更精致，同时附上简明的非遗文化说明卡。
daqi-answer-1052,2026-08-16T10:43:00+08:00,男,23-30岁,在校学生,2000-3500元,一般,每月多次,"送礼纪念,市集/展会随手购买",短视频平台,完全没听过,比较感兴趣,非遗文化底蕴,"款式老旧,价格昂贵",非常愿意,支持,"优化款式设计,提升包装质感",一定会,大漆书签,简约现代风,可以接受,价格性价比,一般,组合套装礼盒,非常喜欢,莫兰迪浅色系,随缘,节日礼物,略有影响,"价格虚高,包装简陋",20元以内,80-120元,完全愿意,大概率会,随缘,"校园市集,线下实体店",小幅提升,一定会复购,"高颜值产品实拍图,非遗文化科普",文具类,非常认可，环保创新,希望增加年轻化配色和小件礼盒，方便送礼和收藏。
daqi-answer-1053,2026-08-17T11:56:00+08:00,女,18岁以下,职场上班族,1000元以内,非常喜欢,每月1次,活动奖品,"电商店铺,校园市集",非常了解,非常感兴趣,"手工工艺独特,非遗文化底蕴","不适合日常使用,工艺精致",愿意,不支持,"加强科普宣传,适配日常使用",不确定,"大漆漆扇,大件漆艺摆件",传统国风古风,介意，追求完美品,"实用性,价格性价比",极高,单品简约款,喜欢,撞色潮流色系,非常愿意,"纪念收藏,师生赠礼",不在意,款式同质化严重,40-60元,50元以内,可以接受小幅溢价,看价格款式决定,一定会了解购买,线下实体店,大幅提升,可能复购,工艺制作短视频,"文具类,礼盒套装类",比较认可,希望兼顾传统工艺和日常实用性，价格可以分档。
daqi-answer-1054,2026-08-18T12:09:00+08:00,男,18-22岁,自由职业,1000-2000元,比较喜欢,半年一次,"日常自用,送礼纪念","线下实体店,电商店铺",略有耳闻,比较感兴趣,"色泽质感高级,国风颜值高",价格昂贵,不愿意,强烈支持,降低价格,一定会,"大漆书签,大件漆艺摆件",小众艺术轻奢风,完全接受，更有特色,"颜值外观,实用性",较高,组合套装礼盒,无所谓,经典黑金红传统色,愿意,"同学朋友送礼,纪念收藏",会，非常加分,"价格虚高,款式同质化严重",20元以内,50-80元,不太接受,一定会买,会驻足了解,"线上店铺,社群团购",小幅提升,不确定,"工艺制作短视频,市集线下体验","桌面摆件类,配饰挂件类",不认可,建议多做短视频展示制作过程，并在线下市集提供体验。
daqi-answer-1055,2026-08-19T13:22:00+08:00,女,23-30岁,在校学生,2000-3500元,不太喜欢,每月多次,"送礼纪念,活动奖品",短视频平台,非常了解,一般,非遗文化底蕴,"款式老旧,适合收藏送礼",非常愿意,中立,"优化款式设计,加强科普宣传",可能会,大漆书签,简约现代风,可以接受,工艺质感,一般,盲盒款式,非常喜欢,莫兰迪浅色系,不愿意,师生赠礼,无影响,"华而不实无实用性,包装简陋",20-40元,80-120元,完全愿意,大概率会,一定会了解购买,"校园市集,文创展会",无变化,一定会复购,"非遗文化科普,高颜值产品实拍图",文具类,非常认可，环保创新,包装可以更精致，同时附上简明的非遗文化说明卡。
daqi-answer-1056,2026-08-20T14:35:00+08:00,男,18岁以下,职场上班族,1000元以内,非常喜欢,每月1次,日常自用,"校园市集,短视频平台",略有耳闻,非常感兴趣,"手工工艺独特,小众不撞款","工艺精致,不适合日常使用",无所谓,强烈支持,"降低价格,加强科普宣传",不确定,"大漆钥匙扣,大件漆艺摆件",传统国风古风,完全接受，更有特色,"颜值外观,价格性价比",极高,单品简约款,喜欢,自然原木底色,非常愿意,"同学朋友送礼,师生赠礼",会，非常加分,款式同质化严重,40-60元,50元以内,可以接受小幅溢价,一定会买,会驻足了解,线上店铺,大幅提升,可能复购,工艺制作短视频,"配饰挂件类,礼盒套装类",无所谓,希望增加年轻化配色和小件礼盒，方便送礼和收藏。
daqi-answer-1057,2026-08-21T15:48:00+08:00,女,18-22岁,个体经营者,1000-2000元,比较喜欢,每月多次,"送礼纪念,日常自用","短视频平台,线下实体店",完全没听过,比较感兴趣,"国风颜值高,色泽质感高级",价格昂贵,非常愿意,支持,降低价格,一定会,"大漆书签,大漆钥匙扣",简约现代风,可以接受,"价格性价比,文化寓意",较高,组合套装礼盒,不喜欢,经典黑金红传统色,随缘,"节日礼物,纪念收藏",略有影响,"价格虚高,华而不实无实用性",20元以内,50-80元,完全愿意,大概率会,随缘,"线上店铺,线下实体店",小幅提升,不会复购,"高颜值产品实拍图,市集线下体验","礼盒套装类,配饰挂件类",非常认可，环保创新,希望兼顾传统工艺和日常实用性，价格可以分档。
daqi-answer-1058,2026-08-22T16:01:00+08:00,男,31-40岁,在校学生,1000元以内,非常喜欢,每月1次,"收藏爱好,活动奖品",电商店铺,非常了解,兴趣较低,非遗文化底蕴,"款式老旧,工艺精致",愿意,中立,"适配日常使用,加强科普宣传",可能会,大漆漆扇,传统国风古风,介意，追求完美品,工艺质感,不看重,定制专属款,非常喜欢,撞色潮流色系,非常愿意,师生赠礼,无影响,"华而不实无实用性,做工粗糙",20-40元,50元以内,可以接受小幅溢价,看价格款式决定,一定会了解购买,"文创展会,校园市集",反而降低,一定会复购,"市集线下体验,高颜值产品实拍图",文具类,比较认可,建议多做短视频展示制作过程，并在线下市集提供体验。
daqi-answer-1059,2026-08-23T17:14:00+08:00,女,18岁以下,职场上班族,1000元以内,比较喜欢,季度1-2次,日常自用,"校园市集,朋友推荐",略有耳闻,非常感兴趣,"手工工艺独特,国风颜值高","价格昂贵,工艺精致",无所谓,强烈支持,"降低价格,适配日常使用",一定会,"大漆钥匙扣,大漆漆扇",小众艺术轻奢风,完全接受，更有特色,"颜值外观,实用性",极高,单品简约款,无所谓,经典黑金红传统色,愿意,"同学朋友送礼,节日礼物",会，非常加分,做工粗糙,20元以内,50-80元,不太接受,一定会买,会驻足了解,线上店铺,大幅提升,不确定,工艺制作短视频,"配饰挂件类,桌面摆件类",不认可,包装可以更精致，同时附上简明的非遗文化说明卡。
daqi-answer-1060,2026-08-24T18:27:00+08:00,男,18-22岁,在校学生,2000-3500元,一般,每月多次,"送礼纪念,市集/展会随手购买","短视频平台,文创展会",非常了解,比较感兴趣,"非遗文化底蕴,国风颜值高",价格昂贵,非常愿意,支持,优化款式设计,可能会,"大漆书签,大漆漆扇",简约现代风,可以接受,"价格性价比,颜值外观",一般,盲盒款式,非常喜欢,莫兰迪浅色系,随缘,"节日礼物,商务小礼品",略有影响,"价格虚高,包装简陋",20-40元,80-120元,完全愿意,大概率会,不会关注,"校园市集,线下实体店",无变化,一定会复购,"高颜值产品实拍图,非遗文化科普","文具类,桌面摆件类",非常认可，环保创新,希望增加年轻化配色和小件礼盒，方便送礼和收藏。
daqi-answer-1061,2026-08-25T09:40:00+08:00,女,18岁以下,职场上班族,1000元以内,非常喜欢,每月1次,"活动奖品,收藏爱好",电商店铺,略有耳闻,非常感兴趣,非遗文化底蕴,"不适合日常使用,工艺精致",愿意,强烈支持,"适配日常使用,优化款式设计",不确定,大漆漆扇,传统国风古风,非常介意,文化寓意,极高,单品简约款,喜欢,撞色潮流色系,非常愿意,商务小礼品,会，非常加分,"华而不实无实用性,款式同质化严重",40-60元,50元以内,可以接受小幅溢价,基本不会,一定会了解购买,"线下实体店,校园市集",大幅提升,可能复购,"工艺制作短视频,非遗文化科普",文具类,比较认可,希望兼顾传统工艺和日常实用性，价格可以分档。
daqi-answer-1062,2026-08-26T10:53:00+08:00,男,18-22岁,自由职业,1000-2000元,比较喜欢,半年一次,日常自用,"文创展会,校园市集",非常了解,非常感兴趣,"色泽质感高级,国风颜值高","价格昂贵,不适合日常使用",非常愿意,支持,"降低价格,优化款式设计",一定会,"文创套装礼盒,大漆钥匙扣",可爱治愈风,完全接受，更有特色,"颜值外观,工艺质感",较高,组合套装礼盒,无所谓,经典黑金红传统色,愿意,"同学朋友送礼,纪念收藏",略有影响,价格虚高,20元以内,50-80元,完全不接受,一定会买,随缘,线上店铺,小幅提升,不会复购,工艺制作短视频,"桌面摆件类,配饰挂件类",非常认可，环保创新,建议多做短视频展示制作过程，并在线下市集提供体验。
daqi-answer-1063,2026-08-27T11:06:00+08:00,男,23-30岁,在校学生,3500元以上,不太喜欢,每月多次,"送礼纪念,活动奖品","短视频平台,电商店铺",非常了解,一般,"非遗文化底蕴,色泽质感高级",款式老旧,愿意,中立,优化款式设计,可能会,"大漆书签,文创套装礼盒",简约现代风,介意，追求完美品,"价格性价比,实用性",一般,盲盒款式,非常喜欢,莫兰迪浅色系,非常愿意,"节日礼物,师生赠礼",无影响,"价格虚高,做工粗糙",20-40元,120元以上,完全愿意,看价格款式决定,一定会了解购买,"校园市集,文创展会",反而降低,一定会复购,"非遗文化科普,高颜值产品实拍图","文具类,配饰挂件类",比较认可,包装可以更精致，同时附上简明的非遗文化说明卡。
daqi-answer-1064,2026-08-28T12:19:00+08:00,男,18岁以下,职场上班族,1000元以内,非常喜欢,每月1次,"日常自用,活动奖品",电商店铺,完全没听过,非常感兴趣,手工工艺独特,"不适合日常使用,款式老旧",无所谓,强烈支持,"提升包装质感,适配日常使用",基本不会,大漆钥匙扣,小众艺术轻奢风,完全接受，更有特色,实用性,极高,单品简约款,喜欢,经典黑金红传统色,愿意,同学朋友送礼,会，非常加分,"款式同质化严重,华而不实无实用性",60元以上,50元以内,不太接受,一定会买,会驻足了解,"线上店铺,文创展会",大幅提升,可能复购,"工艺制作短视频,高颜值产品实拍图",配饰挂件类,无所谓,希望增加年轻化配色和小件礼盒，方便送礼和收藏。
daqi-answer-1065,2026-08-01T13:32:00+08:00,男,18-22岁,个体经营者,2000-3500元,比较喜欢,每月多次,日常自用,"朋友推荐,电商店铺",非常了解,比较感兴趣,"色泽质感高级,手工工艺独特","价格昂贵,款式老旧",非常愿意,支持,"降低价格,提升包装质感",一定会,"大漆书签,大漆钥匙扣",简约现代风,可以接受,"颜值外观,独特小众性",较高,组合套装礼盒,非常喜欢,莫兰迪浅色系,随缘,"同学朋友送礼,商务小礼品",略有影响,价格虚高,20元以内,80-120元,完全愿意,大概率会,不会关注,线上店铺,小幅提升,一定会复购,高颜值产品实拍图,"桌面摆件类,文具类",非常认可，环保创新,希望兼顾传统工艺和日常实用性，价格可以分档。
daqi-answer-1066,2026-08-02T14:45:00+08:00,女,31-40岁,在校学生,1000元以内,非常喜欢,每月多次,"收藏爱好,活动奖品","短视频平台,朋友推荐",略有耳闻,一般,"非遗文化底蕴,手工工艺独特",款式老旧,愿意,不支持,适配日常使用,不确定,"大漆漆扇,文创套装礼盒",传统国风古风,介意，追求完美品,"工艺质感,文化寓意",较低,单品简约款,喜欢,撞色潮流色系,非常愿意,"师生赠礼,节日礼物",不在意,"华而不实无实用性,做工粗糙",40-60元,50元以内,可以接受小幅溢价,基本不会,一定会了解购买,"文创展会,校园市集",大幅提升,可能复购,"非遗文化科普,工艺制作短视频","文具类,定制专属类",比较认可,建议多做短视频展示制作过程，并在线下市集提供体验。
daqi-answer-1067,2026-08-03T15:58:00+08:00,男,18岁以下,职场上班族,1000-2000元,非常喜欢,季度1-2次,"日常自用,收藏爱好",校园市集,非常了解,非常感兴趣,手工工艺独特,"适合收藏送礼,不适合日常使用",不愿意,强烈支持,"降低价格,适配日常使用",一定会,大漆钥匙扣,小众艺术轻奢风,完全接受，更有特色,颜值外观,极高,组合套装礼盒,无所谓,经典黑金红传统色,愿意,同学朋友送礼,会，非常加分,"做工粗糙,华而不实无实用性",20元以内,50-80元,完全不接受,一定会买,会驻足了解,"线上店铺,校园市集",小幅提升,不确定,"工艺制作短视频,优惠活动福利",配饰挂件类,非常认可，环保创新,包装可以更精致，同时附上简明的非遗文化说明卡。
daqi-answer-1068,2026-08-04T16:11:00+08:00,女,18-22岁,在校学生,2000-3500元,一般,每月多次,送礼纪念,"短视频平台,电商店铺",略有耳闻,比较感兴趣,"小众不撞款,色泽质感高级","价格昂贵,适合收藏送礼",非常愿意,中立,"优化款式设计,提升包装质感",可能会,"大漆书签,大漆漆扇",简约现代风,可以接受,"价格性价比,实用性",较高,盲盒款式,非常喜欢,莫兰迪浅色系,不愿意,"节日礼物,商务小礼品",无影响,价格虚高,20-40元,120元以上,完全愿意,大概率会,一定会了解购买,校园市集,无变化,一定会复购,高颜值产品实拍图,"定制专属类,配饰挂件类",非常认可，环保创新,希望增加年轻化配色和小件礼盒，方便送礼和收藏。
daqi-answer-1069,2026-08-05T17:24:00+08:00,男,18岁以下,在校学生,1000元以内,非常喜欢,每月1次,"收藏爱好,送礼纪念","电商店铺,文创展会",完全没听过,毫无兴趣,"非遗文化底蕴,小众不撞款",不适合日常使用,无所谓,强烈支持,适配日常使用,不确定,"大漆漆扇,大件漆艺摆件",传统国风古风,完全接受，更有特色,"工艺质感,颜值外观",极高,单品简约款,喜欢,自然原木底色,非常愿意,"商务小礼品,节日礼物",会，非常加分,"华而不实无实用性,款式同质化严重",60元以上,50元以内,可以接受小幅溢价,一定会买,会驻足了解,"文创展会,线上店铺",大幅提升,可能复购,"优惠活动福利,高颜值产品实拍图","文具类,礼盒套装类",无所谓,希望兼顾传统工艺和日常实用性，价格可以分档。
daqi-answer-1070,2026-08-06T18:37:00+08:00,女,18岁以下,自由职业,1000-2000元,比较喜欢,季度1-2次,"日常自用,送礼纪念",校园市集,非常了解,非常感兴趣,色泽质感高级,"价格昂贵,不适合日常使用",非常愿意,支持,"降低价格,优化款式设计",一定会,大件漆艺摆件,简约现代风,可以接受,颜值外观,极高,组合套装礼盒,不喜欢,经典黑金红传统色,随缘,同学朋友送礼,略有影响,"价格虚高,款式同质化严重",20元以内,50-80元,完全愿意,大概率会,随缘,"线上店铺,社群团购",小幅提升,一定会复购,"工艺制作短视频,市集线下体验",桌面摆件类,非常认可，环保创新,建议多做短视频展示制作过程，并在线下市集提供体验。
daqi-answer-1071,2026-08-07T09:50:00+08:00,男,23-30岁,在校学生,1000元以内,一般,每月多次,送礼纪念,"短视频平台,朋友推荐",完全没听过,一般,"非遗文化底蕴,色泽质感高级","款式老旧,适合收藏送礼",愿意,中立,"优化款式设计,加强科普宣传",可能会,"大漆书签,文创套装礼盒",传统国风古风,介意，追求完美品,"价格性价比,工艺质感",一般,定制专属款,非常喜欢,撞色潮流色系,非常愿意,"节日礼物,师生赠礼",不在意,价格虚高,20-40元,50元以内,可以接受小幅溢价,看价格款式决定,一定会了解购买,校园市集,大幅提升,一定会复购,非遗文化科普,"文具类,配饰挂件类",比较认可,包装可以更精致，同时附上简明的非遗文化说明卡。
daqi-answer-1072,2026-08-08T10:03:00+08:00,女,18岁以下,职场上班族,1000-2000元,非常喜欢,每月1次,"市集/展会随手购买,收藏爱好","电商店铺,短视频平台",非常了解,非常感兴趣,"手工工艺独特,小众不撞款",不适合日常使用,无所谓,强烈支持,加强科普宣传,一定会,"大漆漆扇,大漆钥匙扣",小众艺术轻奢风,完全接受，更有特色,"文化寓意,独特小众性",极高,单品简约款,无所谓,经典黑金红传统色,愿意,"同学朋友送礼,师生赠礼",会，非常加分,"款式同质化严重,华而不实无实用性",20元以内,50-80元,不太接受,一定会买,会驻足了解,"社群团购,校园市集",大幅提升,不确定,"工艺制作短视频,高颜值产品实拍图","配饰挂件类,礼盒套装类",不认可,希望增加年轻化配色和小件礼盒，方便送礼和收藏。
daqi-answer-1073,2026-08-09T11:16:00+08:00,男,18-22岁,自由职业,2000-3500元,比较喜欢,几乎不买,"日常自用,市集/展会随手购买",文创展会,略有耳闻,比较感兴趣,色泽质感高级,"价格昂贵,款式老旧",非常愿意,支持,"降低价格,提升包装质感",可能会,大漆书签,简约现代风,可以接受,颜值外观,较高,盲盒款式,非常喜欢,莫兰迪浅色系,不愿意,同学朋友送礼,略有影响,"价格虚高,华而不实无实用性",20-40元,80-120元,完全愿意,大概率会,一定会了解购买,"线上店铺,线下实体店",无变化,一定会复购,"高颜值产品实拍图,市集线下体验",桌面摆件类,非常认可，环保创新,希望兼顾传统工艺和日常实用性，价格可以分档。
daqi-answer-1074,2026-08-10T12:29:00+08:00,女,23-30岁,在校学生,1000元以内,完全不感兴趣,每月多次,收藏爱好,"短视频平台,校园市集",非常了解,一般,"非遗文化底蕴,手工工艺独特","款式老旧,工艺精致",愿意,强烈支持,"优化款式设计,适配日常使用",不确定,"大漆书签,大件漆艺摆件",传统国风古风,非常介意,"价格性价比,独特小众性",较低,单品简约款,喜欢,自然原木底色,非常愿意,"师生赠礼,节日礼物",会，非常加分,华而不实无实用性,40-60元,50元以内,可以接受小幅溢价,一定会买,一定会了解购买,文创展会,大幅提升,可能复购,非遗文化科普,"文具类,定制专属类",比较认可,建议多做短视频展示制作过程，并在线下市集提供体验。
daqi-answer-1075,2026-08-11T13:42:00+08:00,男,18岁以下,职场上班族,1000-2000元,非常喜欢,季度1-2次,"日常自用,收藏爱好","电商店铺,朋友推荐",略有耳闻,非常感兴趣,"手工工艺独特,国风颜值高",工艺精致,非常愿意,支持,降低价格,一定会,"大漆钥匙扣,大漆漆扇",可爱治愈风,完全接受，更有特色,"实用性,文化寓意",极高,组合套装礼盒,不喜欢,经典黑金红传统色,愿意,"同学朋友送礼,节日礼物",略有影响,"款式同质化严重,价格虚高",20元以内,50-80元,完全愿意,一定会买,随缘,"线上店铺,校园市集",小幅提升,不会复购,"工艺制作短视频,优惠活动福利","配饰挂件类,桌面摆件类",非常认可，环保创新,包装可以更精致，同时附上简明的非遗文化说明卡。
daqi-answer-1076,2026-08-12T14:55:00+08:00,女,18-22岁,其他,3500元以上,一般,每月多次,"送礼纪念,市集/展会随手购买",朋友推荐,完全没听过,比较感兴趣,国风颜值高,"价格昂贵,适合收藏送礼",愿意,中立,"降低价格,加强科普宣传",可能会,大漆书签,简约现代风,介意，追求完美品,颜值外观,较高,定制专属款,非常喜欢,莫兰迪浅色系,非常愿意,节日礼物,无影响,"价格虚高,包装简陋",20-40元,50元以内,完全愿意,看价格款式决定,一定会了解购买,"校园市集,线下实体店",反而降低,一定会复购,"高颜值产品实拍图,非遗文化科普",礼盒套装类,比较认可,希望增加年轻化配色和小件礼盒，方便送礼和收藏。
daqi-answer-1077,2026-08-13T15:08:00+08:00,男,40岁以上,在校学生,1000元以内,非常喜欢,每月1次,收藏爱好,"短视频平台,线下实体店",非常了解,兴趣较低,"非遗文化底蕴,小众不撞款","款式老旧,不适合日常使用",无所谓,强烈支持,"适配日常使用,优化款式设计",基本不会,"大漆漆扇,大件漆艺摆件",小众艺术轻奢风,完全接受，更有特色,"价格性价比,文化寓意",极高,单品简约款,喜欢,经典黑金红传统色,愿意,"师生赠礼,同学朋友送礼",会，非常加分,华而不实无实用性,20元以内,50元以内,不太接受,一定会买,会驻足了解,文创展会,大幅提升,可能复购,市集线下体验,"文具类,礼盒套装类",无所谓,希望兼顾传统工艺和日常实用性，价格可以分档。
daqi-answer-1078,2026-08-14T16:21:00+08:00,女,18岁以下,自由职业,2000-3500元,比较喜欢,季度1-2次,"日常自用,送礼纪念","校园市集,文创展会",略有耳闻,非常感兴趣,"手工工艺独特,色泽质感高级",价格昂贵,非常愿意,支持,降低价格,一定会,"大件漆艺摆件,大漆漆扇",简约现代风,可以接受,"颜值外观,文化寓意",极高,组合套装礼盒,非常喜欢,莫兰迪浅色系,随缘,"同学朋友送礼,纪念收藏",略有影响,"包装简陋,华而不实无实用性",20元以内,80-120元,完全愿意,大概率会,不会关注,"线上店铺,社群团购",小幅提升,一定会复购,"工艺制作短视频,市集线下体验","配饰挂件类,文具类",非常认可，环保创新,建议多做短视频展示制作过程，并在线下市集提供体验。
daqi-answer-1079,2026-08-15T17:34:00+08:00,男,23-30岁,在校学生,1000元以内,一般,每月多次,"送礼纪念,活动奖品",短视频平台,非常了解,比较感兴趣,非遗文化底蕴,"价格昂贵,工艺精致",愿意,不支持,"优化款式设计,加强科普宣传",不确定,大漆书签,传统国风古风,非常介意,颜值外观,一般,单品简约款,喜欢,撞色潮流色系,非常愿意,节日礼物,会，非常加分,"价格虚高,做工粗糙",40-60元,50元以内,可以接受小幅溢价,基本不会,一定会了解购买,"校园市集,文创展会",大幅提升,可能复购,"高颜值产品实拍图,工艺制作短视频",文具类,比较认可,包装可以更精致，同时附上简明的非遗文化说明卡。
daqi-answer-1080,2026-08-16T18:47:00+08:00,男,18岁以下,职场上班族,1000-2000元,非常喜欢,每月1次,活动奖品,"电商店铺,朋友推荐",略有耳闻,非常感兴趣,"非遗文化底蕴,国风颜值高","不适合日常使用,款式老旧",不愿意,强烈支持,"加强科普宣传,优化款式设计",一定会,"大漆漆扇,大漆钥匙扣",可爱治愈风,完全接受，更有特色,"工艺质感,价格性价比",极高,组合套装礼盒,无所谓,经典黑金红传统色,愿意,"纪念收藏,节日礼物",会，非常加分,款式同质化严重,20元以内,50-80元,完全不接受,一定会买,会驻足了解,线下实体店,小幅提升,不确定,工艺制作短视频,"文具类,桌面摆件类",非常认可，环保创新,希望增加年轻化配色和小件礼盒，方便送礼和收藏。
daqi-answer-1081,2026-08-17T09:00:00+08:00,男,18-22岁,自由职业,2000-3500元,比较喜欢,半年一次,"日常自用,市集/展会随手购买","校园市集,短视频平台",非常了解,非常感兴趣,"色泽质感高级,手工工艺独特",价格昂贵,非常愿意,中立,降低价格,可能会,"大漆书签,大漆钥匙扣",简约现代风,可以接受,"颜值外观,价格性价比",较高,盲盒款式,非常喜欢,莫兰迪浅色系,非常愿意,"同学朋友送礼,商务小礼品",无影响,"价格虚高,华而不实无实用性",20-40元,120元以上,完全愿意,大概率会,一定会了解购买,"线上店铺,线下实体店",无变化,一定会复购,"工艺制作短视频,非遗文化科普","桌面摆件类,文具类",非常认可，环保创新,希望兼顾传统工艺和日常实用性，价格可以分档。
daqi-answer-1082,2026-08-18T10:13:00+08:00,男,23-30岁,在校学生,1000元以内,不太喜欢,每月多次,"送礼纪念,收藏爱好",短视频平台,非常了解,一般,非遗文化底蕴,"款式老旧,工艺精致",无所谓,强烈支持,"优化款式设计,适配日常使用",基本不会,大漆书签,传统国风古风,完全接受，更有特色,价格性价比,一般,单品简约款,喜欢,经典黑金红传统色,非常愿意,师生赠礼,会，非常加分,"华而不实无实用性,做工粗糙",60元以上,50元以内,可以接受小幅溢价,一定会买,会驻足了解,"校园市集,线上店铺",大幅提升,可能复购,"非遗文化科普,工艺制作短视频",文具类,无所谓,建议多做短视频展示制作过程，并在线下市集提供体验。
daqi-answer-1083,2026-08-19T11:26:00+08:00,女,18岁以下,职场上班族,1000-2000元,非常喜欢,每月1次,日常自用,"电商店铺,校园市集",完全没听过,非常感兴趣,"手工工艺独特,国风颜值高","工艺精致,款式老旧",非常愿意,支持,"降低价格,适配日常使用",一定会,"大漆钥匙扣,大漆漆扇",简约现代风,可以接受,"工艺质感,独特小众性",极高,组合套装礼盒,非常喜欢,经典黑金红传统色,随缘,"同学朋友送礼,节日礼物",略有影响,款式同质化严重,20元以内,50-80元,完全愿意,大概率会,随缘,线上店铺,小幅提升,一定会复购,工艺制作短视频,"配饰挂件类,桌面摆件类",非常认可，环保创新,包装可以更精致，同时附上简明的非遗文化说明卡。
daqi-answer-1084,2026-08-20T12:39:00+08:00,男,18-22岁,个体经营者,1000元以内,比较喜欢,每月多次,"日常自用,活动奖品","文创展会,线下实体店",非常了解,比较感兴趣,"国风颜值高,手工工艺独特",价格昂贵,愿意,不支持,降低价格,可能会,"大漆书签,大漆漆扇",传统国风古风,介意，追求完美品,"颜值外观,实用性",较高,单品简约款,非常喜欢,撞色潮流色系,非常愿意,"节日礼物,商务小礼品",不在意,"价格虚高,包装简陋",20-40元,50元以内,可以接受小幅溢价,看价格款式决定,一定会了解购买,"线上店铺,文创展会",大幅提升,一定会复购,"高颜值产品实拍图,非遗文化科普","礼盒套装类,文具类",比较认可,希望增加年轻化配色和小件礼盒，方便送礼和收藏。
daqi-answer-1085,2026-08-21T13:52:00+08:00,女,31-40岁,在校学生,1000-2000元,非常喜欢,每月多次,"收藏爱好,送礼纪念",短视频平台,略有耳闻,兴趣较低,非遗文化底蕴,"款式老旧,不适合日常使用",不愿意,强烈支持,"适配日常使用,优化款式设计",一定会,大漆漆扇,小众艺术轻奢风,完全接受，更有特色,价格性价比,不看重,单品简约款,无所谓,经典黑金红传统色,愿意,师生赠礼,会，非常加分,"华而不实无实用性,款式同质化严重",20元以内,50-80元,不太接受,一定会买,会驻足了解,"文创展会,线上店铺",大幅提升,不确定,"市集线下体验,工艺制作短视频",文具类,不认可,希望兼顾传统工艺和日常实用性，价格可以分档。
daqi-answer-1086,2026-08-22T14:05:00+08:00,男,18岁以下,职场上班族,2000-3500元,非常喜欢,季度1-2次,日常自用,"电商店铺,线下实体店",非常了解,非常感兴趣,"手工工艺独特,色泽质感高级","价格昂贵,不适合日常使用",非常愿意,支持,"降低价格,优化款式设计",可能会,"大漆钥匙扣,大漆书签",简约现代风,可以接受,"实用性,独特小众性",极高,盲盒款式,非常喜欢,莫兰迪浅色系,不愿意,"同学朋友送礼,纪念收藏",略有影响,做工粗糙,20-40元,80-120元,完全愿意,大概率会,一定会了解购买,线上店铺,无变化,一定会复购,工艺制作短视频,"配饰挂件类,文具类",非常认可，环保创新,建议多做短视频展示制作过程，并在线下市集提供体验。
daqi-answer-1087,2026-08-23T15:18:00+08:00,女,18-22岁,在校学生,1000元以内,一般,每月多次,"送礼纪念,活动奖品","朋友推荐,文创展会",略有耳闻,比较感兴趣,"非遗文化底蕴,色泽质感高级",价格昂贵,愿意,强烈支持,优化款式设计,不确定,"大漆书签,文创套装礼盒",传统国风古风,完全接受，更有特色,"颜值外观,工艺质感",一般,单品简约款,喜欢,自然原木底色,非常愿意,"节日礼物,师生赠礼",会，非常加分,"价格虚高,做工粗糙",40-60元,50元以内,可以接受小幅溢价,一定会买,一定会了解购买,"校园市集,文创展会",大幅提升,可能复购,"高颜值产品实拍图,工艺制作短视频","定制专属类,文具类",比较认可,包装可以更精致，同时附上简明的非遗文化说明卡。
daqi-answer-1088,2026-08-24T16:31:00+08:00,男,18岁以下,在校学生,1000-2000元,非常喜欢,每月1次,"活动奖品,送礼纪念",短视频平台,完全没听过,非常感兴趣,非遗文化底蕴,"不适合日常使用,款式老旧",非常愿意,支持,"适配日常使用,降低价格",一定会,大漆漆扇,简约现代风,完全接受，更有特色,价格性价比,极高,组合套装礼盒,不喜欢,经典黑金红传统色,愿意,商务小礼品,略有影响,"华而不实无实用性,价格虚高",20元以内,50-80元,完全愿意,一定会买,随缘,"线下实体店,线上店铺",小幅提升,不会复购,"优惠活动福利,工艺制作短视频",文具类,非常认可，环保创新,希望增加年轻化配色和小件礼盒，方便送礼和收藏。
daqi-answer-1089,2026-08-25T17:44:00+08:00,女,18岁以下,自由职业,3500元以上,比较喜欢,半年一次,日常自用,"电商店铺,文创展会",非常了解,非常感兴趣,"色泽质感高级,手工工艺独特","价格昂贵,款式老旧",愿意,中立,"降低价格,提升包装质感",可能会,"文创套装礼盒,大漆漆扇",简约现代风,介意，追求完美品,"颜值外观,实用性",较高,定制专属款,非常喜欢,莫兰迪浅色系,非常愿意,"同学朋友送礼,商务小礼品",无影响,价格虚高,20-40元,50元以内,完全愿意,看价格款式决定,一定会了解购买,线上店铺,反而降低,一定会复购,工艺制作短视频,"桌面摆件类,文具类",比较认可,希望兼顾传统工艺和日常实用性，价格可以分档。
daqi-answer-1090,2026-08-26T18:57:00+08:00,男,23-30岁,在校学生,1000元以内,不太喜欢,每月多次,"送礼纪念,收藏爱好","短视频平台,文创展会",略有耳闻,一般,"非遗文化底蕴,手工工艺独特",款式老旧,无所谓,强烈支持,优化款式设计,一定会,"大漆书签,大件漆艺摆件",小众艺术轻奢风,完全接受，更有特色,"颜值外观,独特小众性",一般,单品简约款,喜欢,经典黑金红传统色,愿意,"节日礼物,同学朋友送礼",会，非常加分,"价格虚高,款式同质化严重",20元以内,50元以内,不太接受,一定会买,会驻足了解,"校园市集,线上店铺",大幅提升,可能复购,"非遗文化科普,工艺制作短视频","文具类,定制专属类",无所谓,建议多做短视频展示制作过程，并在线下市集提供体验。
daqi-answer-1091,2026-08-27T09:10:00+08:00,女,18岁以下,职场上班族,2000-3500元,非常喜欢,每月1次,"日常自用,收藏爱好",短视频平台,非常了解,非常感兴趣,手工工艺独特,"不适合日常使用,价格昂贵",非常愿意,支持,"提升包装质感,优化款式设计",一定会,大漆钥匙扣,简约现代风,可以接受,工艺质感,极高,组合套装礼盒,非常喜欢,莫兰迪浅色系,随缘,同学朋友送礼,略有影响,"款式同质化严重,价格虚高",20元以内,80-120元,完全愿意,大概率会,不会关注,"社群团购,线上店铺",小幅提升,一定会复购,"工艺制作短视频,优惠活动福利",配饰挂件类,非常认可，环保创新,包装可以更精致，同时附上简明的非遗文化说明卡。
daqi-answer-1092,2026-08-28T10:23:00+08:00,男,18-22岁,个体经营者,1000元以内,比较喜欢,每月多次,日常自用,"校园市集,电商店铺",略有耳闻,比较感兴趣,"色泽质感高级,非遗文化底蕴","价格昂贵,适合收藏送礼",愿意,强烈支持,"降低价格,加强科普宣传",不确定,"大漆书签,大漆漆扇",传统国风古风,非常介意,"颜值外观,工艺质感",较高,单品简约款,喜欢,撞色潮流色系,非常愿意,"同学朋友送礼,师生赠礼",会，非常加分,价格虚高,40-60元,50元以内,可以接受小幅溢价,基本不会,一定会了解购买,线上店铺,大幅提升,可能复购,高颜值产品实拍图,"桌面摆件类,定制专属类",比较认可,希望增加年轻化配色和小件礼盒，方便送礼和收藏。
daqi-answer-1093,2026-08-01T11:36:00+08:00,女,31-40岁,在校学生,1000-2000元,非常喜欢,每月多次,"收藏爱好,送礼纪念","短视频平台,电商店铺",非常了解,一般,"非遗文化底蕴,小众不撞款",款式老旧,非常愿意,强烈支持,适配日常使用,一定会,"大漆漆扇,大件漆艺摆件",可爱治愈风,完全接受，更有特色,"价格性价比,实用性",较低,组合套装礼盒,无所谓,经典黑金红传统色,愿意,"师生赠礼,同学朋友送礼",会，非常加分,"华而不实无实用性,款式同质化严重",20元以内,50-80元,完全不接受,一定会买,会驻足了解,"文创展会,线上店铺",小幅提升,不确定,"非遗文化科普,优惠活动福利","文具类,礼盒套装类",非常认可，环保创新,希望兼顾传统工艺和日常实用性，价格可以分档。
daqi-answer-1094,2026-08-02T12:49:00+08:00,男,18岁以下,职场上班族,3500元以上,非常喜欢,季度1-2次,"日常自用,送礼纪念",电商店铺,非常了解,非常感兴趣,手工工艺独特,"适合收藏送礼,款式老旧",非常愿意,中立,"降低价格,优化款式设计",可能会,大漆钥匙扣,简约现代风,可以接受,工艺质感,极高,盲盒款式,非常喜欢,莫兰迪浅色系,非常愿意,同学朋友送礼,无影响,"做工粗糙,价格虚高",20-40元,120元以上,完全愿意,大概率会,一定会了解购买,"线上店铺,社群团购",无变化,一定会复购,"工艺制作短视频,市集线下体验",配饰挂件类,非常认可，环保创新,建议多做短视频展示制作过程，并在线下市集提供体验。
daqi-answer-1095,2026-08-03T13:02:00+08:00,女,18-22岁,在校学生,1000元以内,一般,每月多次,送礼纪念,"校园市集,线下实体店",完全没听过,比较感兴趣,"小众不撞款,手工工艺独特","价格昂贵,工艺精致",无所谓,强烈支持,"优化款式设计,加强科普宣传",基本不会,"大漆书签,文创套装礼盒",传统国风古风,完全接受，更有特色,"颜值外观,独特小众性",较高,单品简约款,喜欢,经典黑金红传统色,非常愿意,"节日礼物,师生赠礼",会，非常加分,价格虚高,60元以上,50元以内,可以接受小幅溢价,一定会买,会驻足了解,校园市集,大幅提升,可能复购,高颜值产品实拍图,"礼盒套装类,定制专属类",无所谓,包装可以更精致，同时附上简明的非遗文化说明卡。
daqi-answer-1096,2026-08-04T14:15:00+08:00,男,18岁以下,在校学生,1000-2000元,非常喜欢,每月1次,"收藏爱好,日常自用","短视频平台,朋友推荐",非常了解,毫无兴趣,"非遗文化底蕴,国风颜值高",不适合日常使用,非常愿意,支持,适配日常使用,一定会,"大漆漆扇,大漆钥匙扣",简约现代风,可以接受,"价格性价比,工艺质感",极高,组合套装礼盒,非常喜欢,经典黑金红传统色,随缘,"商务小礼品,同学朋友送礼",略有影响,"华而不实无实用性,价格虚高",20元以内,50-80元,完全愿意,大概率会,随缘,"文创展会,社群团购",小幅提升,一定会复购,"市集线下体验,优惠活动福利","文具类,桌面摆件类",非常认可，环保创新,希望增加年轻化配色和小件礼盒，方便送礼和收藏。
daqi-answer-1097,2026-08-05T15:28:00+08:00,男,18岁以下,自由职业,1000元以内,比较喜欢,季度1-2次,"日常自用,市集/展会随手购买",电商店铺,略有耳闻,非常感兴趣,色泽质感高级,"价格昂贵,款式老旧",愿意,不支持,"降低价格,提升包装质感",可能会,大件漆艺摆件,传统国风古风,介意，追求完美品,文化寓意,极高,单品简约款,非常喜欢,撞色潮流色系,非常愿意,同学朋友送礼,不在意,"包装简陋,价格虚高",20-40元,50元以内,可以接受小幅溢价,看价格款式决定,一定会了解购买,"线上店铺,线下实体店",大幅提升,一定会复购,"工艺制作短视频,非遗文化科普",配饰挂件类,比较认可,希望兼顾传统工艺和日常实用性，价格可以分档。
daqi-answer-1098,2026-08-06T16:41:00+08:00,男,23-30岁,在校学生,1000-2000元,一般,每月多次,送礼纪念,"朋友推荐,线下实体店",非常了解,一般,"非遗文化底蕴,手工工艺独特","款式老旧,工艺精致",不愿意,强烈支持,"优化款式设计,适配日常使用",一定会,"大漆书签,大件漆艺摆件",小众艺术轻奢风,完全接受，更有特色,"颜值外观,文化寓意",一般,单品简约款,无所谓,经典黑金红传统色,愿意,"节日礼物,同学朋友送礼",会，非常加分,价格虚高,20元以内,50-80元,不太接受,一定会买,会驻足了解,校园市集,大幅提升,不确定,高颜值产品实拍图,"文具类,定制专属类",不认可,建议多做短视频展示制作过程，并在线下市集提供体验。
daqi-answer-1099,2026-08-07T17:54:00+08:00,男,18岁以下,职场上班族,2000-3500元,非常喜欢,每月1次,"市集/展会随手购买,送礼纪念","短视频平台,校园市集",略有耳闻,非常感兴趣,"手工工艺独特,国风颜值高",不适合日常使用,非常愿意,支持,加强科普宣传,可能会,"大漆漆扇,大漆书签",简约现代风,可以接受,"价格性价比,独特小众性",极高,盲盒款式,非常喜欢,莫兰迪浅色系,不愿意,"纪念收藏,同学朋友送礼",略有影响,"款式同质化严重,价格虚高",20-40元,80-120元,完全愿意,大概率会,一定会了解购买,"线下实体店,社群团购",无变化,一定会复购,"工艺制作短视频,优惠活动福利","配饰挂件类,桌面摆件类",非常认可，环保创新,包装可以更精致，同时附上简明的非遗文化说明卡。
daqi-answer-1100,2026-08-08T18:07:00+08:00,男,18-22岁,自由职业,1000元以内,比较喜欢,几乎不买,"日常自用,活动奖品",电商店铺,完全没听过,比较感兴趣,色泽质感高级,"价格昂贵,适合收藏送礼",愿意,强烈支持,"降低价格,加强科普宣传",不确定,大漆书签,传统国风古风,完全接受，更有特色,颜值外观,较高,单品简约款,喜欢,自然原木底色,非常愿意,同学朋友送礼,会，非常加分,"价格虚高,包装简陋",40-60元,50元以内,可以接受小幅溢价,一定会买,一定会了解购买,"线上店铺,文创展会",大幅提升,可能复购,"高颜值产品实拍图,非遗文化科普",桌面摆件类,比较认可,希望增加年轻化配色和小件礼盒，方便送礼和收藏。
daqi-answer-1101,2026-08-09T09:20:00+08:00,男,23-30岁,在校学生,1000-2000元,完全不感兴趣,每月多次,收藏爱好,"短视频平台,朋友推荐",非常了解,一般,"非遗文化底蕴,小众不撞款","款式老旧,不适合日常使用",非常愿意,支持,"优化款式设计,降低价格",一定会,"大漆书签,大漆钥匙扣",简约现代风,完全接受，更有特色,"颜值外观,价格性价比",较低,组合套装礼盒,不喜欢,经典黑金红传统色,愿意,"师生赠礼,同学朋友送礼",略有影响,华而不实无实用性,20元以内,50-80元,完全愿意,一定会买,随缘,校园市集,小幅提升,不会复购,非遗文化科普,"文具类,礼盒套装类",非常认可，环保创新,希望兼顾传统工艺和日常实用性，价格可以分档。
daqi-answer-1102,2026-08-10T10:33:00+08:00,女,18岁以下,职场上班族,1000元以内,非常喜欢,季度1-2次,"日常自用,送礼纪念","短视频平台,线下实体店",完全没听过,非常感兴趣,"手工工艺独特,色泽质感高级",工艺精致,愿意,中立,降低价格,可能会,"大漆钥匙扣,大漆书签",简约现代风,介意，追求完美品,"工艺质感,实用性",极高,定制专属款,非常喜欢,莫兰迪浅色系,非常愿意,"同学朋友送礼,纪念收藏",无影响,"款式同质化严重,包装简陋",20-40元,50元以内,完全愿意,看价格款式决定,一定会了解购买,"线上店铺,社群团购",反而降低,一定会复购,"工艺制作短视频,市集线下体验","配饰挂件类,文具类",比较认可,建议多做短视频展示制作过程，并在线下市集提供体验。
daqi-answer-1103,2026-08-11T11:46:00+08:00,男,18-22岁,其他,1000元以内,一般,每月多次,"送礼纪念,活动奖品",校园市集,非常了解,比较感兴趣,国风颜值高,"价格昂贵,工艺精致",无所谓,强烈支持,"降低价格,适配日常使用",一定会,大漆书签,小众艺术轻奢风,完全接受，更有特色,颜值外观,较高,单品简约款,喜欢,经典黑金红传统色,愿意,节日礼物,会，非常加分,"价格虚高,做工粗糙",20元以内,50元以内,不太接受,一定会买,会驻足了解,"校园市集,文创展会",大幅提升,可能复购,"高颜值产品实拍图,工艺制作短视频",礼盒套装类,无所谓,包装可以更精致，同时附上简明的非遗文化说明卡。
daqi-answer-1104,2026-08-12T12:59:00+08:00,女,40岁以上,在校学生,2000-3500元,非常喜欢,每月1次,收藏爱好,"短视频平台,校园市集",略有耳闻,兴趣较低,"非遗文化底蕴,国风颜值高","款式老旧,价格昂贵",非常愿意,支持,"适配日常使用,降低价格",一定会,"大漆漆扇,大漆钥匙扣",简约现代风,可以接受,"价格性价比,独特小众性",不看重,组合套装礼盒,非常喜欢,莫兰迪浅色系,随缘,"师生赠礼,纪念收藏",略有影响,华而不实无实用性,20元以内,80-120元,完全愿意,大概率会,不会关注,文创展会,小幅提升,一定会复购,市集线下体验,"文具类,桌面摆件类",非常认可，环保创新,希望增加年轻化配色和小件礼盒，方便送礼和收藏。
daqi-answer-1105,2026-08-13T13:12:00+08:00,男,18岁以下,自由职业,1000元以内,比较喜欢,季度1-2次,"日常自用,市集/展会随手购买","电商店铺,朋友推荐",非常了解,非常感兴趣,"手工工艺独特,非遗文化底蕴",价格昂贵,愿意,强烈支持,降低价格,不确定,"大件漆艺摆件,大漆书签",传统国风古风,非常介意,"工艺质感,价格性价比",极高,单品简约款,喜欢,撞色潮流色系,非常愿意,"同学朋友送礼,商务小礼品",会，非常加分,"做工粗糙,包装简陋",40-60元,50元以内,可以接受小幅溢价,基本不会,一定会了解购买,"线上店铺,线下实体店",大幅提升,可能复购,"工艺制作短视频,非遗文化科普","配饰挂件类,定制专属类",比较认可,希望兼顾传统工艺和日常实用性，价格可以分档。
daqi-answer-1106,2026-08-14T14:25:00+08:00,女,23-30岁,在校学生,1000-2000元,一般,每月多次,"送礼纪念,收藏爱好",校园市集,略有耳闻,比较感兴趣,非遗文化底蕴,"价格昂贵,不适合日常使用",非常愿意,强烈支持,"优化款式设计,适配日常使用",一定会,大漆书签,可爱治愈风,完全接受，更有特色,颜值外观,一般,组合套装礼盒,无所谓,经典黑金红传统色,愿意,节日礼物,会，非常加分,"价格虚高,款式同质化严重",20元以内,50-80元,完全不接受,一定会买,会驻足了解,"校园市集,线上店铺",小幅提升,不确定,"高颜值产品实拍图,优惠活动福利",文具类,非常认可，环保创新,建议多做短视频展示制作过程，并在线下市集提供体验。
daqi-answer-1107,2026-08-15T15:38:00+08:00,男,18岁以下,职场上班族,3500元以上,非常喜欢,每月1次,活动奖品,"短视频平台,线下实体店",完全没听过,非常感兴趣,"非遗文化底蕴,色泽质感高级","不适合日常使用,价格昂贵",非常愿意,中立,"加强科普宣传,降低价格",可能会,"大漆漆扇,大漆书签",简约现代风,可以接受,"价格性价比,文化寓意",极高,盲盒款式,非常喜欢,莫兰迪浅色系,非常愿意,"商务小礼品,纪念收藏",无影响,华而不实无实用性,20-40元,120元以上,完全愿意,大概率会,一定会了解购买,线下实体店,无变化,一定会复购,工艺制作短视频,"文具类,配饰挂件类",非常认可，环保创新,包装可以更精致，同时附上简明的非遗文化说明卡。
daqi-answer-1108,2026-08-16T16:51:00+08:00,女,18-22岁,自由职业,1000元以内,比较喜欢,半年一次,"日常自用,活动奖品","电商店铺,校园市集",非常了解,非常感兴趣,"色泽质感高级,非遗文化底蕴",价格昂贵,无所谓,强烈支持,降低价格,基本不会,"文创套装礼盒,大漆书签",传统国风古风,完全接受，更有特色,"文化寓意,颜值外观",较高,单品简约款,喜欢,经典黑金红传统色,非常愿意,"同学朋友送礼,师生赠礼",会，非常加分,"价格虚高,包装简陋",60元以上,50元以内,可以接受小幅溢价,一定会买,会驻足了解,"线上店铺,文创展会",大幅提升,可能复购,"工艺制作短视频,高颜值产品实拍图","桌面摆件类,定制专属类",无所谓,希望增加年轻化配色和小件礼盒，方便送礼和收藏。
daqi-answer-1109,2026-08-17T17:04:00+08:00,男,23-30岁,在校学生,1000-2000元,不太喜欢,每月多次,"送礼纪念,日常自用",文创展会,略有耳闻,一般,非遗文化底蕴,"款式老旧,不适合日常使用",非常愿意,支持,"优化款式设计,降低价格",一定会,大漆书签,简约现代风,可以接受,颜值外观,一般,组合套装礼盒,非常喜欢,经典黑金红传统色,随缘,节日礼物,略有影响,"华而不实无实用性,款式同质化严重",20元以内,50-80元,完全愿意,大概率会,随缘,"校园市集,社群团购",小幅提升,一定会复购,"非遗文化科普,优惠活动福利",文具类,非常认可，环保创新,希望兼顾传统工艺和日常实用性，价格可以分档。
daqi-answer-1110,2026-08-18T18:17:00+08:00,女,18岁以下,职场上班族,1000元以内,非常喜欢,每月1次,日常自用,"短视频平台,文创展会",非常了解,非常感兴趣,"手工工艺独特,色泽质感高级","工艺精致,价格昂贵",愿意,不支持,"提升包装质感,降低价格",可能会,"大漆钥匙扣,大漆书签",传统国风古风,介意，追求完美品,"价格性价比,颜值外观",极高,单品简约款,非常喜欢,撞色潮流色系,非常愿意,"同学朋友送礼,纪念收藏",不在意,款式同质化严重,20-40元,50元以内,可以接受小幅溢价,看价格款式决定,一定会了解购买,线上店铺,大幅提升,一定会复购,工艺制作短视频,"配饰挂件类,文具类",比较认可,建议多做短视频展示制作过程，并在线下市集提供体验。
daqi-answer-1111,2026-08-19T09:30:00+08:00,男,18-22岁,个体经营者,1000-2000元,比较喜欢,每月多次,"日常自用,收藏爱好","电商店铺,线下实体店",略有耳闻,比较感兴趣,"国风颜值高,非遗文化底蕴",价格昂贵,不愿意,强烈支持,降低价格,一定会,"大漆书签,文创套装礼盒",小众艺术轻奢风,完全接受，更有特色,"颜值外观,价格性价比",较高,单品简约款,无所谓,经典黑金红传统色,愿意,"节日礼物,师生赠礼",会，非常加分,"价格虚高,做工粗糙",20元以内,50-80元,不太接受,一定会买,会驻足了解,"线上店铺,校园市集",大幅提升,不确定,"高颜值产品实拍图,工艺制作短视频","桌面摆件类,礼盒套装类",不认可,包装可以更精致，同时附上简明的非遗文化说明卡。
daqi-answer-1112,2026-08-20T10:43:00+08:00,女,31-40岁,在校学生,2000-3500元,非常喜欢,每月多次,"收藏爱好,日常自用",短视频平台,非常了解,兴趣较低,非遗文化底蕴,"款式老旧,价格昂贵",非常愿意,支持,"适配日常使用,降低价格",可能会,大漆漆扇,简约现代风,可以接受,颜值外观,较低,盲盒款式,非常喜欢,莫兰迪浅色系,不愿意,师生赠礼,略有影响,"华而不实无实用性,价格虚高",20-40元,80-120元,完全愿意,大概率会,一定会了解购买,"文创展会,社群团购",无变化,一定会复购,"非遗文化科普,市集线下体验",文具类,非常认可，环保创新,希望增加年轻化配色和小件礼盒，方便送礼和收藏。
daqi-answer-1113,2026-08-21T11:56:00+08:00,男,18岁以下,职场上班族,1000元以内,非常喜欢,季度1-2次,日常自用,"短视频平台,电商店铺",非常了解,非常感兴趣,"手工工艺独特,非遗文化底蕴","适合收藏送礼,价格昂贵",愿意,强烈支持,"降低价格,提升包装质感",不确定,"大漆钥匙扣,文创套装礼盒",传统国风古风,完全接受，更有特色,"工艺质感,独特小众性",极高,单品简约款,喜欢,自然原木底色,非常愿意,"同学朋友送礼,商务小礼品",会，非常加分,做工粗糙,40-60元,50元以内,可以接受小幅溢价,一定会买,一定会了解购买,线上店铺,大幅提升,可能复购,工艺制作短视频,"配饰挂件类,定制专属类",无所谓,希望兼顾传统工艺和日常实用性，价格可以分档。
daqi-answer-1114,2026-08-22T12:09:00+08:00,女,18-22岁,在校学生,1000-2000元,一般,每月多次,"送礼纪念,收藏爱好","校园市集,朋友推荐",完全没听过,比较感兴趣,"小众不撞款,非遗文化底蕴",价格昂贵,非常愿意,支持,优化款式设计,一定会,"大漆书签,大件漆艺摆件",简约现代风,完全接受，更有特色,"颜值外观,实用性",较高,组合套装礼盒,不喜欢,经典黑金红传统色,愿意,"节日礼物,同学朋友送礼",略有影响,"价格虚高,款式同质化严重",20元以内,50-80元,完全愿意,一定会买,随缘,"校园市集,线上店铺",小幅提升,不会复购,"高颜值产品实拍图,优惠活动福利","定制专属类,礼盒套装类",非常认可，环保创新,建议多做短视频展示制作过程，并在线下市集提供体验。
daqi-answer-1115,2026-08-23T13:22:00+08:00,男,18岁以下,在校学生,1000元以内,非常喜欢,每月1次,"活动奖品,日常自用",短视频平台,非常了解,毫无兴趣,非遗文化底蕴,"不适合日常使用,价格昂贵",愿意,中立,"适配日常使用,提升包装质感",可能会,大漆漆扇,简约现代风,介意，追求完美品,价格性价比,极高,定制专属款,非常喜欢,莫兰迪浅色系,非常愿意,商务小礼品,无影响,"华而不实无实用性,包装简陋",20-40元,50元以内,完全愿意,看价格款式决定,一定会了解购买,"文创展会,线下实体店",反而降低,一定会复购,"优惠活动福利,市集线下体验",文具类,比较认可,包装可以更精致，同时附上简明的非遗文化说明卡。
daqi-answer-1116,2026-08-24T14:35:00+08:00,男,18岁以下,自由职业,1000元以内,比较喜欢,半年一次,日常自用,"电商店铺,线下实体店",略有耳闻,非常感兴趣,"色泽质感高级,非遗文化底蕴","价格昂贵,适合收藏送礼",无所谓,强烈支持,"降低价格,加强科普宣传",一定会,"大件漆艺摆件,文创套装礼盒",小众艺术轻奢风,完全接受，更有特色,"工艺质感,文化寓意",较高,单品简约款,喜欢,经典黑金红传统色,愿意,"同学朋友送礼,师生赠礼",会，非常加分,价格虚高,20元以内,50元以内,不太接受,一定会买,会驻足了解,线上店铺,大幅提升,不确定,工艺制作短视频,"桌面摆件类,定制专属类",无所谓,希望增加年轻化配色和小件礼盒，方便送礼和收藏。
daqi-answer-1117,2026-08-25T15:48:00+08:00,男,23-30岁,在校学生,2000-3500元,不太喜欢,每月多次,"送礼纪念,日常自用","校园市集,电商店铺",非常了解,一般,"非遗文化底蕴,小众不撞款",款式老旧,非常愿意,支持,优化款式设计,一定会,"大漆书签,大漆钥匙扣",简约现代风,可以接受,"颜值外观,工艺质感",一般,组合套装礼盒,非常喜欢,莫兰迪浅色系,随缘,"节日礼物,纪念收藏",略有影响,"价格虚高,华而不实无实用性",20元以内,80-120元,完全愿意,大概率会,不会关注,"校园市集,社群团购",无变化,一定会复购,"非遗文化科普,优惠活动福利","文具类,礼盒套装类",非常认可，环保创新,希望兼顾传统工艺和日常实用性，价格可以分档。
daqi-answer-1118,2026-08-26T16:01:00+08:00,男,18岁以下,职场上班族,1000元以内,非常喜欢,每月1次,"市集/展会随手购买,日常自用",短视频平台,略有耳闻,非常感兴趣,手工工艺独特,"不适合日常使用,适合收藏送礼",愿意,强烈支持,"加强科普宣传,提升包装质感",不确定,大漆漆扇,传统国风古风,非常介意,价格性价比,极高,单品简约款,喜欢,撞色潮流色系,非常愿意,同学朋友送礼,会，非常加分,"款式同质化严重,包装简陋",40-60元,50元以内,可以接受小幅溢价,基本不会,一定会了解购买,"社群团购,线下实体店",大幅提升,可能复购,"工艺制作短视频,市集线下体验",配饰挂件类,比较认可,建议多做短视频展示制作过程，并在线下市集提供体验。
daqi-answer-1119,2026-08-27T17:14:00+08:00,女,18-22岁,个体经营者,1000-2000元,比较喜欢,几乎不买,日常自用,"电商店铺,文创展会",完全没听过,比较感兴趣,"色泽质感高级,小众不撞款","价格昂贵,工艺精致",非常愿意,强烈支持,"降低价格,适配日常使用",一定会,"大漆书签,文创套装礼盒",可爱治愈风,完全接受，更有特色,"文化寓意,价格性价比",较高,组合套装礼盒,无所谓,经典黑金红传统色,愿意,"同学朋友送礼,节日礼物",会，非常加分,价格虚高,20元以内,50-80元,完全不接受,一定会买,随缘,线上店铺,小幅提升,不确定,高颜值产品实拍图,"桌面摆件类,礼盒套装类",非常认可，环保创新,包装可以更精致，同时附上简明的非遗文化说明卡。
daqi-answer-1120,2026-08-28T18:27:00+08:00,男,31-40岁,在校学生,3500元以上,完全不感兴趣,每月多次,"收藏爱好,日常自用","文创展会,短视频平台",非常了解,一般,"非遗文化底蕴,国风颜值高",款式老旧,非常愿意,中立,优化款式设计,可能会,"大漆漆扇,大漆钥匙扣",简约现代风,可以接受,"颜值外观,独特小众性",较低,盲盒款式,非常喜欢,莫兰迪浅色系,非常愿意,"师生赠礼,纪念收藏",无影响,"华而不实无实用性,价格虚高",20-40元,120元以上,完全愿意,看价格款式决定,一定会了解购买,"文创展会,社群团购",无变化,一定会复购,"非遗文化科普,市集线下体验","文具类,桌面摆件类",非常认可，环保创新,希望增加年轻化配色和小件礼盒，方便送礼和收藏。
daqi-answer-1121,2026-08-01T09:40:00+08:00,女,18岁以下,职场上班族,1000元以内,非常喜欢,季度1-2次,"日常自用,市集/展会随手购买",短视频平台,完全没听过,非常感兴趣,手工工艺独特,"工艺精致,适合收藏送礼",无所谓,强烈支持,"降低价格,提升包装质感",基本不会,大漆钥匙扣,传统国风古风,完全接受，更有特色,价格性价比,极高,单品简约款,喜欢,经典黑金红传统色,非常愿意,同学朋友送礼,会，非常加分,"款式同质化严重,做工粗糙",60元以上,50元以内,不太接受,一定会买,会驻足了解,"线上店铺,线下实体店",大幅提升,可能复购,"工艺制作短视频,非遗文化科普",配饰挂件类,无所谓,希望兼顾传统工艺和日常实用性，价格可以分档。
daqi-answer-1122,2026-08-02T10:53:00+08:00,男,18-22岁,其他,1000-2000元,一般,每月多次,送礼纪念,"电商店铺,短视频平台",非常了解,比较感兴趣,"国风颜值高,小众不撞款","价格昂贵,不适合日常使用",非常愿意,支持,"优化款式设计,适配日常使用",一定会,"大漆书签,大件漆艺摆件",简约现代风,可以接受,"颜值外观,工艺质感",较高,组合套装礼盒,非常喜欢,经典黑金红传统色,随缘,"节日礼物,同学朋友送礼",略有影响,价格虚高,20元以内,80-120元,完全愿意,大概率会,随缘,校园市集,小幅提升,一定会复购,高颜值产品实拍图,"礼盒套装类,桌面摆件类",非常认可，环保创新,建议多做短视频展示制作过程，并在线下市集提供体验。
daqi-answer-1123,2026-08-03T11:06:00+08:00,女,40岁以上,在校学生,1000元以内,非常喜欢,每月1次,"收藏爱好,市集/展会随手购买","短视频平台,电商店铺",略有耳闻,兴趣较低,"非遗文化底蕴,色泽质感高级",款式老旧,愿意,不支持,适配日常使用,可能会,"大漆漆扇,大漆书签",传统国风古风,介意，追求完美品,"颜值外观,文化寓意",极高,单品简约款,非常喜欢,撞色潮流色系,非常愿意,"师生赠礼,商务小礼品",不在意,"华而不实无实用性,包装简陋",40-60元,50元以内,可以接受小幅溢价,看价格款式决定,一定会了解购买,"文创展会,线下实体店",大幅提升,一定会复购,"市集线下体验,非遗文化科普","文具类,配饰挂件类",比较认可,包装可以更精致，同时附上简明的非遗文化说明卡。
daqi-answer-1124,2026-08-04T12:19:00+08:00,男,18岁以下,自由职业,1000-2000元,比较喜欢,季度1-2次,"日常自用,活动奖品",短视频平台,非常了解,非常感兴趣,手工工艺独特,"价格昂贵,适合收藏送礼",不愿意,强烈支持,"降低价格,加强科普宣传",一定会,大件漆艺摆件,小众艺术轻奢风,完全接受，更有特色,工艺质感,极高,单品简约款,无所谓,经典黑金红传统色,愿意,同学朋友送礼,会，非常加分,"包装简陋,做工粗糙",20元以内,50-80元,不太接受,一定会买,会驻足了解,"线上店铺,文创展会",大幅提升,不确定,"工艺制作短视频,高颜值产品实拍图",配饰挂件类,不认可,希望增加年轻化配色和小件礼盒，方便送礼和收藏。
daqi-answer-1125,2026-08-05T13:32:00+08:00,女,23-30岁,在校学生,2000-3500元,一般,每月多次,送礼纪念,"校园市集,线下实体店",略有耳闻,比较感兴趣,"非遗文化底蕴,小众不撞款","款式老旧,不适合日常使用",非常愿意,支持,"优化款式设计,降低价格",可能会,"大漆书签,大漆钥匙扣",简约现代风,可以接受,"颜值外观,独特小众性",一般,盲盒款式,非常喜欢,莫兰迪浅色系,不愿意,"节日礼物,纪念收藏",无影响,价格虚高,20-40元,80-120元,完全愿意,大概率会,一定会了解购买,校园市集,无变化,一定会复购,高颜值产品实拍图,"文具类,礼盒套装类",非常认可，环保创新,希望兼顾传统工艺和日常实用性，价格可以分档。
daqi-answer-1126,2026-08-06T14:45:00+08:00,男,18岁以下,职场上班族,1000元以内,非常喜欢,每月1次,"活动奖品,市集/展会随手购买","短视频平台,朋友推荐",完全没听过,非常感兴趣,"手工工艺独特,色泽质感高级",不适合日常使用,愿意,强烈支持,加强科普宣传,不确定,"大漆漆扇,文创套装礼盒",传统国风古风,完全接受，更有特色,"价格性价比,工艺质感",极高,单品简约款,喜欢,自然原木底色,非常愿意,"纪念收藏,商务小礼品",会，非常加分,"款式同质化严重,包装简陋",40-60元,50元以内,可以接受小幅溢价,一定会买,一定会了解购买,"线下实体店,文创展会",大幅提升,可能复购,"工艺制作短视频,市集线下体验","配饰挂件类,文具类",无所谓,建议多做短视频展示制作过程，并在线下市集提供体验。
daqi-answer-1127,2026-08-07T15:58:00+08:00,女,18-22岁,自由职业,1000-2000元,比较喜欢,半年一次,"日常自用,收藏爱好",电商店铺,非常了解,比较感兴趣,色泽质感高级,"价格昂贵,工艺精致",非常愿意,支持,"降低价格,适配日常使用",一定会,大漆书签,简约现代风,完全接受，更有特色,工艺质感,较高,组合套装礼盒,不喜欢,经典黑金红传统色,随缘,同学朋友送礼,略有影响,"价格虚高,做工粗糙",20元以内,50-80元,完全愿意,一定会买,随缘,"线上店铺,校园市集",小幅提升,不会复购,"高颜值产品实拍图,工艺制作短视频",桌面摆件类,非常认可，环保创新,包装可以更精致，同时附上简明的非遗文化说明卡。
daqi-answer-1128,2026-08-08T16:11:00+08:00,男,23-30岁,在校学生,1000元以内,不太喜欢,每月多次,送礼纪念,"校园市集,文创展会",略有耳闻,一般,"非遗文化底蕴,国风颜值高","款式老旧,价格昂贵",愿意,中立,"优化款式设计,提升包装质感",可能会,"大漆书签,大漆漆扇",简约现代风,介意，追求完美品,"颜值外观,文化寓意",一般,定制专属款,非常喜欢,撞色潮流色系,非常愿意,"师生赠礼,纪念收藏",无影响,华而不实无实用性,20-40元,50元以内,完全愿意,看价格款式决定,一定会了解购买,校园市集,反而降低,一定会复购,非遗文化科普,"文具类,桌面摆件类",比较认可,希望增加年轻化配色和小件礼盒，方便送礼和收藏。
daqi-answer-1129,2026-08-09T17:24:00+08:00,女,18岁以下,职场上班族,1000元以内,非常喜欢,每月1次,"日常自用,市集/展会随手购买","短视频平台,校园市集",非常了解,非常感兴趣,"手工工艺独特,非遗文化底蕴",工艺精致,无所谓,强烈支持,降低价格,一定会,"大漆钥匙扣,文创套装礼盒",小众艺术轻奢风,完全接受，更有特色,"价格性价比,独特小众性",极高,单品简约款,无所谓,经典黑金红传统色,愿意,"同学朋友送礼,商务小礼品",会，非常加分,"款式同质化严重,做工粗糙",20元以内,50元以内,不太接受,一定会买,会驻足了解,"线上店铺,线下实体店",大幅提升,不确定,"工艺制作短视频,非遗文化科普","配饰挂件类,定制专属类",无所谓,希望兼顾传统工艺和日常实用性，价格可以分档。
daqi-answer-1130,2026-08-10T18:37:00+08:00,男,18-22岁,个体经营者,2000-3500元,比较喜欢,每月多次,"送礼纪念,收藏爱好",电商店铺,略有耳闻,比较感兴趣,国风颜值高,"价格昂贵,不适合日常使用",非常愿意,支持,"降低价格,优化款式设计",一定会,大漆书签,简约现代风,可以接受,文化寓意,较高,盲盒款式,非常喜欢,莫兰迪浅色系,随缘,节日礼物,略有影响,"价格虚高,款式同质化严重",20元以内,80-120元,完全愿意,大概率会,不会关注,"校园市集,线上店铺",无变化,一定会复购,"高颜值产品实拍图,优惠活动福利",礼盒套装类,非常认可，环保创新,建议多做短视频展示制作过程，并在线下市集提供体验。
daqi-answer-1131,2026-08-11T09:50:00+08:00,女,31-40岁,在校学生,1000元以内,非常喜欢,每月1次,收藏爱好,"文创展会,电商店铺",非常了解,兴趣较低,"非遗文化底蕴,色泽质感高级","款式老旧,适合收藏送礼",愿意,强烈支持,"适配日常使用,提升包装质感",不确定,"大漆漆扇,大漆书签",传统国风古风,非常介意,"颜值外观,价格性价比",不看重,单品简约款,喜欢,撞色潮流色系,非常愿意,"师生赠礼,商务小礼品",会，非常加分,华而不实无实用性,40-60元,50元以内,可以接受小幅溢价,基本不会,一定会了解购买,文创展会,大幅提升,可能复购,市集线下体验,"文具类,配饰挂件类",比较认可,包装可以更精致，同时附上简明的非遗文化说明卡。
daqi-answer-1132,2026-08-12T10:03:00+08:00,男,18岁以下,职场上班族,1000-2000元,比较喜欢,季度1-2次,"日常自用,活动奖品","短视频平台,线下实体店",非常了解,非常感兴趣,"手工工艺独特,小众不撞款",价格昂贵,非常愿意,强烈支持,降低价格,一定会,"大漆钥匙扣,大件漆艺摆件",可爱治愈风,完全接受，更有特色,"价格性价比,文化寓意",极高,组合套装礼盒,无所谓,经典黑金红传统色,愿意,"同学朋友送礼,师生赠礼",会，非常加分,"做工粗糙,款式同质化严重",20元以内,50-80元,完全不接受,一定会买,随缘,"线上店铺,文创展会",小幅提升,不确定,"工艺制作短视频,高颜值产品实拍图","配饰挂件类,礼盒套装类",非常认可，环保创新,希望增加年轻化配色和小件礼盒，方便送礼和收藏。
daqi-answer-1133,2026-08-13T11:16:00+08:00,男,18-22岁,在校学生,3500元以上,一般,每月多次,"送礼纪念,日常自用",电商店铺,完全没听过,比较感兴趣,非遗文化底蕴,"价格昂贵,款式老旧",非常愿意,中立,"优化款式设计,降低价格",可能会,大漆书签,简约现代风,介意，追求完美品,独特小众性,一般,盲盒款式,非常喜欢,莫兰迪浅色系,非常愿意,节日礼物,无影响,"价格虚高,华而不实无实用性",20-40元,120元以上,完全愿意,看价格款式决定,一定会了解购买,"校园市集,社群团购",无变化,一定会复购,"高颜值产品实拍图,市集线下体验",文具类,比较认可,希望兼顾传统工艺和日常实用性，价格可以分档。
daqi-answer-1134,2026-08-14T12:29:00+08:00,男,18岁以下,职场上班族,1000元以内,非常喜欢,每月1次,活动奖品,"短视频平台,校园市集",非常了解,非常感兴趣,"非遗文化底蕴,手工工艺独特","不适合日常使用,适合收藏送礼",无所谓,强烈支持,"适配日常使用,加强科普宣传",基本不会,"大漆漆扇,文创套装礼盒",小众艺术轻奢风,完全接受，更有特色,"颜值外观,实用性",极高,单品简约款,喜欢,经典黑金红传统色,非常愿意,"商务小礼品,师生赠礼",会，非常加分,华而不实无实用性,60元以上,50元以内,不太接受,一定会买,会驻足了解,线下实体店,大幅提升,可能复购,工艺制作短视频,"文具类,定制专属类",无所谓,建议多做短视频展示制作过程，并在线下市集提供体验。
daqi-answer-1135,2026-08-15T13:42:00+08:00,男,18-22岁,自由职业,1000-2000元,比较喜欢,半年一次,"日常自用,收藏爱好","短视频平台,文创展会",略有耳闻,非常感兴趣,"色泽质感高级,小众不撞款",价格昂贵,非常愿意,支持,降低价格,一定会,"文创套装礼盒,大件漆艺摆件",简约现代风,可以接受,"工艺质感,价格性价比",较高,组合套装礼盒,非常喜欢,经典黑金红传统色,随缘,"同学朋友送礼,节日礼物",略有影响,"价格虚高,做工粗糙",20元以内,80-120元,完全愿意,大概率会,随缘,"线上店铺,校园市集",小幅提升,一定会复购,"工艺制作短视频,优惠活动福利","桌面摆件类,礼盒套装类",非常认可，环保创新,包装可以更精致，同时附上简明的非遗文化说明卡。
daqi-answer-1136,2026-08-16T14:55:00+08:00,女,23-30岁,在校学生,1000元以内,不太喜欢,每月多次,"送礼纪念,市集/展会随手购买",校园市集,非常了解,一般,非遗文化底蕴,"款式老旧,价格昂贵",愿意,不支持,"优化款式设计,提升包装质感",不确定,大漆书签,传统国风古风,介意，追求完美品,颜值外观,一般,单品简约款,非常喜欢,撞色潮流色系,非常愿意,节日礼物,不在意,"华而不实无实用性,价格虚高",40-60元,50元以内,可以接受小幅溢价,看价格款式决定,一定会了解购买,"校园市集,线下实体店",大幅提升,可能复购,"非遗文化科普,市集线下体验",文具类,比较认可,希望增加年轻化配色和小件礼盒，方便送礼和收藏。
daqi-answer-1137,2026-08-17T15:08:00+08:00,男,18岁以下,职场上班族,1000-2000元,非常喜欢,每月1次,日常自用,"短视频平台,线下实体店",略有耳闻,非常感兴趣,"手工工艺独特,非遗文化底蕴","不适合日常使用,工艺精致",不愿意,强烈支持,"提升包装质感,加强科普宣传",一定会,"大漆钥匙扣,文创套装礼盒",小众艺术轻奢风,完全接受，更有特色,"价格性价比,文化寓意",极高,单品简约款,无所谓,经典黑金红传统色,愿意,"同学朋友送礼,商务小礼品",会，非常加分,款式同质化严重,20元以内,50-80元,不太接受,一定会买,会驻足了解,线上店铺,小幅提升,不确定,工艺制作短视频,"配饰挂件类,定制专属类",不认可,希望兼顾传统工艺和日常实用性，价格可以分档。
daqi-answer-1138,2026-08-18T16:21:00+08:00,女,18-22岁,个体经营者,2000-3500元,比较喜欢,每月多次,"日常自用,送礼纪念","电商店铺,校园市集",完全没听过,比较感兴趣,"色泽质感高级,国风颜值高",价格昂贵,非常愿意,中立,降低价格,可能会,"大漆书签,大件漆艺摆件",简约现代风,可以接受,"工艺质感,独特小众性",较高,盲盒款式,非常喜欢,莫兰迪浅色系,不愿意,"节日礼物,同学朋友送礼",无影响,"价格虚高,款式同质化严重",20-40元,80-120元,完全愿意,大概率会,一定会了解购买,"线上店铺,社群团购",无变化,一定会复购,"高颜值产品实拍图,优惠活动福利","桌面摆件类,配饰挂件类",非常认可，环保创新,建议多做短视频展示制作过程，并在线下市集提供体验。
daqi-answer-1139,2026-08-19T17:34:00+08:00,男,31-40岁,在校学生,1000元以内,非常喜欢,每月多次,"收藏爱好,市集/展会随手购买",校园市集,非常了解,一般,非遗文化底蕴,"款式老旧,适合收藏送礼",无所谓,强烈支持,"适配日常使用,提升包装质感",不确定,大漆漆扇,传统国风古风,完全接受，更有特色,颜值外观,较低,单品简约款,喜欢,自然原木底色,非常愿意,师生赠礼,会，非常加分,"华而不实无实用性,包装简陋",40-60元,50元以内,可以接受小幅溢价,一定会买,会驻足了解,"文创展会,线下实体店",大幅提升,可能复购,"非遗文化科普,高颜值产品实拍图",文具类,无所谓,包装可以更精致，同时附上简明的非遗文化说明卡。
daqi-answer-1140,2026-08-20T18:47:00+08:00,女,18岁以下,职场上班族,1000-2000元,非常喜欢,季度1-2次,日常自用,"短视频平台,文创展会",完全没听过,非常感兴趣,"手工工艺独特,小众不撞款","适合收藏送礼,工艺精致",非常愿意,支持,"降低价格,加强科普宣传",一定会,"大漆钥匙扣,大件漆艺摆件",简约现代风,完全接受，更有特色,"价格性价比,颜值外观",极高,组合套装礼盒,不喜欢,经典黑金红传统色,随缘,"同学朋友送礼,师生赠礼",略有影响,做工粗糙,20元以内,50-80元,完全愿意,大概率会,随缘,线上店铺,小幅提升,不会复购,工艺制作短视频,"配饰挂件类,礼盒套装类",非常认可，环保创新,希望增加年轻化配色和小件礼盒，方便送礼和收藏。
daqi-answer-1141,2026-08-21T09:00:00+08:00,男,18-22岁,在校学生,1000元以内,一般,每月多次,"送礼纪念,日常自用","电商店铺,线下实体店",非常了解,比较感兴趣,"小众不撞款,国风颜值高",价格昂贵,愿意,中立,优化款式设计,可能会,"大漆书签,大漆钥匙扣",简约现代风,介意，追求完美品,"文化寓意,实用性",较高,定制专属款,非常喜欢,撞色潮流色系,非常愿意,"节日礼物,纪念收藏",无影响,"价格虚高,华而不实无实用性",20-40元,50元以内,可以接受小幅溢价,看价格款式决定,一定会了解购买,"校园市集,社群团购",反而降低,一定会复购,"高颜值产品实拍图,市集线下体验","定制专属类,桌面摆件类",比较认可,希望兼顾传统工艺和日常实用性，价格可以分档。
daqi-answer-1142,2026-08-22T10:13:00+08:00,女,18岁以下,在校学生,1000元以内,非常喜欢,每月1次,"收藏爱好,活动奖品",文创展会,略有耳闻,毫无兴趣,非遗文化底蕴,"不适合日常使用,适合收藏送礼",无所谓,强烈支持,"适配日常使用,加强科普宣传",一定会,大漆漆扇,小众艺术轻奢风,完全接受，更有特色,颜值外观,极高,单品简约款,无所谓,经典黑金红传统色,愿意,商务小礼品,会，非常加分,"华而不实无实用性,做工粗糙",20元以内,50-80元,不太接受,一定会买,会驻足了解,"文创展会,校园市集",大幅提升,不确定,"优惠活动福利,非遗文化科普",文具类,无所谓,建议多做短视频展示制作过程，并在线下市集提供体验。
daqi-answer-1143,2026-08-23T11:26:00+08:00,男,18岁以下,自由职业,2000-3500元,比较喜欢,季度1-2次,日常自用,"短视频平台,电商店铺",非常了解,非常感兴趣,"色泽质感高级,小众不撞款","价格昂贵,工艺精致",非常愿意,支持,"降低价格,适配日常使用",一定会,"大件漆艺摆件,大漆钥匙扣",简约现代风,可以接受,"价格性价比,实用性",较高,盲盒款式,非常喜欢,莫兰迪浅色系,随缘,"同学朋友送礼,节日礼物",略有影响,价格虚高,20-40元,80-120元,完全愿意,大概率会,不会关注,线上店铺,无变化,一定会复购,工艺制作短视频,"桌面摆件类,礼盒套装类",非常认可，环保创新,包装可以更精致，同时附上简明的非遗文化说明卡。
daqi-answer-1144,2026-08-24T12:39:00+08:00,女,23-30岁,在校学生,1000元以内,一般,每月多次,"送礼纪念,市集/展会随手购买","电商店铺,文创展会",略有耳闻,一般,"非遗文化底蕴,国风颜值高",款式老旧,愿意,强烈支持,优化款式设计,不确定,"大漆书签,大漆漆扇",传统国风古风,非常介意,"独特小众性,文化寓意",一般,单品简约款,喜欢,撞色潮流色系,非常愿意,"节日礼物,商务小礼品",会，非常加分,"价格虚高,包装简陋",40-60元,50元以内,可以接受小幅溢价,基本不会,一定会了解购买,"校园市集,线下实体店",大幅提升,可能复购,"非遗文化科普,市集线下体验","文具类,桌面摆件类",比较认可,希望增加年轻化配色和小件礼盒，方便送礼和收藏。
daqi-answer-1145,2026-08-25T13:52:00+08:00,男,18岁以下,职场上班族,1000-2000元,非常喜欢,每月1次,"市集/展会随手购买,活动奖品",线下实体店,完全没听过,非常感兴趣,手工工艺独特,"不适合日常使用,工艺精致",非常愿意,强烈支持,"加强科普宣传,适配日常使用",一定会,大漆漆扇,可爱治愈风,完全接受，更有特色,颜值外观,极高,组合套装礼盒,无所谓,经典黑金红传统色,愿意,同学朋友送礼,略有影响,"款式同质化严重,做工粗糙",20元以内,50-80元,完全不接受,一定会买,随缘,"社群团购,文创展会",小幅提升,不确定,"工艺制作短视频,非遗文化科普",配饰挂件类,非常认可，环保创新,希望兼顾传统工艺和日常实用性，价格可以分档。
daqi-answer-1146,2026-08-26T14:05:00+08:00,女,18-22岁,自由职业,3500元以上,比较喜欢,几乎不买,日常自用,"短视频平台,朋友推荐",非常了解,比较感兴趣,"色泽质感高级,国风颜值高","价格昂贵,不适合日常使用",非常愿意,中立,"降低价格,优化款式设计",可能会,"大漆书签,大件漆艺摆件",简约现代风,介意，追求完美品,"工艺质感,文化寓意",较高,盲盒款式,非常喜欢,莫兰迪浅色系,非常愿意,"同学朋友送礼,纪念收藏",无影响,价格虚高,20-40元,120元以上,完全愿意,看价格款式决定,一定会了解购买,线上店铺,无变化,一定会复购,高颜值产品实拍图,"桌面摆件类,配饰挂件类",比较认可,建议多做短视频展示制作过程，并在线下市集提供体验。
daqi-answer-1147,2026-08-27T15:18:00+08:00,男,23-30岁,在校学生,1000元以内,完全不感兴趣,每月多次,"收藏爱好,市集/展会随手购买","校园市集,电商店铺",略有耳闻,一般,"非遗文化底蕴,色泽质感高级",款式老旧,无所谓,强烈支持,优化款式设计,基本不会,"大漆漆扇,大漆书签",小众艺术轻奢风,完全接受，更有特色,"颜值外观,工艺质感",较低,单品简约款,喜欢,经典黑金红传统色,愿意,"师生赠礼,商务小礼品",会，非常加分,"华而不实无实用性,包装简陋",60元以上,50元以内,不太接受,一定会买,会驻足了解,"文创展会,线下实体店",大幅提升,可能复购,"非遗文化科普,高颜值产品实拍图","文具类,配饰挂件类",无所谓,包装可以更精致，同时附上简明的非遗文化说明卡。
daqi-answer-1148,2026-08-28T16:31:00+08:00,女,18岁以下,职场上班族,2000-3500元,非常喜欢,季度1-2次,"日常自用,活动奖品",短视频平台,非常了解,非常感兴趣,手工工艺独特,"工艺精致,不适合日常使用",非常愿意,支持,"降低价格,加强科普宣传",一定会,大漆钥匙扣,简约现代风,可以接受,价格性价比,极高,组合套装礼盒,非常喜欢,莫兰迪浅色系,随缘,同学朋友送礼,略有影响,"款式同质化严重,华而不实无实用性",20元以内,80-120元,完全愿意,大概率会,随缘,"线上店铺,文创展会",小幅提升,一定会复购,"工艺制作短视频,高颜值产品实拍图",配饰挂件类,非常认可，环保创新,希望增加年轻化配色和小件礼盒，方便送礼和收藏。
daqi-answer-1149,2026-08-01T17:44:00+08:00,男,18-22岁,其他,1000元以内,一般,每月多次,送礼纪念,"电商店铺,文创展会",略有耳闻,比较感兴趣,"国风颜值高,色泽质感高级","价格昂贵,款式老旧",愿意,不支持,"优化款式设计,降低价格",不确定,"大漆书签,大漆钥匙扣",传统国风古风,介意，追求完美品,"工艺质感,颜值外观",较高,单品简约款,喜欢,撞色潮流色系,非常愿意,"节日礼物,纪念收藏",不在意,价格虚高,40-60元,50元以内,可以接受小幅溢价,看价格款式决定,一定会了解购买,校园市集,大幅提升,可能复购,高颜值产品实拍图,"礼盒套装类,配饰挂件类",比较认可,希望兼顾传统工艺和日常实用性，价格可以分档。
daqi-answer-1150,2026-08-02T18:57:00+08:00,男,40岁以上,在校学生,1000-2000元,非常喜欢,每月1次,"收藏爱好,活动奖品","校园市集,线下实体店",非常了解,兴趣较低,"非遗文化底蕴,手工工艺独特",款式老旧,不愿意,强烈支持,适配日常使用,一定会,"大漆漆扇,文创套装礼盒",小众艺术轻奢风,完全接受，更有特色,"颜值外观,独特小众性",极高,组合套装礼盒,无所谓,经典黑金红传统色,愿意,"师生赠礼,节日礼物",会，非常加分,"华而不实无实用性,做工粗糙",20元以内,50-80元,不太接受,一定会买,会驻足了解,"文创展会,校园市集",小幅提升,不确定,"市集线下体验,高颜值产品实拍图","文具类,定制专属类",不认可,建议多做短视频展示制作过程，并在线下市集提供体验。
daqi-answer-1151,2026-08-03T09:10:00+08:00,男,18岁以下,自由职业,2000-3500元,比较喜欢,季度1-2次,"日常自用,收藏爱好",短视频平台,非常了解,非常感兴趣,手工工艺独特,"价格昂贵,工艺精致",非常愿意,中立,"降低价格,适配日常使用",可能会,大件漆艺摆件,简约现代风,可以接受,价格性价比,极高,盲盒款式,非常喜欢,莫兰迪浅色系,不愿意,同学朋友送礼,无影响,"包装简陋,款式同质化严重",20-40元,80-120元,完全愿意,大概率会,一定会了解购买,"线上店铺,校园市集",无变化,一定会复购,"工艺制作短视频,优惠活动福利",配饰挂件类,非常认可，环保创新,包装可以更精致，同时附上简明的非遗文化说明卡。
daqi-answer-1152,2026-08-04T10:23:00+08:00,男,23-30岁,在校学生,1000元以内,一般,每月多次,送礼纪念,"电商店铺,短视频平台",完全没听过,比较感兴趣,"非遗文化底蕴,国风颜值高","款式老旧,价格昂贵",无所谓,强烈支持,"优化款式设计,提升包装质感",不确定,"大漆书签,大漆漆扇",传统国风古风,完全接受，更有特色,"文化寓意,独特小众性",一般,单品简约款,喜欢,自然原木底色,非常愿意,"节日礼物,商务小礼品",会，非常加分,价格虚高,40-60元,50元以内,可以接受小幅溢价,一定会买,会驻足了解,校园市集,大幅提升,可能复购,高颜值产品实拍图,"文具类,桌面摆件类",无所谓,希望增加年轻化配色和小件礼盒，方便送礼和收藏。
daqi-answer-1153,2026-08-05T11:36:00+08:00,女,18岁以下,职场上班族,1000-2000元,非常喜欢,每月1次,"活动奖品,收藏爱好","文创展会,朋友推荐",非常了解,非常感兴趣,"手工工艺独特,非遗文化底蕴",不适合日常使用,非常愿意,支持,加强科普宣传,一定会,"大漆漆扇,大件漆艺摆件",简约现代风,可以接受,"颜值外观,文化寓意",极高,组合套装礼盒,不喜欢,经典黑金红传统色,随缘,"纪念收藏,师生赠礼",略有影响,"款式同质化严重,做工粗糙",20元以内,50-80元,完全愿意,大概率会,随缘,"线下实体店,校园市集",小幅提升,不会复购,"工艺制作短视频,非遗文化科普","文具类,礼盒套装类",非常认可，环保创新,希望兼顾传统工艺和日常实用性，价格可以分档。
daqi-answer-1154,2026-08-06T12:49:00+08:00,男,18-22岁,自由职业,1000元以内,比较喜欢,半年一次,"日常自用,送礼纪念",短视频平台,略有耳闻,比较感兴趣,色泽质感高级,"价格昂贵,不适合日常使用",愿意,中立,"降低价格,优化款式设计",可能会,大漆书签,传统国风古风,介意，追求完美品,价格性价比,较高,定制专属款,非常喜欢,撞色潮流色系,非常愿意,同学朋友送礼,无影响,"价格虚高,款式同质化严重",20-40元,50元以内,可以接受小幅溢价,看价格款式决定,一定会了解购买,"线上店铺,社群团购",反而降低,一定会复购,"工艺制作短视频,市集线下体验",桌面摆件类,比较认可,建议多做短视频展示制作过程，并在线下市集提供体验。
daqi-answer-1155,2026-08-07T13:02:00+08:00,女,23-30岁,在校学生,1000元以内,不太喜欢,每月多次,送礼纪念,"电商店铺,朋友推荐",非常了解,一般,"非遗文化底蕴,色泽质感高级","款式老旧,适合收藏送礼",无所谓,强烈支持,"优化款式设计,加强科普宣传",一定会,"大漆书签,文创套装礼盒",小众艺术轻奢风,完全接受，更有特色,"实用性,文化寓意",一般,单品简约款,无所谓,经典黑金红传统色,愿意,"师生赠礼,商务小礼品",会，非常加分,华而不实无实用性,20元以内,50-80元,不太接受,一定会买,会驻足了解,校园市集,大幅提升,不确定,非遗文化科普,"文具类,配饰挂件类",不认可,包装可以更精致，同时附上简明的非遗文化说明卡。
daqi-answer-1156,2026-08-08T14:15:00+08:00,男,18岁以下,职场上班族,2000-3500元,非常喜欢,每月1次,"日常自用,活动奖品","线下实体店,文创展会",略有耳闻,非常感兴趣,"手工工艺独特,小众不撞款",工艺精致,非常愿意,支持,降低价格,可能会,"大漆钥匙扣,大件漆艺摆件",简约现代风,可以接受,"颜值外观,价格性价比",极高,盲盒款式,非常喜欢,莫兰迪浅色系,随缘,"同学朋友送礼,师生赠礼",略有影响,"款式同质化严重,华而不实无实用性",20-40元,80-120元,完全愿意,大概率会,不会关注,"线上店铺,文创展会",无变化,一定会复购,"工艺制作短视频,高颜值产品实拍图","配饰挂件类,礼盒套装类",非常认可，环保创新,希望增加年轻化配色和小件礼盒，方便送礼和收藏。
daqi-answer-1157,2026-08-09T15:28:00+08:00,女,18-22岁,个体经营者,1000元以内,比较喜欢,每月多次,"送礼纪念,日常自用",短视频平台,完全没听过,比较感兴趣,国风颜值高,"价格昂贵,款式老旧",愿意,强烈支持,"降低价格,提升包装质感",不确定,大漆书签,传统国风古风,非常介意,工艺质感,较高,单品简约款,喜欢,撞色潮流色系,非常愿意,节日礼物,会，非常加分,"价格虚高,华而不实无实用性",40-60元,50元以内,可以接受小幅溢价,基本不会,一定会了解购买,"线上店铺,线下实体店",大幅提升,可能复购,"高颜值产品实拍图,市集线下体验",礼盒套装类,比较认可,希望兼顾传统工艺和日常实用性，价格可以分档。
daqi-answer-1158,2026-08-10T16:41:00+08:00,男,31-40岁,在校学生,1000-2000元,非常喜欢,每月1次,收藏爱好,"校园市集,文创展会",非常了解,兴趣较低,"非遗文化底蕴,手工工艺独特","款式老旧,工艺精致",非常愿意,支持,"适配日常使用,加强科普宣传",一定会,"大漆漆扇,文创套装礼盒",可爱治愈风,完全接受，更有特色,"颜值外观,文化寓意",不看重,组合套装礼盒,无所谓,经典黑金红传统色,愿意,"师生赠礼,节日礼物",略有影响,华而不实无实用性,20元以内,50-80元,完全不接受,一定会买,随缘,文创展会,小幅提升,不会复购,市集线下体验,"文具类,定制专属类",非常认可，环保创新,建议多做短视频展示制作过程，并在线下市集提供体验。
daqi-answer-1159,2026-08-11T17:54:00+08:00,女,18岁以下,职场上班族,3500元以上,比较喜欢,季度1-2次,"日常自用,收藏爱好","短视频平台,校园市集",完全没听过,非常感兴趣,"手工工艺独特,国风颜值高",价格昂贵,愿意,中立,降低价格,可能会,"大漆钥匙扣,大漆漆扇",简约现代风,介意，追求完美品,"价格性价比,独特小众性",极高,盲盒款式,非常喜欢,莫兰迪浅色系,非常愿意,"同学朋友送礼,节日礼物",无影响,"做工粗糙,华而不实无实用性",20-40元,120元以上,完全愿意,看价格款式决定,一定会了解购买,"线上店铺,校园市集",反而降低,一定会复购,"工艺制作短视频,优惠活动福利","配饰挂件类,桌面摆件类",比较认可,包装可以更精致，同时附上简明的非遗文化说明卡。
daqi-answer-1160,2026-08-12T18:07:00+08:00,男,18-22岁,在校学生,1000元以内,一般,每月多次,"送礼纪念,市集/展会随手购买",电商店铺,非常了解,比较感兴趣,非遗文化底蕴,"价格昂贵,适合收藏送礼",无所谓,强烈支持,"优化款式设计,提升包装质感",基本不会,大漆书签,小众艺术轻奢风,完全接受，更有特色,工艺质感,一般,单品简约款,喜欢,经典黑金红传统色,愿意,节日礼物,会，非常加分,"价格虚高,包装简陋",60元以上,50元以内,不太接受,一定会买,会驻足了解,"校园市集,线下实体店",大幅提升,可能复购,"高颜值产品实拍图,非遗文化科普",文具类,无所谓,希望增加年轻化配色和小件礼盒，方便送礼和收藏。
daqi-answer-1161,2026-08-13T09:20:00+08:00,女,18岁以下,职场上班族,2000-3500元,非常喜欢,每月1次,活动奖品,"校园市集,短视频平台",略有耳闻,非常感兴趣,"非遗文化底蕴,小众不撞款","不适合日常使用,工艺精致",非常愿意,支持,"适配日常使用,优化款式设计",一定会,"大漆漆扇,大件漆艺摆件",简约现代风,可以接受,"颜值外观,价格性价比",极高,组合套装礼盒,非常喜欢,莫兰迪浅色系,随缘,"商务小礼品,节日礼物",略有影响,华而不实无实用性,20元以内,80-120元,完全愿意,大概率会,不会关注,线下实体店,小幅提升,一定会复购,工艺制作短视频,"文具类,礼盒套装类",非常认可，环保创新,希望兼顾传统工艺和日常实用性，价格可以分档。
daqi-answer-1162,2026-08-14T10:33:00+08:00,男,18-22岁,自由职业,1000元以内,比较喜欢,半年一次,"日常自用,送礼纪念","短视频平台,线下实体店",非常了解,非常感兴趣,"色泽质感高级,国风颜值高",价格昂贵,愿意,不支持,降低价格,不确定,"文创套装礼盒,大漆钥匙扣",传统国风古风,介意，追求完美品,"价格性价比,文化寓意",较高,单品简约款,喜欢,撞色潮流色系,非常愿意,"同学朋友送礼,纪念收藏",不在意,"价格虚高,款式同质化严重",40-60元,50元以内,可以接受小幅溢价,基本不会,一定会了解购买,"线上店铺,社群团购",大幅提升,可能复购,"工艺制作短视频,市集线下体验","桌面摆件类,配饰挂件类",比较认可,建议多做短视频展示制作过程，并在线下市集提供体验。
daqi-answer-1163,2026-08-15T11:46:00+08:00,女,23-30岁,在校学生,1000-2000元,不太喜欢,每月多次,"送礼纪念,活动奖品",电商店铺,略有耳闻,一般,非遗文化底蕴,"款式老旧,适合收藏送礼",不愿意,强烈支持,"优化款式设计,加强科普宣传",一定会,大漆书签,小众艺术轻奢风,完全接受，更有特色,文化寓意,一般,组合套装礼盒,无所谓,经典黑金红传统色,愿意,节日礼物,会，非常加分,"价格虚高,做工粗糙",20元以内,50-80元,完全不接受,一定会买,会驻足了解,"校园市集,文创展会",小幅提升,不确定,"非遗文化科普,高颜值产品实拍图",文具类,非常认可，环保创新,包装可以更精致，同时附上简明的非遗文化说明卡。
daqi-answer-1164,2026-08-16T12:59:00+08:00,男,18岁以下,职场上班族,2000-3500元,非常喜欢,每月1次,日常自用,"文创展会,线下实体店",完全没听过,非常感兴趣,"手工工艺独特,小众不撞款","不适合日常使用,款式老旧",非常愿意,中立,"提升包装质感,适配日常使用",可能会,"大漆钥匙扣,大件漆艺摆件",简约现代风,可以接受,"颜值外观,实用性",极高,盲盒款式,非常喜欢,莫兰迪浅色系,不愿意,"同学朋友送礼,师生赠礼",无影响,款式同质化严重,20-40元,120元以上,完全愿意,大概率会,一定会了解购买,线上店铺,无变化,一定会复购,工艺制作短视频,"配饰挂件类,礼盒套装类",非常认可，环保创新,希望增加年轻化配色和小件礼盒，方便送礼和收藏。
daqi-answer-1165,2026-08-17T13:12:00+08:00,女,18-22岁,个体经营者,1000元以内,比较喜欢,每月多次,"日常自用,市集/展会随手购买","短视频平台,文创展会",非常了解,比较感兴趣,"色泽质感高级,手工工艺独特",价格昂贵,无所谓,强烈支持,降低价格,不确定,"大漆书签,大漆钥匙扣",传统国风古风,完全接受，更有特色,"价格性价比,颜值外观",较高,单品简约款,喜欢,自然原木底色,非常愿意,"同学朋友送礼,商务小礼品",会，非常加分,"价格虚高,华而不实无实用性",60元以上,50元以内,可以接受小幅溢价,一定会买,会驻足了解,"线上店铺,线下实体店",大幅提升,可能复购,"高颜值产品实拍图,市集线下体验","桌面摆件类,文具类",无所谓,希望兼顾传统工艺和日常实用性，价格可以分档。
daqi-answer-1166,2026-08-18T14:25:00+08:00,男,31-40岁,在校学生,1000-2000元,非常喜欢,每月多次,"收藏爱好,活动奖品",电商店铺,略有耳闻,一般,非遗文化底蕴,"款式老旧,工艺精致",非常愿意,支持,"适配日常使用,加强科普宣传",一定会,大漆漆扇,简约现代风,可以接受,实用性,较低,组合套装礼盒,不喜欢,经典黑金红传统色,随缘,师生赠礼,略有影响,"华而不实无实用性,做工粗糙",20元以内,50-80元,完全愿意,大概率会,随缘,"文创展会,校园市集",小幅提升,一定会复购,"非遗文化科普,工艺制作短视频",文具类,非常认可，环保创新,建议多做短视频展示制作过程，并在线下市集提供体验。
daqi-answer-1167,2026-08-19T15:38:00+08:00,男,18岁以下,职场上班族,1000元以内,非常喜欢,季度1-2次,日常自用,"朋友推荐,文创展会",非常了解,非常感兴趣,"手工工艺独特,国风颜值高","适合收藏送礼,不适合日常使用",愿意,中立,"降低价格,适配日常使用",可能会,"大漆钥匙扣,大漆漆扇",传统国风古风,介意，追求完美品,"颜值外观,工艺质感",极高,定制专属款,非常喜欢,撞色潮流色系,非常愿意,"同学朋友送礼,节日礼物",不在意,做工粗糙,20-40元,50元以内,可以接受小幅溢价,看价格款式决定,一定会了解购买,线上店铺,大幅提升,一定会复购,工艺制作短视频,"配饰挂件类,桌面摆件类",比较认可,包装可以更精致，同时附上简明的非遗文化说明卡。
daqi-answer-1168,2026-08-20T16:51:00+08:00,男,18-22岁,在校学生,1000-2000元,一般,每月多次,"送礼纪念,市集/展会随手购买","短视频平台,电商店铺",略有耳闻,比较感兴趣,"小众不撞款,色泽质感高级",价格昂贵,无所谓,强烈支持,优化款式设计,一定会,"大漆书签,大漆漆扇",小众艺术轻奢风,完全接受，更有特色,"工艺质感,独特小众性",较高,单品简约款,无所谓,经典黑金红传统色,愿意,"节日礼物,商务小礼品",会，非常加分,"价格虚高,包装简陋",20元以内,50-80元,不太接受,一定会买,会驻足了解,"校园市集,线下实体店",大幅提升,不确定,"高颜值产品实拍图,非遗文化科普","定制专属类,配饰挂件类",不认可,希望增加年轻化配色和小件礼盒，方便送礼和收藏。
daqi-answer-1169,2026-08-21T17:04:00+08:00,男,18岁以下,在校学生,2000-3500元,非常喜欢,每月1次,"收藏爱好,送礼纪念",校园市集,非常了解,毫无兴趣,非遗文化底蕴,"不适合日常使用,工艺精致",非常愿意,支持,"适配日常使用,优化款式设计",可能会,大漆漆扇,简约现代风,可以接受,颜值外观,极高,盲盒款式,非常喜欢,莫兰迪浅色系,不愿意,商务小礼品,略有影响,"华而不实无实用性,款式同质化严重",20-40元,80-120元,完全愿意,大概率会,一定会了解购买,"文创展会,线上店铺",无变化,一定会复购,"优惠活动福利,高颜值产品实拍图",文具类,非常认可，环保创新,希望兼顾传统工艺和日常实用性，价格可以分档。
daqi-answer-1170,2026-08-22T18:17:00+08:00,男,18岁以下,自由职业,1000元以内,比较喜欢,季度1-2次,日常自用,"短视频平台,文创展会",非常了解,非常感兴趣,"色泽质感高级,国风颜值高","价格昂贵,不适合日常使用",愿意,强烈支持,"降低价格,优化款式设计",不确定,"大件漆艺摆件,大漆漆扇",传统国风古风,非常介意,"价格性价比,颜值外观",极高,单品简约款,喜欢,自然原木底色,非常愿意,"同学朋友送礼,纪念收藏",会，非常加分,价格虚高,40-60元,50元以内,可以接受小幅溢价,一定会买,一定会了解购买,线上店铺,大幅提升,可能复购,工艺制作短视频,"桌面摆件类,配饰挂件类",比较认可,建议多做短视频展示制作过程，并在线下市集提供体验。
daqi-answer-1171,2026-08-23T09:30:00+08:00,男,23-30岁,在校学生,1000-2000元,一般,每月多次,"送礼纪念,活动奖品","电商店铺,线下实体店",完全没听过,一般,"非遗文化底蕴,色泽质感高级",款式老旧,非常愿意,支持,优化款式设计,一定会,"大漆书签,文创套装礼盒",可爱治愈风,完全接受，更有特色,"工艺质感,文化寓意",一般,组合套装礼盒,不喜欢,经典黑金红传统色,愿意,"节日礼物,师生赠礼",略有影响,"价格虚高,做工粗糙",20元以内,50-80元,完全愿意,一定会买,随缘,"校园市集,文创展会",小幅提升,不会复购,"非遗文化科普,高颜值产品实拍图","文具类,配饰挂件类",非常认可，环保创新,包装可以更精致，同时附上简明的非遗文化说明卡。
daqi-answer-1172,2026-08-24T10:43:00+08:00,女,18岁以下,职场上班族,3500元以上,非常喜欢,每月1次,"市集/展会随手购买,收藏爱好",校园市集,非常了解,非常感兴趣,手工工艺独特,"不适合日常使用,款式老旧",愿意,中立,"加强科普宣传,优化款式设计",可能会,大漆漆扇,简约现代风,介意，追求完美品,颜值外观,极高,定制专属款,非常喜欢,莫兰迪浅色系,非常愿意,同学朋友送礼,无影响,"款式同质化严重,华而不实无实用性",20-40元,50元以内,完全愿意,看价格款式决定,一定会了解购买,"社群团购,校园市集",反而降低,一定会复购,"工艺制作短视频,高颜值产品实拍图",配饰挂件类,比较认可,希望增加年轻化配色和小件礼盒，方便送礼和收藏。
daqi-answer-1173,2026-08-25T11:56:00+08:00,男,18-22岁,自由职业,1000元以内,比较喜欢,几乎不买,日常自用,"短视频平台,电商店铺",略有耳闻,比较感兴趣,"色泽质感高级,手工工艺独特","价格昂贵,款式老旧",无所谓,强烈支持,"降低价格,提升包装质感",基本不会,"大漆书签,大漆钥匙扣",小众艺术轻奢风,完全接受，更有特色,"价格性价比,实用性",较高,单品简约款,喜欢,经典黑金红传统色,愿意,"同学朋友送礼,商务小礼品",会，非常加分,价格虚高,20元以内,50元以内,不太接受,一定会买,会驻足了解,线上店铺,大幅提升,可能复购,高颜值产品实拍图,"桌面摆件类,文具类",无所谓,希望兼顾传统工艺和日常实用性，价格可以分档。
daqi-answer-1174,2026-08-26T12:09:00+08:00,女,23-30岁,在校学生,2000-3500元,完全不感兴趣,每月多次,"收藏爱好,活动奖品","电商店铺,文创展会",非常了解,一般,"非遗文化底蕴,手工工艺独特",款式老旧,非常愿意,支持,优化款式设计,一定会,"大漆书签,大件漆艺摆件",简约现代风,可以接受,"文化寓意,价格性价比",较低,组合套装礼盒,非常喜欢,莫兰迪浅色系,随缘,"师生赠礼,节日礼物",略有影响,"华而不实无实用性,做工粗糙",20元以内,80-120元,完全愿意,大概率会,不会关注,"文创展会,校园市集",小幅提升,一定会复购,"非遗文化科普,工艺制作短视频","文具类,定制专属类",非常认可，环保创新,建议多做短视频展示制作过程，并在线下市集提供体验。
daqi-answer-1175,2026-08-27T13:22:00+08:00,男,18岁以下,职场上班族,1000元以内,非常喜欢,季度1-2次,"日常自用,收藏爱好",文创展会,略有耳闻,非常感兴趣,手工工艺独特,"工艺精致,款式老旧",愿意,不支持,"降低价格,适配日常使用",不确定,大漆钥匙扣,传统国风古风,非常介意,颜值外观,极高,单品简约款,喜欢,撞色潮流色系,非常愿意,同学朋友送礼,会，非常加分,"款式同质化严重,价格虚高",40-60元,50元以内,可以接受小幅溢价,基本不会,一定会了解购买,"线上店铺,校园市集",大幅提升,可能复购,"工艺制作短视频,优惠活动福利",配饰挂件类,比较认可,包装可以更精致，同时附上简明的非遗文化说明卡。
daqi-answer-1176,2026-08-28T14:35:00+08:00,女,18-22岁,其他,1000-2000元,一般,每月多次,送礼纪念,"短视频平台,朋友推荐",完全没听过,比较感兴趣,"国风颜值高,手工工艺独特","价格昂贵,适合收藏送礼",不愿意,强烈支持,"降低价格,加强科普宣传",一定会,"大漆书签,大漆漆扇",可爱治愈风,完全接受，更有特色,"价格性价比,工艺质感",较高,组合套装礼盒,无所谓,经典黑金红传统色,愿意,"节日礼物,商务小礼品",会，非常加分,价格虚高,20元以内,50-80元,完全不接受,一定会买,会驻足了解,校园市集,小幅提升,不确定,高颜值产品实拍图,"礼盒套装类,文具类",非常认可，环保创新,希望增加年轻化配色和小件礼盒，方便送礼和收藏。
daqi-answer-1177,2026-08-01T15:48:00+08:00,男,40岁以上,在校学生,2000-3500元,非常喜欢,每月1次,"收藏爱好,送礼纪念","电商店铺,短视频平台",非常了解,兴趣较低,"非遗文化底蕴,小众不撞款",款式老旧,非常愿意,中立,适配日常使用,可能会,"大漆漆扇,大件漆艺摆件",简约现代风,可以接受,"实用性,颜值外观",极高,盲盒款式,非常喜欢,莫兰迪浅色系,非常愿意,"师生赠礼,同学朋友送礼",无影响,"华而不实无实用性,款式同质化严重",20-40元,120元以上,完全愿意,大概率会,一定会了解购买,"文创展会,线上店铺",无变化,一定会复购,"市集线下体验,工艺制作短视频","文具类,礼盒套装类",非常认可，环保创新,希望兼顾传统工艺和日常实用性，价格可以分档。
daqi-answer-1178,2026-08-02T16:01:00+08:00,女,18岁以下,自由职业,1000元以内,比较喜欢,季度1-2次,"日常自用,送礼纪念",朋友推荐,略有耳闻,非常感兴趣,手工工艺独特,"价格昂贵,不适合日常使用",无所谓,强烈支持,"降低价格,优化款式设计",基本不会,大件漆艺摆件,传统国风古风,完全接受，更有特色,颜值外观,极高,单品简约款,喜欢,经典黑金红传统色,非常愿意,同学朋友送礼,会，非常加分,"包装简陋,华而不实无实用性",60元以上,50元以内,可以接受小幅溢价,一定会买,会驻足了解,"线上店铺,社群团购",大幅提升,可能复购,"工艺制作短视频,市集线下体验",配饰挂件类,无所谓,建议多做短视频展示制作过程，并在线下市集提供体验。
daqi-answer-1179,2026-08-03T17:14:00+08:00,男,23-30岁,在校学生,1000-2000元,一般,每月多次,送礼纪念,"短视频平台,校园市集",非常了解,比较感兴趣,"非遗文化底蕴,色泽质感高级","价格昂贵,工艺精致",非常愿意,支持,"优化款式设计,加强科普宣传",一定会,"大漆书签,文创套装礼盒",简约现代风,可以接受,"价格性价比,独特小众性",一般,组合套装礼盒,非常喜欢,经典黑金红传统色,随缘,"节日礼物,师生赠礼",略有影响,价格虚高,20元以内,50-80元,完全愿意,大概率会,随缘,校园市集,小幅提升,一定会复购,高颜值产品实拍图,"文具类,配饰挂件类",非常认可，环保创新,包装可以更精致，同时附上简明的非遗文化说明卡。
daqi-answer-1180,2026-08-04T18:27:00+08:00,女,18岁以下,职场上班族,1000元以内,非常喜欢,每月1次,"活动奖品,送礼纪念","校园市集,线下实体店",略有耳闻,非常感兴趣,"非遗文化底蕴,国风颜值高",不适合日常使用,愿意,不支持,加强科普宣传,可能会,"大漆漆扇,大漆钥匙扣",传统国风古风,介意，追求完美品,"颜值外观,独特小众性",极高,单品简约款,非常喜欢,撞色潮流色系,非常愿意,"纪念收藏,节日礼物",不在意,"款式同质化严重,华而不实无实用性",20-40元,50元以内,可以接受小幅溢价,看价格款式决定,一定会了解购买,"线下实体店,线上店铺",大幅提升,一定会复购,"工艺制作短视频,高颜值产品实拍图","文具类,桌面摆件类",比较认可,希望增加年轻化配色和小件礼盒，方便送礼和收藏。
daqi-answer-1181,2026-08-05T09:40:00+08:00,男,18-22岁,自由职业,1000-2000元,比较喜欢,半年一次,"日常自用,市集/展会随手购买",短视频平台,非常了解,非常感兴趣,色泽质感高级,"价格昂贵,款式老旧",不愿意,强烈支持,"降低价格,提升包装质感",一定会,大漆书签,小众艺术轻奢风,完全接受，更有特色,颜值外观,较高,单品简约款,无所谓,经典黑金红传统色,愿意,同学朋友送礼,会，非常加分,"价格虚高,华而不实无实用性",20元以内,50-80元,不太接受,一定会买,会驻足了解,"线上店铺,线下实体店",大幅提升,不确定,"工艺制作短视频,非遗文化科普",桌面摆件类,不认可,希望兼顾传统工艺和日常实用性，价格可以分档。
daqi-answer-1182,2026-08-06T10:53:00+08:00,女,23-30岁,在校学生,2000-3500元,不太喜欢,每月多次,送礼纪念,"电商店铺,短视频平台",非常了解,一般,"非遗文化底蕴,手工工艺独特","款式老旧,工艺精致",非常愿意,支持,"优化款式设计,适配日常使用",可能会,"大漆书签,大件漆艺摆件",简约现代风,可以接受,"工艺质感,实用性",一般,盲盒款式,非常喜欢,莫兰迪浅色系,不愿意,"师生赠礼,节日礼物",略有影响,华而不实无实用性,20-40元,80-120元,完全愿意,大概率会,一定会了解购买,校园市集,无变化,一定会复购,非遗文化科普,"文具类,定制专属类",非常认可，环保创新,建议多做短视频展示制作过程，并在线下市集提供体验。
daqi-answer-1183,2026-08-07T11:06:00+08:00,男,18岁以下,职场上班族,1000元以内,非常喜欢,每月1次,"日常自用,收藏爱好","校园市集,文创展会",完全没听过,非常感兴趣,"手工工艺独特,国风颜值高",工艺精致,愿意,强烈支持,降低价格,不确定,"大漆钥匙扣,大漆漆扇",传统国风古风,完全接受，更有特色,"颜值外观,文化寓意",极高,单品简约款,喜欢,自然原木底色,非常愿意,"同学朋友送礼,节日礼物",会，非常加分,"款式同质化严重,价格虚高",40-60元,50元以内,可以接受小幅溢价,一定会买,一定会了解购买,"线上店铺,校园市集",大幅提升,可能复购,"工艺制作短视频,优惠活动福利","配饰挂件类,桌面摆件类",比较认可,包装可以更精致，同时附上简明的非遗文化说明卡。
daqi-answer-1184,2026-08-08T12:19:00+08:00,女,18-22岁,个体经营者,1000-2000元,比较喜欢,每月多次,"日常自用,活动奖品",短视频平台,非常了解,比较感兴趣,国风颜值高,"价格昂贵,适合收藏送礼",非常愿意,支持,"降低价格,加强科普宣传",一定会,大漆书签,简约现代风,完全接受，更有特色,价格性价比,较高,组合套装礼盒,不喜欢,经典黑金红传统色,愿意,节日礼物,略有影响,"价格虚高,包装简陋",20元以内,50-80元,完全愿意,一定会买,随缘,"线上店铺,文创展会",小幅提升,不会复购,"高颜值产品实拍图,非遗文化科普",礼盒套装类,非常认可，环保创新,希望增加年轻化配色和小件礼盒，方便送礼和收藏。
daqi-answer-1185,2026-08-09T13:32:00+08:00,男,31-40岁,在校学生,3500元以上,非常喜欢,每月多次,收藏爱好,"电商店铺,朋友推荐",略有耳闻,兴趣较低,"非遗文化底蕴,小众不撞款","款式老旧,不适合日常使用",愿意,中立,"适配日常使用,优化款式设计",可能会,"大漆漆扇,大件漆艺摆件",简约现代风,介意，追求完美品,"工艺质感,价格性价比",不看重,定制专属款,非常喜欢,莫兰迪浅色系,非常愿意,"师生赠礼,同学朋友送礼",无影响,华而不实无实用性,20-40元,50元以内,完全愿意,看价格款式决定,一定会了解购买,文创展会,反而降低,一定会复购,市集线下体验,"文具类,礼盒套装类",比较认可,希望兼顾传统工艺和日常实用性，价格可以分档。
daqi-answer-1186,2026-08-10T14:45:00+08:00,男,18岁以下,职场上班族,1000元以内,非常喜欢,季度1-2次,"日常自用,送礼纪念","文创展会,电商店铺",非常了解,非常感兴趣,"手工工艺独特,色泽质感高级",价格昂贵,无所谓,强烈支持,降低价格,一定会,"大漆钥匙扣,大漆书签",小众艺术轻奢风,完全接受，更有特色,"颜值外观,价格性价比",极高,单品简约款,喜欢,经典黑金红传统色,愿意,"同学朋友送礼,纪念收藏",会，非常加分,"做工粗糙,价格虚高",20元以内,50元以内,不太接受,一定会买,会驻足了解,"线上店铺,社群团购",大幅提升,可能复购,"工艺制作短视频,市集线下体验","配饰挂件类,文具类",无所谓,建议多做短视频展示制作过程，并在线下市集提供体验。
daqi-answer-1187,2026-08-11T15:58:00+08:00,男,18-22岁,在校学生,2000-3500元,一般,每月多次,"送礼纪念,活动奖品",短视频平台,略有耳闻,比较感兴趣,非遗文化底蕴,"价格昂贵,工艺精致",非常愿意,支持,"优化款式设计,加强科普宣传",一定会,大漆书签,简约现代风,可以接受,价格性价比,一般,组合套装礼盒,非常喜欢,莫兰迪浅色系,随缘,节日礼物,略有影响,"价格虚高,做工粗糙",20元以内,80-120元,完全愿意,大概率会,不会关注,"校园市集,文创展会",小幅提升,一定会复购,"高颜值产品实拍图,工艺制作短视频",定制专属类,非常认可，环保创新,包装可以更精致，同时附上简明的非遗文化说明卡。
daqi-answer-1188,2026-08-12T16:11:00+08:00,男,18岁以下,在校学生,1000元以内,非常喜欢,每月1次,活动奖品,"电商店铺,校园市集",完全没听过,非常感兴趣,"非遗文化底蕴,国风颜值高","不适合日常使用,款式老旧",愿意,强烈支持,"适配日常使用,降低价格",不确定,"大漆漆扇,大漆钥匙扣",传统国风古风,非常介意,"实用性,价格性价比",极高,单品简约款,喜欢,撞色潮流色系,非常愿意,"商务小礼品,同学朋友送礼",会，非常加分,华而不实无实用性,40-60元,50元以内,可以接受小幅溢价,基本不会,一定会了解购买,线下实体店,大幅提升,可能复购,优惠活动福利,"文具类,桌面摆件类",比较认可,希望增加年轻化配色和小件礼盒，方便送礼和收藏。
daqi-answer-1189,2026-08-13T17:24:00+08:00,女,18岁以下,自由职业,1000-2000元,比较喜欢,半年一次,"日常自用,市集/展会随手购买","朋友推荐,短视频平台",非常了解,非常感兴趣,"色泽质感高级,手工工艺独特",价格昂贵,非常愿意,强烈支持,降低价格,一定会,"文创套装礼盒,大漆漆扇",可爱治愈风,完全接受，更有特色,"颜值外观,实用性",较高,组合套装礼盒,无所谓,经典黑金红传统色,愿意,"同学朋友送礼,商务小礼品",会，非常加分,"价格虚高,华而不实无实用性",20元以内,50-80元,完全不接受,一定会买,会驻足了解,"线上店铺,线下实体店",小幅提升,不确定,"工艺制作短视频,非遗文化科普","桌面摆件类,文具类",非常认可，环保创新,希望兼顾传统工艺和日常实用性，价格可以分档。
daqi-answer-1190,2026-08-14T18:37:00+08:00,男,23-30岁,在校学生,3500元以上,不太喜欢,每月多次,"送礼纪念,收藏爱好",短视频平台,完全没听过,一般,非遗文化底蕴,"款式老旧,工艺精致",非常愿意,中立,"优化款式设计,适配日常使用",可能会,大漆书签,简约现代风,可以接受,价格性价比,一般,盲盒款式,非常喜欢,莫兰迪浅色系,非常愿意,节日礼物,无影响,"价格虚高,款式同质化严重",20-40元,120元以上,完全愿意,大概率会,一定会了解购买,"校园市集,线上店铺",无变化,一定会复购,"非遗文化科普,工艺制作短视频",文具类,非常认可，环保创新,建议多做短视频展示制作过程，并在线下市集提供体验。
daqi-answer-1191,2026-08-15T09:50:00+08:00,女,18岁以下,职场上班族,1000元以内,非常喜欢,每月1次,日常自用,"电商店铺,线下实体店",非常了解,非常感兴趣,"手工工艺独特,国风颜值高","不适合日常使用,价格昂贵",无所谓,强烈支持,"提升包装质感,优化款式设计",基本不会,"大漆钥匙扣,大漆漆扇",传统国风古风,完全接受，更有特色,"颜值外观,价格性价比",极高,单品简约款,喜欢,经典黑金红传统色,非常愿意,"同学朋友送礼,节日礼物",会，非常加分,款式同质化严重,60元以上,50元以内,可以接受小幅溢价,一定会买,会驻足了解,社群团购,大幅提升,可能复购,工艺制作短视频,"配饰挂件类,桌面摆件类",无所谓,包装可以更精致，同时附上简明的非遗文化说明卡。
daqi-answer-1192,2026-08-16T10:03:00+08:00,男,18-22岁,个体经营者,1000-2000元,比较喜欢,每月多次,"日常自用,活动奖品","短视频平台,线下实体店",略有耳闻,比较感兴趣,"色泽质感高级,非遗文化底蕴",价格昂贵,非常愿意,支持,降低价格,一定会,"大漆书签,大漆漆扇",简约现代风,可以接受,"颜值外观,工艺质感",较高,组合套装礼盒,非常喜欢,经典黑金红传统色,随缘,"同学朋友送礼,师生赠礼",略有影响,"价格虚高,包装简陋",20元以内,50-80元,完全愿意,大概率会,随缘,"线上店铺,文创展会",小幅提升,一定会复购,"高颜值产品实拍图,非遗文化科普","桌面摆件类,定制专属类",非常认可，环保创新,希望增加年轻化配色和小件礼盒，方便送礼和收藏。
daqi-answer-1193,2026-08-17T11:16:00+08:00,女,31-40岁,在校学生,1000元以内,非常喜欢,每月多次,"收藏爱好,送礼纪念",短视频平台,非常了解,一般,非遗文化底蕴,"款式老旧,不适合日常使用",愿意,不支持,"适配日常使用,优化款式设计",可能会,大漆漆扇,传统国风古风,介意，追求完美品,工艺质感,较低,单品简约款,非常喜欢,撞色潮流色系,非常愿意,师生赠礼,不在意,"华而不实无实用性,款式同质化严重",20-40元,50元以内,可以接受小幅溢价,看价格款式决定,一定会了解购买,"文创展会,线上店铺",大幅提升,一定会复购,"非遗文化科普,优惠活动福利",文具类,比较认可,希望兼顾传统工艺和日常实用性，价格可以分档。
daqi-answer-1194,2026-08-18T12:29:00+08:00,男,18岁以下,职场上班族,1000-2000元,非常喜欢,季度1-2次,日常自用,"校园市集,朋友推荐",略有耳闻,非常感兴趣,"手工工艺独特,色泽质感高级","适合收藏送礼,款式老旧",不愿意,强烈支持,"降低价格,优化款式设计",一定会,"大漆钥匙扣,大漆书签",小众艺术轻奢风,完全接受，更有特色,"颜值外观,实用性",极高,单品简约款,无所谓,经典黑金红传统色,愿意,"同学朋友送礼,纪念收藏",会，非常加分,做工粗糙,20元以内,50-80元,不太接受,一定会买,会驻足了解,线上店铺,大幅提升,不确定,工艺制作短视频,"配饰挂件类,文具类",不认可,建议多做短视频展示制作过程，并在线下市集提供体验。
daqi-answer-1195,2026-08-19T13:42:00+08:00,女,18-22岁,在校学生,2000-3500元,一般,每月多次,"送礼纪念,活动奖品","短视频平台,文创展会",完全没听过,比较感兴趣,"小众不撞款,手工工艺独特",价格昂贵,非常愿意,支持,优化款式设计,可能会,"大漆书签,文创套装礼盒",简约现代风,可以接受,"价格性价比,颜值外观",较高,盲盒款式,非常喜欢,莫兰迪浅色系,不愿意,"节日礼物,师生赠礼",略有影响,"价格虚高,做工粗糙",20-40元,80-120元,完全愿意,大概率会,一定会了解购买,"校园市集,文创展会",无变化,一定会复购,"高颜值产品实拍图,工艺制作短视频","礼盒套装类,定制专属类",非常认可，环保创新,包装可以更精致，同时附上简明的非遗文化说明卡。
daqi-answer-1196,2026-08-20T14:55:00+08:00,男,18岁以下,在校学生,1000元以内,非常喜欢,每月1次,"收藏爱好,日常自用",电商店铺,非常了解,毫无兴趣,非遗文化底蕴,"不适合日常使用,款式老旧",愿意,强烈支持,"适配日常使用,降低价格",不确定,大漆漆扇,传统国风古风,完全接受，更有特色,工艺质感,极高,单品简约款,喜欢,自然原木底色,非常愿意,商务小礼品,会，非常加分,"华而不实无实用性,价格虚高",40-60元,50元以内,可以接受小幅溢价,一定会买,一定会了解购买,"文创展会,社群团购",大幅提升,可能复购,"市集线下体验,优惠活动福利",文具类,比较认可,希望增加年轻化配色和小件礼盒，方便送礼和收藏。
daqi-answer-1197,2026-08-21T15:08:00+08:00,女,18岁以下,自由职业,1000-2000元,比较喜欢,季度1-2次,日常自用,"校园市集,电商店铺",略有耳闻,非常感兴趣,"色泽质感高级,手工工艺独特","价格昂贵,款式老旧",非常愿意,支持,"降低价格,提升包装质感",一定会,"大件漆艺摆件,大漆书签",简约现代风,完全接受，更有特色,"颜值外观,工艺质感",极高,组合套装礼盒,不喜欢,经典黑金红传统色,愿意,"同学朋友送礼,商务小礼品",略有影响,包装简陋,20元以内,50-80元,完全愿意,一定会买,随缘,线上店铺,小幅提升,不会复购,工艺制作短视频,"配饰挂件类,定制专属类",非常认可，环保创新,希望兼顾传统工艺和日常实用性，价格可以分档。
daqi-answer-1198,2026-08-22T16:21:00+08:00,男,23-30岁,在校学生,1000元以内,一般,每月多次,"送礼纪念,收藏爱好","短视频平台,电商店铺",非常了解,一般,"非遗文化底蕴,手工工艺独特",款式老旧,愿意,中立,优化款式设计,可能会,"大漆书签,大件漆艺摆件",简约现代风,介意，追求完美品,"价格性价比,实用性",一般,定制专属款,非常喜欢,莫兰迪浅色系,非常愿意,"节日礼物,同学朋友送礼",无影响,"价格虚高,款式同质化严重",20-40元,50元以内,完全愿意,看价格款式决定,一定会了解购买,"校园市集,线上店铺",反而降低,一定会复购,"高颜值产品实拍图,优惠活动福利","文具类,定制专属类",比较认可,建议多做短视频展示制作过程，并在线下市集提供体验。
daqi-answer-1199,2026-08-23T17:34:00+08:00,女,18岁以下,职场上班族,1000元以内,非常喜欢,每月1次,"市集/展会随手购买,送礼纪念",电商店铺,略有耳闻,非常感兴趣,手工工艺独特,"不适合日常使用,价格昂贵",无所谓,强烈支持,"加强科普宣传,降低价格",一定会,大漆漆扇,小众艺术轻奢风,完全接受，更有特色,文化寓意,极高,单品简约款,喜欢,经典黑金红传统色,愿意,纪念收藏,会，非常加分,"款式同质化严重,价格虚高",20元以内,50元以内,不太接受,一定会买,会驻足了解,"线下实体店,社群团购",大幅提升,可能复购,"工艺制作短视频,优惠活动福利",配饰挂件类,无所谓,包装可以更精致，同时附上简明的非遗文化说明卡。
daqi-answer-1200,2026-08-24T18:47:00+08:00,男,18-22岁,自由职业,2000-3500元,比较喜欢,几乎不买,日常自用,"朋友推荐,电商店铺",非常了解,比较感兴趣,"色泽质感高级,非遗文化底蕴","价格昂贵,适合收藏送礼",非常愿意,支持,"降低价格,加强科普宣传",一定会,"大漆书签,大漆漆扇",简约现代风,可以接受,"颜值外观,独特小众性",较高,组合套装礼盒,非常喜欢,莫兰迪浅色系,随缘,"同学朋友送礼,师生赠礼",略有影响,价格虚高,20元以内,80-120元,完全愿意,大概率会,不会关注,线上店铺,小幅提升,一定会复购,高颜值产品实拍图,"桌面摆件类,定制专属类",非常认可，环保创新,希望增加年轻化配色和小件礼盒，方便送礼和收藏。
daqi-answer-1201,2026-08-25T09:00:00+08:00,女,23-30岁,在校学生,1000元以内,完全不感兴趣,每月多次,"收藏爱好,送礼纪念","短视频平台,朋友推荐",非常了解,一般,"非遗文化底蕴,小众不撞款",款式老旧,愿意,强烈支持,优化款式设计,不确定,"大漆书签,大漆钥匙扣",传统国风古风,非常介意,"价格性价比,工艺质感",较低,单品简约款,喜欢,撞色潮流色系,非常愿意,"师生赠礼,同学朋友送礼",会，非常加分,"华而不实无实用性,款式同质化严重",40-60元,50元以内,可以接受小幅溢价,基本不会,一定会了解购买,"校园市集,社群团购",大幅提升,可能复购,"非遗文化科普,优惠活动福利","文具类,礼盒套装类",比较认可,希望兼顾传统工艺和日常实用性，价格可以分档。
daqi-answer-1202,2026-08-26T10:13:00+08:00,男,18岁以下,职场上班族,1000-2000元,非常喜欢,季度1-2次,"日常自用,送礼纪念",电商店铺,完全没听过,非常感兴趣,手工工艺独特,"工艺精致,价格昂贵",非常愿意,强烈支持,"降低价格,优化款式设计",一定会,大漆钥匙扣,可爱治愈风,完全接受，更有特色,颜值外观,极高,组合套装礼盒,无所谓,经典黑金红传统色,愿意,同学朋友送礼,会，非常加分,"款式同质化严重,包装简陋",20元以内,50-80元,完全不接受,一定会买,会驻足了解,"线上店铺,社群团购",小幅提升,不确定,"工艺制作短视频,市集线下体验",配饰挂件类,非常认可，环保创新,建议多做短视频展示制作过程，并在线下市集提供体验。
daqi-answer-1203,2026-08-27T11:26:00+08:00,男,18-22岁,其他,3500元以上,一般,每月多次,送礼纪念,"短视频平台,电商店铺",非常了解,比较感兴趣,"国风颜值高,非遗文化底蕴","价格昂贵,工艺精致",非常愿意,中立,"降低价格,适配日常使用",可能会,"大漆书签,文创套装礼盒",简约现代风,可以接受,"颜值外观,文化寓意",较高,盲盒款式,非常喜欢,莫兰迪浅色系,非常愿意,"节日礼物,师生赠礼",无影响,价格虚高,20-40元,120元以上,完全愿意,大概率会,一定会了解购买,校园市集,无变化,一定会复购,高颜值产品实拍图,"礼盒套装类,定制专属类",非常认可，环保创新,包装可以更精致，同时附上简明的非遗文化说明卡。
daqi-answer-1204,2026-08-28T12:39:00+08:00,男,40岁以上,在校学生,1000元以内,非常喜欢,每月1次,"收藏爱好,日常自用","短视频平台,校园市集",略有耳闻,兴趣较低,"非遗文化底蕴,国风颜值高",款式老旧,无所谓,强烈支持,适配日常使用,基本不会,"大漆漆扇,大漆钥匙扣",传统国风古风,完全接受，更有特色,"工艺质感,颜值外观",不看重,单品简约款,喜欢,经典黑金红传统色,非常愿意,"师生赠礼,纪念收藏",会，非常加分,"华而不实无实用性,价格虚高",60元以上,50元以内,可以接受小幅溢价,一定会买,会驻足了解,"文创展会,社群团购",大幅提升,可能复购,"市集线下体验,优惠活动福利","文具类,桌面摆件类",无所谓,希望增加年轻化配色和小件礼盒，方便送礼和收藏。
daqi-answer-1205,2026-08-01T13:52:00+08:00,男,18岁以下,自由职业,1000-2000元,比较喜欢,季度1-2次,"日常自用,市集/展会随手购买",校园市集,非常了解,非常感兴趣,手工工艺独特,"价格昂贵,款式老旧",非常愿意,支持,"降低价格,提升包装质感",一定会,大件漆艺摆件,简约现代风,可以接受,颜值外观,极高,组合套装礼盒,非常喜欢,经典黑金红传统色,随缘,同学朋友送礼,略有影响,"做工粗糙,包装简陋",20元以内,50-80元,完全愿意,大概率会,随缘,"线上店铺,线下实体店",小幅提升,一定会复购,"工艺制作短视频,非遗文化科普",配饰挂件类,非常认可，环保创新,希望兼顾传统工艺和日常实用性，价格可以分档。
daqi-answer-1206,2026-08-02T14:05:00+08:00,女,23-30岁,在校学生,1000元以内,一般,每月多次,送礼纪念,"短视频平台,朋友推荐",略有耳闻,比较感兴趣,"非遗文化底蕴,手工工艺独特","价格昂贵,不适合日常使用",愿意,不支持,"优化款式设计,适配日常使用",可能会,"大漆书签,大件漆艺摆件",传统国风古风,介意，追求完美品,"价格性价比,工艺质感",一般,单品简约款,非常喜欢,撞色潮流色系,非常愿意,"节日礼物,同学朋友送礼",不在意,价格虚高,20-40元,50元以内,可以接受小幅溢价,看价格款式决定,一定会了解购买,校园市集,大幅提升,一定会复购,高颜值产品实拍图,"文具类,定制专属类",比较认可,建议多做短视频展示制作过程，并在线下市集提供体验。
daqi-answer-1207,2026-08-03T15:18:00+08:00,男,18岁以下,职场上班族,1000-2000元,非常喜欢,每月1次,"活动奖品,日常自用","电商店铺,短视频平台",完全没听过,非常感兴趣,"非遗文化底蕴,色泽质感高级",不适合日常使用,不愿意,强烈支持,加强科普宣传,一定会,"大漆漆扇,大漆书签",小众艺术轻奢风,完全接受，更有特色,"工艺质感,实用性",极高,单品简约款,无所谓,经典黑金红传统色,愿意,"商务小礼品,纪念收藏",会，非常加分,"华而不实无实用性,包装简陋",20元以内,50-80元,不太接受,一定会买,会驻足了解,"线下实体店,社群团购",大幅提升,不确定,"工艺制作短视频,优惠活动福利","文具类,配饰挂件类",不认可,包装可以更精致，同时附上简明的非遗文化说明卡。
daqi-answer-1208,2026-08-04T16:31:00+08:00,女,18-22岁,自由职业,2000-3500元,比较喜欢,半年一次,"日常自用,活动奖品",校园市集,非常了解,非常感兴趣,色泽质感高级,"价格昂贵,适合收藏送礼",非常愿意,支持,"降低价格,加强科普宣传",可能会,文创套装礼盒,简约现代风,可以接受,颜值外观,较高,盲盒款式,非常喜欢,莫兰迪浅色系,不愿意,同学朋友送礼,略有影响,"价格虚高,包装简陋",20-40元,80-120元,完全愿意,大概率会,一定会了解购买,"线上店铺,文创展会",无变化,一定会复购,"工艺制作短视频,高颜值产品实拍图",桌面摆件类,非常认可，环保创新,希望增加年轻化配色和小件礼盒，方便送礼和收藏。
daqi-answer-1209,2026-08-05T17:44:00+08:00,男,23-30岁,在校学生,1000元以内,不太喜欢,每月多次,送礼纪念,"短视频平台,校园市集",完全没听过,一般,"非遗文化底蕴,小众不撞款","款式老旧,不适合日常使用",愿意,强烈支持,"优化款式设计,降低价格",不确定,"大漆书签,大漆钥匙扣",传统国风古风,完全接受，更有特色,"价格性价比,独特小众性",一般,单品简约款,喜欢,自然原木底色,非常愿意,"节日礼物,纪念收藏",会，非常加分,华而不实无实用性,40-60元,50元以内,可以接受小幅溢价,一定会买,一定会了解购买,校园市集,大幅提升,可能复购,非遗文化科普,"文具类,礼盒套装类",无所谓,希望兼顾传统工艺和日常实用性，价格可以分档。
daqi-answer-1210,2026-08-06T18:57:00+08:00,女,18岁以下,职场上班族,1000-2000元,非常喜欢,每月1次,"日常自用,送礼纪念","电商店铺,朋友推荐",非常了解,非常感兴趣,"手工工艺独特,色泽质感高级",工艺精致,非常愿意,支持,提升包装质感,一定会,"大漆钥匙扣,大漆书签",简约现代风,完全接受，更有特色,"文化寓意,工艺质感",极高,组合套装礼盒,不喜欢,经典黑金红传统色,愿意,"同学朋友送礼,纪念收藏",略有影响,"款式同质化严重,包装简陋",20元以内,50-80元,完全愿意,一定会买,随缘,"线上店铺,社群团购",小幅提升,不会复购,"工艺制作短视频,市集线下体验","配饰挂件类,文具类",非常认可，环保创新,建议多做短视频展示制作过程，并在线下市集提供体验。
daqi-answer-1211,2026-08-07T09:10:00+08:00,男,18-22岁,个体经营者,1000元以内,比较喜欢,每月多次,"日常自用,收藏爱好",文创展会,略有耳闻,比较感兴趣,国风颜值高,"价格昂贵,工艺精致",愿意,中立,"降低价格,适配日常使用",可能会,大漆书签,简约现代风,介意，追求完美品,颜值外观,较高,定制专属款,非常喜欢,莫兰迪浅色系,非常愿意,节日礼物,无影响,"价格虚高,做工粗糙",20-40元,50元以内,完全愿意,看价格款式决定,一定会了解购买,"线上店铺,校园市集",反而降低,一定会复购,"高颜值产品实拍图,工艺制作短视频",桌面摆件类,比较认可,包装可以更精致，同时附上简明的非遗文化说明卡。
daqi-answer-1212,2026-08-08T10:23:00+08:00,女,31-40岁,在校学生,1000元以内,非常喜欢,每月多次,收藏爱好,"短视频平台,线下实体店",非常了解,兴趣较低,"非遗文化底蕴,国风颜值高","款式老旧,价格昂贵",无所谓,强烈支持,"适配日常使用,降低价格",一定会,"大漆漆扇,大漆钥匙扣",小众艺术轻奢风,完全接受，更有特色,"价格性价比,文化寓意",较低,单品简约款,喜欢,经典黑金红传统色,愿意,"师生赠礼,纪念收藏",会，非常加分,华而不实无实用性,20元以内,50元以内,不太接受,一定会买,会驻足了解,文创展会,大幅提升,不确定,非遗文化科普,"文具类,桌面摆件类",无所谓,希望增加年轻化配色和小件礼盒，方便送礼和收藏。
daqi-answer-1213,2026-08-09T11:36:00+08:00,男,18岁以下,职场上班族,2000-3500元,非常喜欢,季度1-2次,"日常自用,市集/展会随手购买","电商店铺,校园市集",略有耳闻,非常感兴趣,"手工工艺独特,非遗文化底蕴",适合收藏送礼,非常愿意,支持,降低价格,一定会,"大漆钥匙扣,文创套装礼盒",简约现代风,可以接受,"颜值外观,文化寓意",极高,组合套装礼盒,非常喜欢,莫兰迪浅色系,随缘,"同学朋友送礼,商务小礼品",略有影响,"做工粗糙,包装简陋",20元以内,80-120元,完全愿意,大概率会,不会关注,"线上店铺,线下实体店",无变化,一定会复购,"工艺制作短视频,非遗文化科普","配饰挂件类,定制专属类",非常认可，环保创新,希望兼顾传统工艺和日常实用性，价格可以分档。
daqi-answer-1214,2026-08-10T12:49:00+08:00,女,18-22岁,在校学生,1000元以内,一般,每月多次,"送礼纪念,收藏爱好",短视频平台,完全没听过,比较感兴趣,小众不撞款,"价格昂贵,不适合日常使用",愿意,强烈支持,"优化款式设计,适配日常使用",不确定,大漆书签,传统国风古风,非常介意,颜值外观,较高,单品简约款,喜欢,撞色潮流色系,非常愿意,节日礼物,会，非常加分,"价格虚高,款式同质化严重",40-60元,50元以内,可以接受小幅溢价,基本不会,一定会了解购买,"校园市集,线上店铺",大幅提升,可能复购,"高颜值产品实拍图,优惠活动福利",定制专属类,比较认可,建议多做短视频展示制作过程，并在线下市集提供体验。
daqi-answer-1215,2026-08-11T13:02:00+08:00,男,18岁以下,在校学生,1000-2000元,非常喜欢,每月1次,活动奖品,"短视频平台,文创展会",非常了解,毫无兴趣,"非遗文化底蕴,色泽质感高级","不适合日常使用,价格昂贵",非常愿意,强烈支持,"适配日常使用,提升包装质感",一定会,"大漆漆扇,大漆书签",可爱治愈风,完全接受，更有特色,"工艺质感,价格性价比",极高,组合套装礼盒,无所谓,经典黑金红传统色,愿意,"商务小礼品,纪念收藏",会，非常加分,华而不实无实用性,20元以内,50-80元,完全不接受,一定会买,随缘,文创展会,小幅提升,不确定,优惠活动福利,"文具类,配饰挂件类",非常认可，环保创新,包装可以更精致，同时附上简明的非遗文化说明卡。
daqi-answer-1216,2026-08-12T14:15:00+08:00,女,18岁以下,自由职业,3500元以上,比较喜欢,半年一次,"日常自用,活动奖品","校园市集,短视频平台",略有耳闻,非常感兴趣,"色泽质感高级,非遗文化底蕴",价格昂贵,非常愿意,中立,降低价格,可能会,"大件漆艺摆件,文创套装礼盒",简约现代风,可以接受,"颜值外观,价格性价比",较高,盲盒款式,非常喜欢,莫兰迪浅色系,非常愿意,"同学朋友送礼,师生赠礼",无影响,"价格虚高,包装简陋",20-40元,120元以上,完全愿意,看价格款式决定,一定会了解购买,"线上店铺,文创展会",无变化,一定会复购,"工艺制作短视频,高颜值产品实拍图","桌面摆件类,定制专属类",非常认可，环保创新,希望增加年轻化配色和小件礼盒，方便送礼和收藏。
daqi-answer-1217,2026-08-13T15:28:00+08:00,男,23-30岁,在校学生,1000元以内,不太喜欢,每月多次,"送礼纪念,日常自用",短视频平台,非常了解,一般,非遗文化底蕴,"款式老旧,不适合日常使用",无所谓,强烈支持,"优化款式设计,降低价格",基本不会,大漆书签,传统国风古风,完全接受，更有特色,价格性价比,一般,单品简约款,喜欢,经典黑金红传统色,非常愿意,节日礼物,会，非常加分,"价格虚高,华而不实无实用性",60元以上,50元以内,不太接受,一定会买,会驻足了解,"校园市集,社群团购",大幅提升,可能复购,"非遗文化科普,优惠活动福利",文具类,无所谓,希望兼顾传统工艺和日常实用性，价格可以分档。
daqi-answer-1218,2026-08-14T16:41:00+08:00,女,18岁以下,职场上班族,1000-2000元,非常喜欢,每月1次,市集/展会随手购买,"电商店铺,校园市集",略有耳闻,非常感兴趣,"手工工艺独特,色泽质感高级","不适合日常使用,适合收藏送礼",非常愿意,支持,"加强科普宣传,提升包装质感",一定会,"大漆漆扇,文创套装礼盒",简约现代风,可以接受,"工艺质感,独特小众性",极高,组合套装礼盒,非常喜欢,经典黑金红传统色,随缘,"同学朋友送礼,纪念收藏",略有影响,款式同质化严重,20元以内,80-120元,完全愿意,大概率会,随缘,社群团购,小幅提升,一定会复购,工艺制作短视频,"配饰挂件类,文具类",非常认可，环保创新,建议多做短视频展示制作过程，并在线下市集提供体验。
daqi-answer-1219,2026-08-15T17:54:00+08:00,男,18-22岁,个体经营者,1000元以内,比较喜欢,几乎不买,"日常自用,收藏爱好","校园市集,朋友推荐",非常了解,比较感兴趣,"色泽质感高级,小众不撞款",价格昂贵,愿意,不支持,降低价格,可能会,"大漆书签,文创套装礼盒",传统国风古风,介意，追求完美品,"颜值外观,实用性",较高,单品简约款,非常喜欢,撞色潮流色系,非常愿意,"同学朋友送礼,节日礼物",不在意,"价格虚高,做工粗糙",40-60元,50元以内,可以接受小幅溢价,看价格款式决定,一定会了解购买,"线上店铺,校园市集",大幅提升,一定会复购,"高颜值产品实拍图,工艺制作短视频","桌面摆件类,礼盒套装类",比较认可,包装可以更精致，同时附上简明的非遗文化说明卡。
daqi-answer-1220,2026-08-16T18:07:00+08:00,男,31-40岁,在校学生,1000-2000元,完全不感兴趣,每月多次,"收藏爱好,日常自用",短视频平台,非常了解,一般,非遗文化底蕴,"款式老旧,价格昂贵",不愿意,强烈支持,"优化款式设计,提升包装质感",一定会,大漆漆扇,小众艺术轻奢风,完全接受，更有特色,价格性价比,较低,单品简约款,无所谓,经典黑金红传统色,愿意,师生赠礼,会，非常加分,"华而不实无实用性,价格虚高",20元以内,50-80元,不太接受,一定会买,会驻足了解,"文创展会,社群团购",大幅提升,不确定,"非遗文化科普,市集线下体验",文具类,不认可,希望增加年轻化配色和小件礼盒，方便送礼和收藏。
daqi-answer-1221,2026-08-17T09:20:00+08:00,男,18岁以下,职场上班族,2000-3500元,非常喜欢,季度1-2次,日常自用,"电商店铺,线下实体店",完全没听过,非常感兴趣,"手工工艺独特,非遗文化底蕴","工艺精致,适合收藏送礼",非常愿意,支持,"降低价格,提升包装质感",可能会,"大漆钥匙扣,文创套装礼盒",简约现代风,可以接受,"文化寓意,实用性",极高,盲盒款式,非常喜欢,莫兰迪浅色系,不愿意,"同学朋友送礼,商务小礼品",无影响,款式同质化严重,20-40元,80-120元,完全愿意,大概率会,一定会了解购买,线上店铺,无变化,一定会复购,工艺制作短视频,"配饰挂件类,定制专属类",非常认可，环保创新,希望兼顾传统工艺和日常实用性，价格可以分档。
daqi-answer-1222,2026-08-18T10:33:00+08:00,男,18-22岁,其他,1000元以内,一般,每月多次,"送礼纪念,收藏爱好","文创展会,校园市集",非常了解,比较感兴趣,"国风颜值高,小众不撞款",价格昂贵,愿意,强烈支持,优化款式设计,不确定,"大漆书签,大件漆艺摆件",传统国风古风,完全接受，更有特色,"颜值外观,工艺质感",较高,单品简约款,喜欢,自然原木底色,非常愿意,"节日礼物,同学朋友送礼",会，非常加分,"价格虚高,款式同质化严重",40-60元,50元以内,可以接受小幅溢价,一定会买,一定会了解购买,"校园市集,线上店铺",大幅提升,可能复购,"高颜值产品实拍图,优惠活动福利","礼盒套装类,桌面摆件类",无所谓,建议多做短视频展示制作过程，并在线下市集提供体验。
daqi-answer-1223,2026-08-19T11:46:00+08:00,女,40岁以上,在校学生,1000-2000元,非常喜欢,每月1次,"收藏爱好,市集/展会随手购买",短视频平台,略有耳闻,兴趣较低,非遗文化底蕴,"款式老旧,适合收藏送礼",非常愿意,支持,"适配日常使用,提升包装质感",一定会,大漆漆扇,简约现代风,完全接受，更有特色,价格性价比,极高,组合套装礼盒,不喜欢,经典黑金红传统色,随缘,师生赠礼,略有影响,"华而不实无实用性,包装简陋",20元以内,50-80元,完全愿意,一定会买,随缘,"文创展会,线下实体店",小幅提升,不会复购,"市集线下体验,非遗文化科普",文具类,非常认可，环保创新,包装可以更精致，同时附上简明的非遗文化说明卡。
daqi-answer-1224,2026-08-20T12:59:00+08:00,男,18岁以下,自由职业,1000元以内,比较喜欢,季度1-2次,日常自用,"电商店铺,文创展会",非常了解,非常感兴趣,"手工工艺独特,小众不撞款","价格昂贵,适合收藏送礼",愿意,中立,"降低价格,加强科普宣传",可能会,"大件漆艺摆件,文创套装礼盒",简约现代风,介意，追求完美品,"颜值外观,实用性",极高,定制专属款,非常喜欢,撞色潮流色系,非常愿意,"同学朋友送礼,师生赠礼",无影响,包装简陋,20-40元,50元以内,完全愿意,看价格款式决定,一定会了解购买,线上店铺,反而降低,一定会复购,工艺制作短视频,"配饰挂件类,礼盒套装类",比较认可,希望增加年轻化配色和小件礼盒，方便送礼和收藏。
daqi-answer-1225,2026-08-21T13:12:00+08:00,女,23-30岁,在校学生,1000元以内,一般,每月多次,"送礼纪念,日常自用","短视频平台,文创展会",略有耳闻,比较感兴趣,"非遗文化底蕴,小众不撞款",款式老旧,无所谓,强烈支持,优化款式设计,一定会,"大漆书签,大漆钥匙扣",小众艺术轻奢风,完全接受，更有特色,"颜值外观,独特小众性",一般,单品简约款,无所谓,经典黑金红传统色,愿意,"节日礼物,纪念收藏",会，非常加分,"价格虚高,华而不实无实用性",20元以内,50元以内,不太接受,一定会买,会驻足了解,"校园市集,社群团购",大幅提升,不确定,"高颜值产品实拍图,市集线下体验","文具类,礼盒套装类",无所谓,希望兼顾传统工艺和日常实用性，价格可以分档。
daqi-answer-1226,2026-08-22T14:25:00+08:00,男,18岁以下,职场上班族,2000-3500元,非常喜欢,每月1次,"活动奖品,市集/展会随手购买",短视频平台,完全没听过,非常感兴趣,手工工艺独特,"不适合日常使用,适合收藏送礼",非常愿意,支持,"加强科普宣传,提升包装质感",一定会,大漆漆扇,简约现代风,可以接受,工艺质感,极高,盲盒款式,非常喜欢,莫兰迪浅色系,随缘,纪念收藏,略有影响,"款式同质化严重,包装简陋",20元以内,80-120元,完全愿意,大概率会,不会关注,"线下实体店,文创展会",无变化,一定会复购,"工艺制作短视频,市集线下体验",配饰挂件类,非常认可，环保创新,建议多做短视频展示制作过程，并在线下市集提供体验。
daqi-answer-1227,2026-08-23T15:38:00+08:00,女,18-22岁,自由职业,1000元以内,比较喜欢,半年一次,日常自用,"校园市集,电商店铺",非常了解,比较感兴趣,"色泽质感高级,小众不撞款","价格昂贵,工艺精致",愿意,强烈支持,"降低价格,适配日常使用",不确定,"大漆书签,文创套装礼盒",传统国风古风,非常介意,"颜值外观,工艺质感",较高,单品简约款,喜欢,撞色潮流色系,非常愿意,"同学朋友送礼,节日礼物",会，非常加分,价格虚高,40-60元,50元以内,可以接受小幅溢价,基本不会,一定会了解购买,线上店铺,大幅提升,可能复购,高颜值产品实拍图,"桌面摆件类,礼盒套装类",比较认可,包装可以更精致，同时附上简明的非遗文化说明卡。
daqi-answer-1228,2026-08-24T16:51:00+08:00,男,23-30岁,在校学生,1000-2000元,不太喜欢,每月多次,"送礼纪念,市集/展会随手购买","短视频平台,电商店铺",完全没听过,一般,"非遗文化底蕴,国风颜值高",款式老旧,非常愿意,强烈支持,优化款式设计,一定会,"大漆书签,大漆漆扇",可爱治愈风,完全接受，更有特色,"价格性价比,实用性",一般,组合套装礼盒,无所谓,经典黑金红传统色,愿意,"师生赠礼,纪念收藏",会，非常加分,"华而不实无实用性,价格虚高",20元以内,50-80元,完全不接受,一定会买,随缘,"校园市集,线下实体店",小幅提升,不确定,"非遗文化科普,市集线下体验","文具类,桌面摆件类",非常认可，环保创新,希望增加年轻化配色和小件礼盒，方便送礼和收藏。
daqi-answer-1229,2026-08-25T17:04:00+08:00,女,18岁以下,职场上班族,3500元以上,非常喜欢,每月1次,"日常自用,市集/展会随手购买",电商店铺,非常了解,非常感兴趣,手工工艺独特,"工艺精致,适合收藏送礼",非常愿意,中立,"降低价格,提升包装质感",可能会,大漆钥匙扣,简约现代风,介意，追求完美品,工艺质感,极高,盲盒款式,非常喜欢,莫兰迪浅色系,非常愿意,同学朋友送礼,无影响,"款式同质化严重,做工粗糙",20-40元,120元以上,完全愿意,看价格款式决定,一定会了解购买,"线上店铺,线下实体店",无变化,一定会复购,"工艺制作短视频,非遗文化科普",配饰挂件类,比较认可,希望兼顾传统工艺和日常实用性，价格可以分档。
daqi-answer-1230,2026-08-26T18:17:00+08:00,男,18-22岁,个体经营者,1000元以内,比较喜欢,每月多次,送礼纪念,"校园市集,线下实体店",略有耳闻,比较感兴趣,"国风颜值高,小众不撞款","价格昂贵,不适合日常使用",无所谓,强烈支持,"降低价格,优化款式设计",基本不会,"大漆书签,大件漆艺摆件",小众艺术轻奢风,完全接受，更有特色,"颜值外观,独特小众性",较高,单品简约款,喜欢,经典黑金红传统色,非常愿意,"节日礼物,同学朋友送礼",会，非常加分,价格虚高,60元以上,50元以内,不太接受,一定会买,会驻足了解,校园市集,大幅提升,可能复购,高颜值产品实拍图,"礼盒套装类,桌面摆件类",无所谓,建议多做短视频展示制作过程，并在线下市集提供体验。
daqi-answer-1231,2026-08-27T09:30:00+08:00,女,31-40岁,在校学生,1000-2000元,非常喜欢,每月1次,"收藏爱好,市集/展会随手购买","短视频平台,朋友推荐",非常了解,兴趣较低,"非遗文化底蕴,色泽质感高级",款式老旧,非常愿意,支持,适配日常使用,一定会,"大漆漆扇,大漆书签",简约现代风,可以接受,"价格性价比,工艺质感",不看重,组合套装礼盒,非常喜欢,经典黑金红传统色,随缘,"师生赠礼,商务小礼品",略有影响,"华而不实无实用性,包装简陋",20元以内,80-120元,完全愿意,大概率会,随缘,"文创展会,线下实体店",小幅提升,一定会复购,"市集线下体验,非遗文化科普","文具类,配饰挂件类",非常认可，环保创新,包装可以更精致，同时附上简明的非遗文化说明卡。
daqi-answer-1232,2026-08-28T10:43:00+08:00,男,18岁以下,职场上班族,1000元以内,比较喜欢,季度1-2次,"日常自用,活动奖品",电商店铺,略有耳闻,非常感兴趣,手工工艺独特,"价格昂贵,适合收藏送礼",愿意,不支持,"降低价格,加强科普宣传",不确定,大漆钥匙扣,传统国风古风,介意，追求完美品,文化寓意,极高,单品简约款,非常喜欢,撞色潮流色系,非常愿意,同学朋友送礼,不在意,"做工粗糙,款式同质化严重",40-60元,50元以内,可以接受小幅溢价,看价格款式决定,一定会了解购买,"线上店铺,文创展会",大幅提升,可能复购,"工艺制作短视频,高颜值产品实拍图",配饰挂件类,比较认可,希望增加年轻化配色和小件礼盒，方便送礼和收藏。
daqi-answer-1233,2026-08-01T11:56:00+08:00,女,18-22岁,在校学生,1000-2000元,一般,每月多次,送礼纪念,"文创展会,朋友推荐",完全没听过,比较感兴趣,"非遗文化底蕴,小众不撞款","价格昂贵,款式老旧",不愿意,强烈支持,"优化款式设计,降低价格",一定会,"大漆书签,大漆钥匙扣",小众艺术轻奢风,完全接受，更有特色,"颜值外观,文化寓意",一般,单品简约款,无所谓,经典黑金红传统色,愿意,"节日礼物,纪念收藏",会，非常加分,价格虚高,20元以内,50-80元,不太接受,一定会买,会驻足了解,校园市集,小幅提升,不确定,高颜值产品实拍图,"文具类,礼盒套装类",不认可,希望兼顾传统工艺和日常实用性，价格可以分档。
daqi-answer-1234,2026-08-02T12:09:00+08:00,男,18岁以下,职场上班族,2000-3500元,非常喜欢,每月1次,"活动奖品,市集/展会随手购买","短视频平台,校园市集",非常了解,非常感兴趣,"非遗文化底蕴,手工工艺独特",不适合日常使用,非常愿意,中立,适配日常使用,可能会,"大漆漆扇,文创套装礼盒",简约现代风,可以接受,"价格性价比,独特小众性",极高,盲盒款式,非常喜欢,莫兰迪浅色系,不愿意,"商务小礼品,师生赠礼",无影响,"华而不实无实用性,做工粗糙",20-40元,80-120元,完全愿意,大概率会,一定会了解购买,"线下实体店,文创展会",无变化,一定会复购,"工艺制作短视频,市集线下体验","文具类,定制专属类",非常认可，环保创新,建议多做短视频展示制作过程，并在线下市集提供体验。
daqi-answer-1235,2026-08-03T13:22:00+08:00,女,18-22岁,自由职业,1000元以内,比较喜欢,半年一次,"日常自用,收藏爱好",电商店铺,略有耳闻,非常感兴趣,色泽质感高级,"价格昂贵,工艺精致",无所谓,强烈支持,"降低价格,适配日常使用",不确定,文创套装礼盒,传统国风古风,完全接受，更有特色,独特小众性,较高,单品简约款,喜欢,自然原木底色,非常愿意,同学朋友送礼,会，非常加分,"价格虚高,做工粗糙",40-60元,50元以内,可以接受小幅溢价,一定会买,会驻足了解,"线上店铺,校园市集",大幅提升,可能复购,"工艺制作短视频,优惠活动福利",桌面摆件类,无所谓,包装可以更精致，同时附上简明的非遗文化说明卡。
daqi-answer-1236,2026-08-04T14:35:00+08:00,男,23-30岁,在校学生,1000-2000元,不太喜欢,每月多次,送礼纪念,"短视频平台,朋友推荐",非常了解,一般,"非遗文化底蕴,国风颜值高","款式老旧,价格昂贵",非常愿意,支持,"优化款式设计,提升包装质感",一定会,"大漆书签,大漆漆扇",简约现代风,完全接受，更有特色,"颜值外观,价格性价比",一般,组合套装礼盒,不喜欢,经典黑金红传统色,随缘,"节日礼物,商务小礼品",略有影响,华而不实无实用性,20元以内,50-80元,完全愿意,大概率会,随缘,校园市集,小幅提升,不会复购,非遗文化科普,"文具类,桌面摆件类",非常认可，环保创新,希望增加年轻化配色和小件礼盒，方便送礼和收藏。
daqi-answer-1237,2026-08-05T15:48:00+08:00,男,18岁以下,职场上班族,1000元以内,非常喜欢,每月1次,"日常自用,市集/展会随手购买","短视频平台,线下实体店",略有耳闻,非常感兴趣,"手工工艺独特,非遗文化底蕴",不适合日常使用,愿意,中立,提升包装质感,可能会,"大漆钥匙扣,文创套装礼盒",简约现代风,介意，追求完美品,"工艺质感,实用性",极高,定制专属款,非常喜欢,撞色潮流色系,非常愿意,"同学朋友送礼,商务小礼品",无影响,"款式同质化严重,做工粗糙",20-40元,50元以内,可以接受小幅溢价,看价格款式决定,一定会了解购买,"线上店铺,线下实体店",反而降低,一定会复购,"工艺制作短视频,非遗文化科普","配饰挂件类,定制专属类",比较认可,希望兼顾传统工艺和日常实用性，价格可以分档。
daqi-answer-1238,2026-08-06T16:01:00+08:00,男,18-22岁,个体经营者,1000元以内,比较喜欢,每月多次,"日常自用,送礼纪念",校园市集,非常了解,比较感兴趣,色泽质感高级,"价格昂贵,不适合日常使用",无所谓,强烈支持,"降低价格,优化款式设计",一定会,大漆书签,小众艺术轻奢风,完全接受，更有特色,颜值外观,较高,单品简约款,无所谓,经典黑金红传统色,愿意,节日礼物,会，非常加分,"价格虚高,款式同质化严重",20元以内,50-80元,不太接受,一定会买,会驻足了解,"线上店铺,社群团购",大幅提升,不确定,"高颜值产品实拍图,优惠活动福利",桌面摆件类,无所谓,建议多做短视频展示制作过程，并在线下市集提供体验。
daqi-answer-1239,2026-08-07T17:14:00+08:00,男,31-40岁,在校学生,2000-3500元,非常喜欢,每月多次,收藏爱好,"短视频平台,校园市集",非常了解,一般,"非遗文化底蕴,色泽质感高级","款式老旧,适合收藏送礼",非常愿意,支持,"适配日常使用,提升包装质感",一定会,"大漆漆扇,大漆书签",简约现代风,可以接受,"价格性价比,独特小众性",较低,盲盒款式,非常喜欢,莫兰迪浅色系,随缘,"师生赠礼,商务小礼品",略有影响,华而不实无实用性,20-40元,80-120元,完全愿意,大概率会,不会关注,文创展会,无变化,一定会复购,非遗文化科普,"文具类,配饰挂件类",非常认可，环保创新,包装可以更精致，同时附上简明的非遗文化说明卡。
daqi-answer-1240,2026-08-08T18:27:00+08:00,男,18岁以下,职场上班族,1000元以内,非常喜欢,季度1-2次,"日常自用,活动奖品","电商店铺,朋友推荐",完全没听过,非常感兴趣,"手工工艺独特,小众不撞款",适合收藏送礼,愿意,强烈支持,降低价格,不确定,"大漆钥匙扣,大件漆艺摆件",传统国风古风,非常介意,"工艺质感,价格性价比",极高,单品简约款,喜欢,撞色潮流色系,非常愿意,"同学朋友送礼,师生赠礼",会，非常加分,"做工粗糙,款式同质化严重",40-60元,50元以内,可以接受小幅溢价,基本不会,一定会了解购买,"线上店铺,文创展会",大幅提升,可能复购,"工艺制作短视频,高颜值产品实拍图","配饰挂件类,礼盒套装类",比较认可,希望增加年轻化配色和小件礼盒，方便送礼和收藏。
daqi-answer-1241,2026-08-09T09:40:00+08:00,男,18-22岁,在校学生,1000-2000元,一般,每月多次,"送礼纪念,日常自用",校园市集,非常了解,比较感兴趣,小众不撞款,"价格昂贵,款式老旧",非常愿意,强烈支持,"优化款式设计,降低价格",一定会,大漆书签,可爱治愈风,完全接受，更有特色,颜值外观,较高,组合套装礼盒,无所谓,经典黑金红传统色,愿意,节日礼物,略有影响,"价格虚高,华而不实无实用性",20元以内,50-80元,完全不接受,一定会买,随缘,"校园市集,社群团购",小幅提升,不确定,"高颜值产品实拍图,市集线下体验",定制专属类,非常认可，环保创新,希望兼顾传统工艺和日常实用性，价格可以分档。
daqi-answer-1242,2026-08-10T10:53:00+08:00,女,18岁以下,在校学生,3500元以上,非常喜欢,每月1次,收藏爱好,"短视频平台,线下实体店",略有耳闻,毫无兴趣,"非遗文化底蕴,手工工艺独特","不适合日常使用,适合收藏送礼",非常愿意,中立,"适配日常使用,加强科普宣传",可能会,"大漆漆扇,文创套装礼盒",简约现代风,介意，追求完美品,"价格性价比,文化寓意",极高,盲盒款式,非常喜欢,莫兰迪浅色系,非常愿意,"商务小礼品,师生赠礼",无影响,华而不实无实用性,20-40元,120元以上,完全愿意,看价格款式决定,一定会了解购买,文创展会,无变化,一定会复购,优惠活动福利,"文具类,定制专属类",比较认可,建议多做短视频展示制作过程，并在线下市集提供体验。
daqi-answer-1243,2026-08-11T11:06:00+08:00,男,18岁以下,自由职业,1000元以内,比较喜欢,季度1-2次,"日常自用,收藏爱好","电商店铺,校园市集",非常了解,非常感兴趣,"色泽质感高级,小众不撞款",价格昂贵,无所谓,强烈支持,降低价格,基本不会,"大件漆艺摆件,大漆钥匙扣",小众艺术轻奢风,完全接受，更有特色,"文化寓意,颜值外观",较高,单品简约款,喜欢,经典黑金红传统色,愿意,"同学朋友送礼,节日礼物",会，非常加分,"价格虚高,做工粗糙",60元以上,50元以内,不太接受,一定会买,会驻足了解,"线上店铺,校园市集",大幅提升,可能复购,"工艺制作短视频,优惠活动福利","桌面摆件类,礼盒套装类",无所谓,包装可以更精致，同时附上简明的非遗文化说明卡。
daqi-answer-1244,2026-08-12T12:19:00+08:00,女,23-30岁,在校学生,2000-3500元,一般,每月多次,"送礼纪念,市集/展会随手购买",文创展会,略有耳闻,一般,非遗文化底蕴,"款式老旧,价格昂贵",非常愿意,支持,"优化款式设计,提升包装质感",一定会,大漆书签,简约现代风,可以接受,颜值外观,一般,组合套装礼盒,非常喜欢,莫兰迪浅色系,随缘,节日礼物,略有影响,"价格虚高,包装简陋",20元以内,80-120元,完全愿意,大概率会,随缘,"校园市集,线下实体店",小幅提升,一定会复购,"非遗文化科普,市集线下体验",文具类,非常认可，环保创新,希望增加年轻化配色和小件礼盒，方便送礼和收藏。
daqi-answer-1245,2026-08-13T13:32:00+08:00,男,18岁以下,职场上班族,1000元以内,非常喜欢,每月1次,市集/展会随手购买,"短视频平台,文创展会",完全没听过,非常感兴趣,"手工工艺独特,非遗文化底蕴","不适合日常使用,工艺精致",愿意,不支持,"加强科普宣传,适配日常使用",不确定,"大漆漆扇,大件漆艺摆件",传统国风古风,介意，追求完美品,"价格性价比,颜值外观",极高,单品简约款,喜欢,撞色潮流色系,非常愿意,"同学朋友送礼,商务小礼品",不在意,款式同质化严重,40-60元,50元以内,可以接受小幅溢价,看价格款式决定,一定会了解购买,社群团购,大幅提升,可能复购,工艺制作短视频,"配饰挂件类,定制专属类",比较认可,希望兼顾传统工艺和日常实用性，价格可以分档。
daqi-answer-1246,2026-08-14T14:45:00+08:00,女,18-22岁,自由职业,1000-2000元,比较喜欢,几乎不买,"日常自用,送礼纪念","电商店铺,线下实体店",非常了解,比较感兴趣,"色泽质感高级,国风颜值高",价格昂贵,不愿意,强烈支持,降低价格,一定会,"大漆书签,大件漆艺摆件",小众艺术轻奢风,完全接受，更有特色,"独特小众性,颜值外观",较高,组合套装礼盒,无所谓,经典黑金红传统色,愿意,"同学朋友送礼,纪念收藏",会，非常加分,"价格虚高,款式同质化严重",20元以内,50-80元,不太接受,一定会买,会驻足了解,"线上店铺,社群团购",小幅提升,不确定,"高颜值产品实拍图,优惠活动福利","桌面摆件类,配饰挂件类",不认可,建议多做短视频展示制作过程，并在线下市集提供体验。
daqi-answer-1247,2026-08-15T15:58:00+08:00,男,23-30岁,在校学生,2000-3500元,完全不感兴趣,每月多次,"收藏爱好,市集/展会随手购买",线下实体店,完全没听过,一般,非遗文化底蕴,"款式老旧,适合收藏送礼",非常愿意,中立,"优化款式设计,加强科普宣传",可能会,大漆漆扇,简约现代风,可以接受,颜值外观,较低,盲盒款式,非常喜欢,莫兰迪浅色系,不愿意,师生赠礼,无影响,"华而不实无实用性,包装简陋",20-40元,80-120元,完全愿意,大概率会,一定会了解购买,"文创展会,线下实体店",无变化,一定会复购,"非遗文化科普,高颜值产品实拍图",文具类,非常认可，环保创新,包装可以更精致，同时附上简明的非遗文化说明卡。
daqi-answer-1248,2026-08-16T16:11:00+08:00,女,18岁以下,职场上班族,1000元以内,非常喜欢,季度1-2次,日常自用,"短视频平台,电商店铺",非常了解,非常感兴趣,"手工工艺独特,小众不撞款","工艺精致,不适合日常使用",无所谓,强烈支持,"降低价格,加强科普宣传",不确定,"大漆钥匙扣,大件漆艺摆件",传统国风古风,完全接受，更有特色,"工艺质感,独特小众性",极高,单品简约款,喜欢,自然原木底色,非常愿意,"同学朋友送礼,师生赠礼",会，非常加分,款式同质化严重,40-60元,50元以内,可以接受小幅溢价,一定会买,会驻足了解,线上店铺,大幅提升,可能复购,工艺制作短视频,"配饰挂件类,礼盒套装类",无所谓,希望增加年轻化配色和小件礼盒，方便送礼和收藏。
daqi-answer-1249,2026-08-17T17:24:00+08:00,男,18-22岁,其他,1000-2000元,一般,每月多次,"送礼纪念,日常自用","校园市集,朋友推荐",略有耳闻,比较感兴趣,"国风颜值高,色泽质感高级",价格昂贵,非常愿意,支持,优化款式设计,一定会,"大漆书签,大漆钥匙扣",简约现代风,可以接受,"颜值外观,实用性",较高,组合套装礼盒,不喜欢,经典黑金红传统色,随缘,"节日礼物,纪念收藏",略有影响,"价格虚高,华而不实无实用性",20元以内,50-80元,完全愿意,大概率会,随缘,"校园市集,社群团购",小幅提升,不会复购,"高颜值产品实拍图,市集线下体验","礼盒套装类,配饰挂件类",非常认可，环保创新,希望兼顾传统工艺和日常实用性，价格可以分档。
daqi-answer-1250,2026-08-18T18:37:00+08:00,女,40岁以上,在校学生,1000元以内,非常喜欢,每月1次,"收藏爱好,活动奖品",短视频平台,非常了解,兴趣较低,非遗文化底蕴,"款式老旧,工艺精致",愿意,中立,"适配日常使用,加强科普宣传",可能会,大漆漆扇,传统国风古风,介意，追求完美品,价格性价比,极高,定制专属款,非常喜欢,撞色潮流色系,非常愿意,师生赠礼,无影响,"华而不实无实用性,做工粗糙",20-40元,50元以内,可以接受小幅溢价,看价格款式决定,一定会了解购买,"文创展会,校园市集",反而降低,一定会复购,"市集线下体验,高颜值产品实拍图",文具类,比较认可,建议多做短视频展示制作过程，并在线下市集提供体验。
daqi-answer-1251,2026-08-19T09:50:00+08:00,男,18岁以下,自由职业,1000元以内,比较喜欢,季度1-2次,日常自用,"电商店铺,线下实体店",略有耳闻,非常感兴趣,"手工工艺独特,国风颜值高","价格昂贵,工艺精致",无所谓,强烈支持,"降低价格,适配日常使用",一定会,"大件漆艺摆件,大漆钥匙扣",小众艺术轻奢风,完全接受，更有特色,"工艺质感,文化寓意",极高,单品简约款,无所谓,经典黑金红传统色,愿意,"同学朋友送礼,节日礼物",会，非常加分,包装简陋,20元以内,50-80元,不太接受,一定会买,会驻足了解,线上店铺,大幅提升,不确定,工艺制作短视频,"配饰挂件类,桌面摆件类",不认可,包装可以更精致，同时附上简明的非遗文化说明卡。
daqi-answer-1252,2026-08-20T10:03:00+08:00,女,23-30岁,在校学生,2000-3500元,一般,每月多次,"送礼纪念,市集/展会随手购买","校园市集,电商店铺",完全没听过,比较感兴趣,"非遗文化底蕴,国风颜值高",款式老旧,非常愿意,支持,优化款式设计,可能会,"大漆书签,大漆漆扇",简约现代风,可以接受,"颜值外观,工艺质感",一般,盲盒款式,非常喜欢,莫兰迪浅色系,随缘,"节日礼物,商务小礼品",略有影响,"价格虚高,包装简陋",20-40元,80-120元,完全愿意,大概率会,不会关注,"校园市集,线下实体店",无变化,一定会复购,"高颜值产品实拍图,非遗文化科普","文具类,桌面摆件类",非常认可，环保创新,希望增加年轻化配色和小件礼盒，方便送礼和收藏。
daqi-answer-1253,2026-08-21T11:16:00+08:00,男,18岁以下,职场上班族,1000元以内,非常喜欢,每月1次,"活动奖品,收藏爱好",短视频平台,非常了解,非常感兴趣,手工工艺独特,"不适合日常使用,工艺精致",愿意,强烈支持,"加强科普宣传,适配日常使用",不确定,大漆漆扇,传统国风古风,非常介意,价格性价比,极高,单品简约款,喜欢,撞色潮流色系,非常愿意,纪念收藏,会，非常加分,"款式同质化严重,做工粗糙",40-60元,50元以内,可以接受小幅溢价,基本不会,一定会了解购买,"线下实体店,校园市集",大幅提升,可能复购,"工艺制作短视频,非遗文化科普",文具类,比较认可,希望兼顾传统工艺和日常实用性，价格可以分档。
daqi-answer-1254,2026-08-22T12:29:00+08:00,女,18-22岁,自由职业,1000-2000元,比较喜欢,半年一次,日常自用,"电商店铺,文创展会",略有耳闻,比较感兴趣,"色泽质感高级,国风颜值高","价格昂贵,不适合日常使用",非常愿意,支持,"降低价格,优化款式设计",一定会,"大漆书签,大件漆艺摆件",可爱治愈风,完全接受，更有特色,"文化寓意,价格性价比",较高,组合套装礼盒,无所谓,经典黑金红传统色,愿意,"同学朋友送礼,纪念收藏",略有影响,价格虚高,20元以内,50-80元,完全不接受,一定会买,随缘,线上店铺,小幅提升,不会复购,工艺制作短视频,"桌面摆件类,配饰挂件类",非常认可，环保创新,建议多做短视频展示制作过程，并在线下市集提供体验。
daqi-answer-1255,2026-08-23T13:42:00+08:00,男,23-30岁,在校学生,3500元以上,不太喜欢,每月多次,"送礼纪念,活动奖品","文创展会,短视频平台",非常了解,一般,"非遗文化底蕴,色泽质感高级",款式老旧,愿意,中立,优化款式设计,可能会,"大漆书签,文创套装礼盒",简约现代风,介意，追求完美品,"颜值外观,独特小众性",一般,盲盒款式,非常喜欢,莫兰迪浅色系,非常愿意,"师生赠礼,商务小礼品",无影响,"华而不实无实用性,包装简陋",20-40元,120元以上,完全愿意,看价格款式决定,一定会了解购买,"校园市集,文创展会",反而降低,一定会复购,"非遗文化科普,高颜值产品实拍图","文具类,配饰挂件类",比较认可,包装可以更精致，同时附上简明的非遗文化说明卡。
daqi-answer-1256,2026-08-24T14:55:00+08:00,男,18岁以下,职场上班族,1000元以内,非常喜欢,每月1次,"日常自用,活动奖品",短视频平台,略有耳闻,非常感兴趣,手工工艺独特,"工艺精致,不适合日常使用",无所谓,强烈支持,"降低价格,加强科普宣传",基本不会,大漆钥匙扣,小众艺术轻奢风,完全接受，更有特色,价格性价比,极高,单品简约款,喜欢,经典黑金红传统色,愿意,同学朋友送礼,会，非常加分,"款式同质化严重,华而不实无实用性",60元以上,50元以内,不太接受,一定会买,会驻足了解,"线上店铺,文创展会",大幅提升,可能复购,"工艺制作短视频,高颜值产品实拍图",配饰挂件类,无所谓,希望增加年轻化配色和小件礼盒，方便送礼和收藏。
daqi-answer-1257,2026-08-25T15:08:00+08:00,男,18-22岁,个体经营者,2000-3500元,比较喜欢,每月多次,送礼纪念,"电商店铺,短视频平台",非常了解,比较感兴趣,"国风颜值高,色泽质感高级","价格昂贵,款式老旧",非常愿意,支持,"降低价格,提升包装质感",一定会,"大漆书签,大漆钥匙扣",简约现代风,可以接受,"实用性,颜值外观",较高,组合套装礼盒,非常喜欢,莫兰迪浅色系,随缘,"节日礼物,纪念收藏",略有影响,价格虚高,20元以内,80-120元,完全愿意,大概率会,不会关注,线上店铺,小幅提升,一定会复购,高颜值产品实拍图,"礼盒套装类,配饰挂件类",非常认可，环保创新,希望兼顾传统工艺和日常实用性，价格可以分档。
daqi-answer-1258,2026-08-26T16:21:00+08:00,男,31-40岁,在校学生,1000元以内,非常喜欢,每月1次,"收藏爱好,活动奖品","线下实体店,短视频平台",非常了解,兴趣较低,"非遗文化底蕴,手工工艺独特",款式老旧,愿意,不支持,适配日常使用,不确定,"大漆漆扇,文创套装礼盒",传统国风古风,介意，追求完美品,"颜值外观,文化寓意",不看重,单品简约款,喜欢,撞色潮流色系,非常愿意,"师生赠礼,节日礼物",不在意,"华而不实无实用性,做工粗糙",40-60元,50元以内,可以接受小幅溢价,基本不会,一定会了解购买,"文创展会,校园市集",大幅提升,可能复购,"市集线下体验,高颜值产品实拍图","文具类,定制专属类",比较认可,建议多做短视频展示制作过程，并在线下市集提供体验。
daqi-answer-1259,2026-08-27T17:34:00+08:00,女,18岁以下,职场上班族,1000-2000元,比较喜欢,季度1-2次,"日常自用,收藏爱好",短视频平台,完全没听过,非常感兴趣,手工工艺独特,"价格昂贵,工艺精致",不愿意,强烈支持,"降低价格,适配日常使用",一定会,大漆钥匙扣,小众艺术轻奢风,完全接受，更有特色,工艺质感,极高,组合套装礼盒,无所谓,经典黑金红传统色,愿意,同学朋友送礼,会，非常加分,"做工粗糙,华而不实无实用性",20元以内,50-80元,完全不接受,一定会买,会驻足了解,"线上店铺,校园市集",小幅提升,不确定,"工艺制作短视频,优惠活动福利",配饰挂件类,非常认可，环保创新,包装可以更精致，同时附上简明的非遗文化说明卡。
daqi-answer-1260,2026-08-28T18:47:00+08:00,男,18-22岁,在校学生,2000-3500元,一般,每月多次,送礼纪念,"校园市集,线下实体店",非常了解,比较感兴趣,"非遗文化底蕴,国风颜值高","价格昂贵,适合收藏送礼",非常愿意,中立,"优化款式设计,提升包装质感",可能会,"大漆书签,大漆漆扇",简约现代风,可以接受,"颜值外观,独特小众性",一般,盲盒款式,非常喜欢,莫兰迪浅色系,不愿意,"节日礼物,商务小礼品",无影响,价格虚高,20-40元,120元以上,完全愿意,大概率会,一定会了解购买,校园市集,无变化,一定会复购,高颜值产品实拍图,"文具类,桌面摆件类",非常认可，环保创新,希望增加年轻化配色和小件礼盒，方便送礼和收藏。
daqi-answer-1261,2026-08-01T09:00:00+08:00,女,18岁以下,职场上班族,1000元以内,非常喜欢,每月1次,"活动奖品,收藏爱好","短视频平台,朋友推荐",略有耳闻,非常感兴趣,"非遗文化底蕴,小众不撞款",不适合日常使用,无所谓,强烈支持,适配日常使用,不确定,"大漆漆扇,大件漆艺摆件",传统国风古风,完全接受，更有特色,"价格性价比,工艺质感",极高,单品简约款,喜欢,自然原木底色,非常愿意,"商务小礼品,节日礼物",会，非常加分,"华而不实无实用性,款式同质化严重",60元以上,50元以内,可以接受小幅溢价,一定会买,会驻足了解,"线下实体店,校园市集",大幅提升,可能复购,"工艺制作短视频,非遗文化科普","文具类,礼盒套装类",无所谓,希望兼顾传统工艺和日常实用性，价格可以分档。
daqi-answer-1262,2026-08-02T10:13:00+08:00,男,18-22岁,自由职业,1000-2000元,比较喜欢,半年一次,"日常自用,送礼纪念",电商店铺,非常了解,非常感兴趣,色泽质感高级,"价格昂贵,不适合日常使用",非常愿意,支持,"降低价格,优化款式设计",一定会,文创套装礼盒,简约现代风,可以接受,工艺质感,较高,组合套装礼盒,不喜欢,经典黑金红传统色,随缘,同学朋友送礼,略有影响,"价格虚高,款式同质化严重",20元以内,50-80元,完全愿意,大概率会,随缘,"线上店铺,社群团购",小幅提升,一定会复购,"工艺制作短视频,市集线下体验",桌面摆件类,非常认可，环保创新,建议多做短视频展示制作过程，并在线下市集提供体验。
daqi-answer-1263,2026-08-03T11:26:00+08:00,女,23-30岁,在校学生,1000元以内,不太喜欢,每月多次,送礼纪念,"校园市集,文创展会",略有耳闻,一般,"非遗文化底蕴,色泽质感高级","款式老旧,适合收藏送礼",愿意,中立,"优化款式设计,加强科普宣传",可能会,"大漆书签,文创套装礼盒",传统国风古风,介意，追求完美品,"颜值外观,文化寓意",一般,定制专属款,非常喜欢,撞色潮流色系,非常愿意,"节日礼物,师生赠礼",不在意,价格虚高,20-40元,50元以内,可以接受小幅溢价,看价格款式决定,一定会了解购买,校园市集,大幅提升,一定会复购,非遗文化科普,"文具类,配饰挂件类",比较认可,包装可以更精致，同时附上简明的非遗文化说明卡。
daqi-answer-1264,2026-08-04T12:39:00+08:00,男,18岁以下,职场上班族,1000-2000元,非常喜欢,每月1次,"日常自用,活动奖品","短视频平台,校园市集",完全没听过,非常感兴趣,"手工工艺独特,小众不撞款",不适合日常使用,无所谓,强烈支持,提升包装质感,一定会,"大漆钥匙扣,大件漆艺摆件",小众艺术轻奢风,完全接受，更有特色,"价格性价比,独特小众性",极高,单品简约款,无所谓,经典黑金红传统色,愿意,"同学朋友送礼,师生赠礼",会，非常加分,"款式同质化严重,华而不实无实用性",20元以内,50-80元,不太接受,一定会买,会驻足了解,"线上店铺,文创展会",大幅提升,不确定,"工艺制作短视频,高颜值产品实拍图","配饰挂件类,礼盒套装类",不认可,希望增加年轻化配色和小件礼盒，方便送礼和收藏。
daqi-answer-1265,2026-08-05T13:52:00+08:00,女,18-22岁,个体经营者,2000-3500元,比较喜欢,每月多次,"日常自用,市集/展会随手购买",电商店铺,非常了解,比较感兴趣,色泽质感高级,"价格昂贵,款式老旧",非常愿意,支持,"降低价格,提升包装质感",可能会,大漆书签,简约现代风,可以接受,文化寓意,较高,盲盒款式,非常喜欢,莫兰迪浅色系,不愿意,同学朋友送礼,略有影响,"价格虚高,华而不实无实用性",20-40元,80-120元,完全愿意,大概率会,一定会了解购买,"线上店铺,线下实体店",无变化,一定会复购,"高颜值产品实拍图,市集线下体验",桌面摆件类,非常认可，环保创新,希望兼顾传统工艺和日常实用性，价格可以分档。
daqi-answer-1266,2026-08-06T14:05:00+08:00,男,31-40岁,在校学生,1000元以内,非常喜欢,每月多次,收藏爱好,"文创展会,电商店铺",略有耳闻,一般,"非遗文化底蕴,手工工艺独特","款式老旧,工艺精致",愿意,强烈支持,"适配日常使用,加强科普宣传",不确定,"大漆漆扇,文创套装礼盒",传统国风古风,非常介意,"颜值外观,价格性价比",较低,单品简约款,喜欢,自然原木底色,非常愿意,"师生赠礼,节日礼物",会，非常加分,华而不实无实用性,40-60元,50元以内,可以接受小幅溢价,一定会买,一定会了解购买,文创展会,大幅提升,可能复购,非遗文化科普,"文具类,定制专属类",比较认可,建议多做短视频展示制作过程，并在线下市集提供体验。
daqi-answer-1267,2026-08-07T15:18:00+08:00,女,18岁以下,职场上班族,1000-2000元,非常喜欢,季度1-2次,"日常自用,收藏爱好","短视频平台,线下实体店",非常了解,非常感兴趣,"手工工艺独特,国风颜值高",适合收藏送礼,非常愿意,支持,降低价格,一定会,"大漆钥匙扣,大漆漆扇",可爱治愈风,完全接受，更有特色,"价格性价比,文化寓意",极高,组合套装礼盒,不喜欢,经典黑金红传统色,愿意,"同学朋友送礼,节日礼物",略有影响,"做工粗糙,华而不实无实用性",20元以内,50-80元,完全愿意,一定会买,随缘,"线上店铺,校园市集",小幅提升,不会复购,"工艺制作短视频,优惠活动福利","配饰挂件类,桌面摆件类",非常认可，环保创新,包装可以更精致，同时附上简明的非遗文化说明卡。
daqi-answer-1268,2026-08-08T16:31:00+08:00,男,18-22岁,在校学生,3500元以上,一般,每月多次,"送礼纪念,市集/展会随手购买",电商店铺,略有耳闻,比较感兴趣,小众不撞款,"价格昂贵,适合收藏送礼",愿意,中立,"优化款式设计,提升包装质感",可能会,大漆书签,简约现代风,介意，追求完美品,实用性,较高,定制专属款,非常喜欢,莫兰迪浅色系,非常愿意,节日礼物,无影响,"价格虚高,包装简陋",20-40元,50元以内,完全愿意,看价格款式决定,一定会了解购买,"校园市集,线下实体店",反而降低,一定会复购,"高颜值产品实拍图,非遗文化科普",定制专属类,比较认可,希望增加年轻化配色和小件礼盒，方便送礼和收藏。
daqi-answer-1269,2026-08-09T17:44:00+08:00,女,18岁以下,在校学生,1000元以内,非常喜欢,每月1次,收藏爱好,"朋友推荐,短视频平台",非常了解,毫无兴趣,"非遗文化底蕴,小众不撞款","不适合日常使用,工艺精致",无所谓,强烈支持,"适配日常使用,优化款式设计",基本不会,"大漆漆扇,大件漆艺摆件",小众艺术轻奢风,完全接受，更有特色,"颜值外观,实用性",极高,单品简约款,喜欢,经典黑金红传统色,愿意,"商务小礼品,节日礼物",会，非常加分,华而不实无实用性,20元以内,50元以内,不太接受,一定会买,会驻足了解,文创展会,大幅提升,可能复购,优惠活动福利,"文具类,礼盒套装类",无所谓,希望兼顾传统工艺和日常实用性，价格可以分档。
daqi-answer-1270,2026-08-10T18:57:00+08:00,男,18岁以下,自由职业,2000-3500元,比较喜欢,季度1-2次,"日常自用,送礼纪念","短视频平台,文创展会",非常了解,非常感兴趣,"色泽质感高级,国风颜值高",价格昂贵,非常愿意,支持,降低价格,一定会,"大件漆艺摆件,大漆漆扇",简约现代风,可以接受,"工艺质感,价格性价比",极高,组合套装礼盒,非常喜欢,莫兰迪浅色系,随缘,"同学朋友送礼,纪念收藏",略有影响,"价格虚高,款式同质化严重",20元以内,80-120元,完全愿意,大概率会,不会关注,"线上店铺,社群团购",小幅提升,一定会复购,"工艺制作短视频,市集线下体验","桌面摆件类,配饰挂件类",非常认可，环保创新,建议多做短视频展示制作过程，并在线下市集提供体验。
daqi-answer-1271,2026-08-11T09:10:00+08:00,女,23-30岁,在校学生,1000元以内,一般,每月多次,"送礼纪念,活动奖品",校园市集,完全没听过,一般,非遗文化底蕴,"款式老旧,适合收藏送礼",愿意,不支持,"优化款式设计,加强科普宣传",不确定,大漆书签,传统国风古风,非常介意,颜值外观,一般,单品简约款,喜欢,撞色潮流色系,非常愿意,节日礼物,会，非常加分,"价格虚高,做工粗糙",40-60元,50元以内,可以接受小幅溢价,基本不会,一定会了解购买,"校园市集,文创展会",大幅提升,可能复购,"非遗文化科普,高颜值产品实拍图",文具类,比较认可,包装可以更精致，同时附上简明的非遗文化说明卡。
daqi-answer-1272,2026-08-12T10:23:00+08:00,男,18岁以下,职场上班族,1000-2000元,非常喜欢,每月1次,市集/展会随手购买,"短视频平台,线下实体店",非常了解,非常感兴趣,"手工工艺独特,小众不撞款","不适合日常使用,款式老旧",不愿意,强烈支持,"加强科普宣传,优化款式设计",一定会,"大漆漆扇,大漆钥匙扣",可爱治愈风,完全接受，更有特色,"价格性价比,文化寓意",极高,组合套装礼盒,无所谓,经典黑金红传统色,愿意,"同学朋友送礼,师生赠礼",会，非常加分,款式同质化严重,20元以内,50-80元,完全不接受,一定会买,会驻足了解,社群团购,小幅提升,不确定,工艺制作短视频,"配饰挂件类,礼盒套装类",非常认可，环保创新,希望增加年轻化配色和小件礼盒，方便送礼和收藏。
daqi-answer-1273,2026-08-13T11:36:00+08:00,男,18-22岁,自由职业,2000-3500元,比较喜欢,几乎不买,"日常自用,市集/展会随手购买","电商店铺,校园市集",略有耳闻,比较感兴趣,"色泽质感高级,手工工艺独特",价格昂贵,非常愿意,中立,降低价格,可能会,"大漆书签,大漆钥匙扣",简约现代风,可以接受,"工艺质感,独特小众性",较高,盲盒款式,非常喜欢,莫兰迪浅色系,非常愿意,"同学朋友送礼,商务小礼品",无影响,"价格虚高,华而不实无实用性",20-40元,120元以上,完全愿意,大概率会,一定会了解购买,"线上店铺,线下实体店",无变化,一定会复购,"高颜值产品实拍图,市集线下体验","桌面摆件类,文具类",非常认可，环保创新,希望兼顾传统工艺和日常实用性，价格可以分档。
daqi-answer-1274,2026-08-14T12:49:00+08:00,男,23-30岁,在校学生,1000元以内,完全不感兴趣,每月多次,"收藏爱好,活动奖品",校园市集,非常了解,一般,非遗文化底蕴,"款式老旧,工艺精致",无所谓,强烈支持,"优化款式设计,适配日常使用",基本不会,大漆书签,传统国风古风,完全接受，更有特色,颜值外观,较低,单品简约款,喜欢,经典黑金红传统色,非常愿意,师生赠礼,会，非常加分,"华而不实无实用性,做工粗糙",60元以上,50元以内,可以接受小幅溢价,一定会买,会驻足了解,"文创展会,校园市集",大幅提升,可能复购,"非遗文化科普,工艺制作短视频",文具类,无所谓,建议多做短视频展示制作过程，并在线下市集提供体验。
daqi-answer-1275,2026-08-15T13:02:00+08:00,男,18岁以下,职场上班族,1000-2000元,非常喜欢,季度1-2次,日常自用,"短视频平台,文创展会",略有耳闻,非常感兴趣,"手工工艺独特,国风颜值高","工艺精致,款式老旧",非常愿意,支持,"降低价格,适配日常使用",一定会,"大漆钥匙扣,大漆漆扇",简约现代风,可以接受,"价格性价比,颜值外观",极高,组合套装礼盒,非常喜欢,经典黑金红传统色,随缘,"同学朋友送礼,节日礼物",略有影响,款式同质化严重,20元以内,50-80元,完全愿意,大概率会,随缘,线上店铺,小幅提升,一定会复购,工艺制作短视频,"配饰挂件类,桌面摆件类",非常认可，环保创新,包装可以更精致，同时附上简明的非遗文化说明卡。
daqi-answer-1276,2026-08-16T14:15:00+08:00,女,18-22岁,其他,1000元以内,一般,每月多次,"送礼纪念,市集/展会随手购买","电商店铺,线下实体店",完全没听过,比较感兴趣,"国风颜值高,手工工艺独特",价格昂贵,愿意,不支持,降低价格,可能会,"大漆书签,大漆漆扇",传统国风古风,介意，追求完美品,"文化寓意,实用性",较高,单品简约款,非常喜欢,撞色潮流色系,非常愿意,"节日礼物,商务小礼品",不在意,"价格虚高,包装简陋",20-40元,50元以内,可以接受小幅溢价,看价格款式决定,一定会了解购买,"校园市集,线下实体店",大幅提升,一定会复购,"高颜值产品实拍图,非遗文化科普","礼盒套装类,文具类",比较认可,希望增加年轻化配色和小件礼盒，方便送礼和收藏。
daqi-answer-1277,2026-08-17T15:28:00+08:00,男,40岁以上,在校学生,1000-2000元,非常喜欢,每月1次,"收藏爱好,送礼纪念",文创展会,非常了解,兴趣较低,非遗文化底蕴,"款式老旧,不适合日常使用",不愿意,强烈支持,"适配日常使用,优化款式设计",一定会,大漆漆扇,小众艺术轻奢风,完全接受，更有特色,颜值外观,极高,单品简约款,无所谓,经典黑金红传统色,愿意,师生赠礼,会，非常加分,"华而不实无实用性,款式同质化严重",20元以内,50-80元,不太接受,一定会买,会驻足了解,"文创展会,线上店铺",大幅提升,不确定,"市集线下体验,工艺制作短视频",文具类,不认可,希望兼顾传统工艺和日常实用性，价格可以分档。
daqi-answer-1278,2026-08-18T16:41:00+08:00,女,18岁以下,自由职业,2000-3500元,比较喜欢,季度1-2次,日常自用,"短视频平台,电商店铺",完全没听过,非常感兴趣,"手工工艺独特,色泽质感高级","价格昂贵,不适合日常使用",非常愿意,支持,"降低价格,优化款式设计",可能会,"大件漆艺摆件,大漆漆扇",简约现代风,可以接受,"价格性价比,实用性",极高,盲盒款式,非常喜欢,莫兰迪浅色系,不愿意,"同学朋友送礼,纪念收藏",略有影响,包装简陋,20-40元,80-120元,完全愿意,大概率会,一定会了解购买,线上店铺,无变化,一定会复购,工艺制作短视频,"配饰挂件类,文具类",非常认可，环保创新,建议多做短视频展示制作过程，并在线下市集提供体验。
daqi-answer-1279,2026-08-19T17:54:00+08:00,男,23-30岁,在校学生,1000元以内,一般,每月多次,"送礼纪念,活动奖品","电商店铺,文创展会",非常了解,比较感兴趣,"非遗文化底蕴,色泽质感高级",价格昂贵,愿意,强烈支持,优化款式设计,不确定,"大漆书签,文创套装礼盒",传统国风古风,完全接受，更有特色,"实用性,工艺质感",一般,单品简约款,喜欢,自然原木底色,非常愿意,"节日礼物,师生赠礼",会，非常加分,"价格虚高,做工粗糙",40-60元,50元以内,可以接受小幅溢价,一定会买,一定会了解购买,"校园市集,文创展会",大幅提升,可能复购,"高颜值产品实拍图,工艺制作短视频","文具类,配饰挂件类",比较认可,包装可以更精致，同时附上简明的非遗文化说明卡。
daqi-answer-1280,2026-08-20T18:07:00+08:00,女,18岁以下,职场上班族,1000-2000元,非常喜欢,每月1次,"活动奖品,送礼纪念",朋友推荐,略有耳闻,非常感兴趣,非遗文化底蕴,"不适合日常使用,款式老旧",非常愿意,支持,"加强科普宣传,优化款式设计",一定会,大漆漆扇,简约现代风,完全接受，更有特色,颜值外观,极高,组合套装礼盒,不喜欢,经典黑金红传统色,愿意,纪念收藏,略有影响,"款式同质化严重,华而不实无实用性",20元以内,50-80元,完全愿意,一定会买,随缘,"线下实体店,线上店铺",小幅提升,不会复购,"工艺制作短视频,高颜值产品实拍图",文具类,非常认可，环保创新,希望增加年轻化配色和小件礼盒，方便送礼和收藏。
daqi-answer-1281,2026-08-21T09:20:00+08:00,男,18-22岁,自由职业,3500元以上,比较喜欢,半年一次,日常自用,"短视频平台,朋友推荐",非常了解,非常感兴趣,"色泽质感高级,手工工艺独特","价格昂贵,款式老旧",愿意,中立,"降低价格,提升包装质感",可能会,"大漆书签,大漆钥匙扣",简约现代风,介意，追求完美品,"价格性价比,工艺质感",较高,定制专属款,非常喜欢,莫兰迪浅色系,非常愿意,"同学朋友送礼,商务小礼品",无影响,价格虚高,20-40元,50元以内,完全愿意,看价格款式决定,一定会了解购买,线上店铺,反而降低,一定会复购,工艺制作短视频,"桌面摆件类,文具类",比较认可,希望兼顾传统工艺和日常实用性，价格可以分档。
daqi-answer-1282,2026-08-22T10:33:00+08:00,女,23-30岁,在校学生,1000元以内,不太喜欢,每月多次,"送礼纪念,收藏爱好","校园市集,电商店铺",略有耳闻,一般,"非遗文化底蕴,手工工艺独特",款式老旧,无所谓,强烈支持,优化款式设计,一定会,"大漆书签,大件漆艺摆件",小众艺术轻奢风,完全接受，更有特色,"颜值外观,工艺质感",一般,单品简约款,喜欢,经典黑金红传统色,愿意,"师生赠礼,节日礼物",会，非常加分,"华而不实无实用性,做工粗糙",20元以内,50元以内,不太接受,一定会买,会驻足了解,"校园市集,线上店铺",大幅提升,可能复购,"非遗文化科普,工艺制作短视频","文具类,定制专属类",无所谓,建议多做短视频展示制作过程，并在线下市集提供体验。
daqi-answer-1283,2026-08-23T11:46:00+08:00,男,18岁以下,职场上班族,2000-3500元,非常喜欢,每月1次,"日常自用,收藏爱好",短视频平台,完全没听过,非常感兴趣,手工工艺独特,"工艺精致,款式老旧",非常愿意,支持,"降低价格,适配日常使用",一定会,大漆钥匙扣,简约现代风,可以接受,颜值外观,极高,组合套装礼盒,非常喜欢,莫兰迪浅色系,随缘,同学朋友送礼,略有影响,"款式同质化严重,价格虚高",20元以内,80-120元,完全愿意,大概率会,不会关注,"线上店铺,校园市集",小幅提升,一定会复购,"工艺制作短视频,优惠活动福利",配饰挂件类,非常认可，环保创新,包装可以更精致，同时附上简明的非遗文化说明卡。
daqi-answer-1284,2026-08-24T12:59:00+08:00,女,18-22岁,个体经营者,1000元以内,比较喜欢,每月多次,日常自用,"电商店铺,文创展会",非常了解,比较感兴趣,"国风颜值高,手工工艺独特","价格昂贵,适合收藏送礼",愿意,强烈支持,"降低价格,加强科普宣传",不确定,"大漆书签,大漆漆扇",传统国风古风,非常介意,"工艺质感,颜值外观",较高,单品简约款,喜欢,撞色潮流色系,非常愿意,"节日礼物,商务小礼品",会，非常加分,价格虚高,40-60元,50元以内,可以接受小幅溢价,基本不会,一定会了解购买,线上店铺,大幅提升,可能复购,高颜值产品实拍图,"礼盒套装类,文具类",比较认可,希望增加年轻化配色和小件礼盒，方便送礼和收藏。
daqi-answer-1285,2026-08-25T13:12:00+08:00,男,31-40岁,在校学生,1000-2000元,非常喜欢,每月多次,"收藏爱好,送礼纪念","校园市集,线下实体店",略有耳闻,兴趣较低,"非遗文化底蕴,小众不撞款",款式老旧,非常愿意,强烈支持,适配日常使用,一定会,"大漆漆扇,大件漆艺摆件",可爱治愈风,完全接受，更有特色,"颜值外观,独特小众性",不看重,组合套装礼盒,无所谓,经典黑金红传统色,愿意,"师生赠礼,同学朋友送礼",会，非常加分,"华而不实无实用性,款式同质化严重",20元以内,50-80元,完全不接受,一定会买,会驻足了解,"文创展会,线上店铺",小幅提升,不确定,"市集线下体验,工艺制作短视频","文具类,礼盒套装类",非常认可，环保创新,希望兼顾传统工艺和日常实用性，价格可以分档。
daqi-answer-1286,2026-08-26T14:25:00+08:00,女,18岁以下,职场上班族,3500元以上,非常喜欢,季度1-2次,"日常自用,送礼纪念",短视频平台,非常了解,非常感兴趣,手工工艺独特,"价格昂贵,不适合日常使用",非常愿意,中立,"降低价格,优化款式设计",可能会,大漆钥匙扣,简约现代风,可以接受,价格性价比,极高,盲盒款式,非常喜欢,莫兰迪浅色系,非常愿意,同学朋友送礼,无影响,"做工粗糙,价格虚高",20-40元,120元以上,完全愿意,大概率会,一定会了解购买,"线上店铺,社群团购",无变化,一定会复购,"工艺制作短视频,市集线下体验",配饰挂件类,非常认可，环保创新,建议多做短视频展示制作过程，并在线下市集提供体验。
daqi-answer-1287,2026-08-27T15:38:00+08:00,男,18-22岁,在校学生,1000元以内,一般,每月多次,送礼纪念,"电商店铺,短视频平台",略有耳闻,比较感兴趣,"非遗文化底蕴,色泽质感高级","价格昂贵,工艺精致",无所谓,强烈支持,"优化款式设计,加强科普宣传",基本不会,"大漆书签,文创套装礼盒",传统国风古风,完全接受，更有特色,"工艺质感,实用性",一般,单品简约款,喜欢,经典黑金红传统色,非常愿意,"节日礼物,师生赠礼",会，非常加分,价格虚高,60元以上,50元以内,可以接受小幅溢价,一定会买,会驻足了解,校园市集,大幅提升,可能复购,高颜值产品实拍图,"定制专属类,文具类",无所谓,包装可以更精致，同时附上简明的非遗文化说明卡。
daqi-answer-1288,2026-08-28T16:51:00+08:00,女,18岁以下,在校学生,1000-2000元,非常喜欢,每月1次,"活动奖品,送礼纪念","文创展会,朋友推荐",非常了解,非常感兴趣,"非遗文化底蕴,国风颜值高",不适合日常使用,非常愿意,支持,适配日常使用,一定会,"大漆漆扇,大漆钥匙扣",简约现代风,可以接受,"颜值外观,文化寓意",极高,组合套装礼盒,非常喜欢,经典黑金红传统色,随缘,"商务小礼品,同学朋友送礼",略有影响,"华而不实无实用性,价格虚高",20元以内,50-80元,完全愿意,大概率会,随缘,"线下实体店,线上店铺",小幅提升,一定会复购,"优惠活动福利,工艺制作短视频","文具类,桌面摆件类",非常认可，环保创新,希望增加年轻化配色和小件礼盒，方便送礼和收藏。
daqi-answer-1289,2026-08-01T17:04:00+08:00,男,18岁以下,自由职业,1000元以内,比较喜欢,半年一次,"日常自用,市集/展会随手购买",短视频平台,非常了解,非常感兴趣,色泽质感高级,"价格昂贵,款式老旧",愿意,不支持,"降低价格,提升包装质感",可能会,文创套装礼盒,传统国风古风,介意，追求完美品,价格性价比,较高,单品简约款,非常喜欢,撞色潮流色系,非常愿意,同学朋友送礼,不在意,"价格虚高,华而不实无实用性",20-40元,50元以内,可以接受小幅溢价,看价格款式决定,一定会了解购买,"线上店铺,线下实体店",大幅提升,一定会复购,"工艺制作短视频,非遗文化科普",桌面摆件类,比较认可,希望兼顾传统工艺和日常实用性，价格可以分档。
daqi-answer-1290,2026-08-02T18:17:00+08:00,男,23-30岁,在校学生,1000-2000元,不太喜欢,每月多次,送礼纪念,"电商店铺,朋友推荐",完全没听过,一般,"非遗文化底蕴,手工工艺独特","款式老旧,工艺精致",不愿意,强烈支持,"优化款式设计,适配日常使用",一定会,"大漆书签,大件漆艺摆件",小众艺术轻奢风,完全接受，更有特色,"实用性,文化寓意",一般,单品简约款,无所谓,经典黑金红传统色,愿意,"节日礼物,同学朋友送礼",会，非常加分,价格虚高,20元以内,50-80元,不太接受,一定会买,会驻足了解,校园市集,大幅提升,不确定,非遗文化科普,"文具类,定制专属类",不认可,建议多做短视频展示制作过程，并在线下市集提供体验。
daqi-answer-1291,2026-08-03T09:30:00+08:00,男,18岁以下,职场上班族,2000-3500元,非常喜欢,每月1次,"日常自用,收藏爱好","朋友推荐,校园市集",非常了解,非常感兴趣,"手工工艺独特,国风颜值高",不适合日常使用,非常愿意,支持,提升包装质感,可能会,"大漆钥匙扣,大漆漆扇",简约现代风,可以接受,"颜值外观,价格性价比",极高,盲盒款式,非常喜欢,莫兰迪浅色系,不愿意,"同学朋友送礼,节日礼物",略有影响,"款式同质化严重,价格虚高",20-40元,80-120元,完全愿意,大概率会,一定会了解购买,"社群团购,线上店铺",无变化,一定会复购,"工艺制作短视频,优惠活动福利","配饰挂件类,桌面摆件类",非常认可，环保创新,包装可以更精致，同时附上简明的非遗文化说明卡。
daqi-answer-1292,2026-08-04T10:43:00+08:00,男,18-22岁,个体经营者,1000元以内,比较喜欢,每月多次,"日常自用,活动奖品",短视频平台,略有耳闻,比较感兴趣,色泽质感高级,"价格昂贵,适合收藏送礼",愿意,强烈支持,"降低价格,加强科普宣传",不确定,大漆书签,传统国风古风,完全接受，更有特色,价格性价比,较高,单品简约款,喜欢,自然原木底色,非常愿意,同学朋友送礼,会，非常加分,"价格虚高,包装简陋",40-60元,50元以内,可以接受小幅溢价,一定会买,一定会了解购买,"线上店铺,文创展会",大幅提升,可能复购,"高颜值产品实拍图,非遗文化科普",桌面摆件类,比较认可,希望增加年轻化配色和小件礼盒，方便送礼和收藏。
daqi-answer-1293,2026-08-05T11:56:00+08:00,女,31-40岁,在校学生,1000-2000元,非常喜欢,每月多次,收藏爱好,"电商店铺,校园市集",非常了解,一般,"非遗文化底蕴,小众不撞款","款式老旧,不适合日常使用",非常愿意,支持,"适配日常使用,优化款式设计",一定会,"大漆漆扇,大件漆艺摆件",简约现代风,完全接受，更有特色,"颜值外观,文化寓意",较低,组合套装礼盒,不喜欢,经典黑金红传统色,愿意,"师生赠礼,同学朋友送礼",略有影响,华而不实无实用性,20元以内,50-80元,完全愿意,一定会买,随缘,文创展会,小幅提升,不会复购,非遗文化科普,"文具类,礼盒套装类",非常认可，环保创新,希望兼顾传统工艺和日常实用性，价格可以分档。
daqi-answer-1294,2026-08-06T12:09:00+08:00,男,18岁以下,职场上班族,1000元以内,非常喜欢,季度1-2次,"日常自用,送礼纪念","短视频平台,校园市集",略有耳闻,非常感兴趣,"手工工艺独特,色泽质感高级",适合收藏送礼,愿意,中立,降低价格,可能会,"大漆钥匙扣,大漆书签",简约现代风,介意，追求完美品,"颜值外观,实用性",极高,定制专属款,非常喜欢,莫兰迪浅色系,非常愿意,"同学朋友送礼,纪念收藏",无影响,"做工粗糙,价格虚高",20-40元,50元以内,完全愿意,看价格款式决定,一定会了解购买,"线上店铺,社群团购",反而降低,一定会复购,"工艺制作短视频,市集线下体验","配饰挂件类,文具类",比较认可,建议多做短视频展示制作过程，并在线下市集提供体验。
daqi-answer-1295,2026-08-07T13:22:00+08:00,女,18-22岁,在校学生,1000元以内,一般,每月多次,"送礼纪念,活动奖品",短视频平台,完全没听过,比较感兴趣,小众不撞款,"价格昂贵,工艺精致",无所谓,强烈支持,"优化款式设计,加强科普宣传",一定会,大漆书签,小众艺术轻奢风,完全接受，更有特色,工艺质感,较高,单品简约款,喜欢,经典黑金红传统色,愿意,节日礼物,会，非常加分,"价格虚高,做工粗糙",20元以内,50元以内,不太接受,一定会买,会驻足了解,"校园市集,文创展会",大幅提升,可能复购,"高颜值产品实拍图,工艺制作短视频",礼盒套装类,无所谓,包装可以更精致，同时附上简明的非遗文化说明卡。
daqi-answer-1296,2026-08-08T14:35:00+08:00,男,18岁以下,在校学生,2000-3500元,非常喜欢,每月1次,收藏爱好,"校园市集,短视频平台",非常了解,毫无兴趣,"非遗文化底蕴,国风颜值高","不适合日常使用,款式老旧",非常愿意,支持,"适配日常使用,降低价格",一定会,"大漆漆扇,大漆钥匙扣",简约现代风,可以接受,"颜值外观,价格性价比",极高,组合套装礼盒,非常喜欢,莫兰迪浅色系,随缘,"商务小礼品,同学朋友送礼",略有影响,华而不实无实用性,20元以内,80-120元,完全愿意,大概率会,不会关注,文创展会,小幅提升,一定会复购,市集线下体验,"文具类,桌面摆件类",非常认可，环保创新,希望增加年轻化配色和小件礼盒，方便送礼和收藏。
daqi-answer-1297,2026-08-09T15:48:00+08:00,女,18岁以下,自由职业,1000元以内,比较喜欢,季度1-2次,"日常自用,市集/展会随手购买","短视频平台,线下实体店",完全没听过,非常感兴趣,"色泽质感高级,手工工艺独特",价格昂贵,愿意,强烈支持,降低价格,不确定,"大件漆艺摆件,大漆书签",传统国风古风,非常介意,"价格性价比,文化寓意",极高,单品简约款,喜欢,撞色潮流色系,非常愿意,"同学朋友送礼,商务小礼品",会，非常加分,"包装简陋,价格虚高",40-60元,50元以内,可以接受小幅溢价,基本不会,一定会了解购买,"线上店铺,线下实体店",大幅提升,可能复购,"工艺制作短视频,非遗文化科普","配饰挂件类,定制专属类",比较认可,希望兼顾传统工艺和日常实用性，价格可以分档。
daqi-answer-1298,2026-08-10T16:01:00+08:00,男,23-30岁,在校学生,1000-2000元,一般,每月多次,"送礼纪念,收藏爱好",电商店铺,非常了解,一般,非遗文化底蕴,"款式老旧,工艺精致",非常愿意,强烈支持,"优化款式设计,适配日常使用",一定会,大漆书签,可爱治愈风,完全接受，更有特色,工艺质感,一般,组合套装礼盒,无所谓,经典黑金红传统色,愿意,节日礼物,会，非常加分,"价格虚高,款式同质化严重",20元以内,50-80元,完全不接受,一定会买,会驻足了解,"校园市集,线上店铺",小幅提升,不确定,"高颜值产品实拍图,优惠活动福利",文具类,非常认可，环保创新,建议多做短视频展示制作过程，并在线下市集提供体验。
daqi-answer-1299,2026-08-11T17:14:00+08:00,女,18岁以下,职场上班族,3500元以上,非常喜欢,每月1次,市集/展会随手购买,"校园市集,朋友推荐",略有耳闻,非常感兴趣,"手工工艺独特,国风颜值高","不适合日常使用,价格昂贵",非常愿意,中立,"加强科普宣传,降低价格",可能会,"大漆漆扇,大漆书签",简约现代风,可以接受,"颜值外观,实用性",极高,盲盒款式,非常喜欢,莫兰迪浅色系,非常愿意,"纪念收藏,同学朋友送礼",无影响,款式同质化严重,20-40元,120元以上,完全愿意,大概率会,一定会了解购买,线下实体店,无变化,一定会复购,工艺制作短视频,"配饰挂件类,桌面摆件类",非常认可，环保创新,包装可以更精致，同时附上简明的非遗文化说明卡。
daqi-answer-1300,2026-08-12T18:27:00+08:00,男,18-22岁,自由职业,1000元以内,比较喜欢,几乎不买,"日常自用,活动奖品","短视频平台,文创展会",非常了解,比较感兴趣,"色泽质感高级,非遗文化底蕴",价格昂贵,无所谓,强烈支持,降低价格,基本不会,"大漆书签,大漆漆扇",传统国风古风,完全接受，更有特色,"价格性价比,颜值外观",较高,单品简约款,喜欢,经典黑金红传统色,非常愿意,"同学朋友送礼,师生赠礼",会，非常加分,"价格虚高,包装简陋",60元以上,50元以内,可以接受小幅溢价,一定会买,会驻足了解,"线上店铺,文创展会",大幅提升,可能复购,"高颜值产品实拍图,非遗文化科普","桌面摆件类,定制专属类",无所谓,希望增加年轻化配色和小件礼盒，方便送礼和收藏。
daqi-answer-1301,2026-08-13T09:40:00+08:00,女,23-30岁,在校学生,1000-2000元,完全不感兴趣,每月多次,"收藏爱好,送礼纪念",电商店铺,略有耳闻,一般,非遗文化底蕴,"款式老旧,不适合日常使用",非常愿意,支持,"优化款式设计,降低价格",一定会,大漆书签,简约现代风,可以接受,文化寓意,较低,组合套装礼盒,非常喜欢,经典黑金红传统色,随缘,师生赠礼,略有影响,"华而不实无实用性,款式同质化严重",20元以内,50-80元,完全愿意,大概率会,随缘,"校园市集,社群团购",小幅提升,一定会复购,"非遗文化科普,优惠活动福利",文具类,非常认可，环保创新,希望兼顾传统工艺和日常实用性，价格可以分档。
daqi-answer-1302,2026-08-14T10:53:00+08:00,男,18岁以下,职场上班族,1000元以内,非常喜欢,季度1-2次,日常自用,"朋友推荐,文创展会",完全没听过,非常感兴趣,"手工工艺独特,色泽质感高级","工艺精致,价格昂贵",愿意,不支持,"降低价格,优化款式设计",可能会,"大漆钥匙扣,大漆书签",传统国风古风,介意，追求完美品,"颜值外观,工艺质感",极高,单品简约款,非常喜欢,撞色潮流色系,非常愿意,"同学朋友送礼,纪念收藏",不在意,款式同质化严重,20-40元,50元以内,可以接受小幅溢价,看价格款式决定,一定会了解购买,线上店铺,大幅提升,一定会复购,工艺制作短视频,"配饰挂件类,文具类",比较认可,建议多做短视频展示制作过程，并在线下市集提供体验。
daqi-answer-1303,2026-08-15T11:06:00+08:00,女,18-22岁,其他,1000-2000元,一般,每月多次,"送礼纪念,活动奖品","短视频平台,电商店铺",非常了解,比较感兴趣,"国风颜值高,非遗文化底蕴",价格昂贵,不愿意,强烈支持,降低价格,一定会,"大漆书签,文创套装礼盒",小众艺术轻奢风,完全接受，更有特色,"价格性价比,实用性",较高,单品简约款,无所谓,经典黑金红传统色,愿意,"节日礼物,师生赠礼",会，非常加分,"价格虚高,做工粗糙",20元以内,50-80元,不太接受,一定会买,会驻足了解,"校园市集,文创展会",大幅提升,不确定,"高颜值产品实拍图,工艺制作短视频","礼盒套装类,定制专属类",不认可,包装可以更精致，同时附上简明的非遗文化说明卡。
daqi-answer-1304,2026-08-16T12:19:00+08:00,男,40岁以上,在校学生,2000-3500元,非常喜欢,每月1次,"收藏爱好,日常自用",电商店铺,略有耳闻,兴趣较低,非遗文化底蕴,"款式老旧,价格昂贵",非常愿意,支持,"适配日常使用,降低价格",可能会,大漆漆扇,简约现代风,可以接受,颜值外观,不看重,盲盒款式,非常喜欢,莫兰迪浅色系,不愿意,师生赠礼,略有影响,"华而不实无实用性,价格虚高",20-40元,80-120元,完全愿意,大概率会,一定会了解购买,"文创展会,社群团购",无变化,一定会复购,"市集线下体验,优惠活动福利",文具类,非常认可，环保创新,希望增加年轻化配色和小件礼盒，方便送礼和收藏。
daqi-answer-1305,2026-08-17T13:32:00+08:00,女,18岁以下,自由职业,1000元以内,比较喜欢,季度1-2次,日常自用,"短视频平台,文创展会",非常了解,非常感兴趣,"手工工艺独特,非遗文化底蕴","价格昂贵,款式老旧",愿意,强烈支持,"降低价格,提升包装质感",不确定,"大件漆艺摆件,大漆书签",传统国风古风,完全接受，更有特色,"颜值外观,独特小众性",极高,单品简约款,喜欢,自然原木底色,非常愿意,"同学朋友送礼,商务小礼品",会，非常加分,做工粗糙,40-60元,50元以内,可以接受小幅溢价,一定会买,一定会了解购买,线上店铺,大幅提升,可能复购,工艺制作短视频,"配饰挂件类,定制专属类",无所谓,希望兼顾传统工艺和日常实用性，价格可以分档。
daqi-answer-1306,2026-08-18T14:45:00+08:00,男,23-30岁,在校学生,1000-2000元,一般,每月多次,"送礼纪念,收藏爱好","短视频平台,朋友推荐",略有耳闻,比较感兴趣,"非遗文化底蕴,手工工艺独特",价格昂贵,非常愿意,支持,优化款式设计,一定会,"大漆书签,大件漆艺摆件",简约现代风,完全接受，更有特色,"工艺质感,文化寓意",一般,组合套装礼盒,不喜欢,经典黑金红传统色,愿意,"节日礼物,同学朋友送礼",略有影响,"价格虚高,款式同质化严重",20元以内,50-80元,完全愿意,一定会买,随缘,"校园市集,线上店铺",小幅提升,不会复购,"高颜值产品实拍图,优惠活动福利","文具类,定制专属类",非常认可，环保创新,建议多做短视频展示制作过程，并在线下市集提供体验。
daqi-answer-1307,2026-08-19T15:58:00+08:00,男,18岁以下,职场上班族,1000元以内,非常喜欢,每月1次,"活动奖品,日常自用",校园市集,非常了解,非常感兴趣,非遗文化底蕴,"不适合日常使用,价格昂贵",愿意,中立,"加强科普宣传,降低价格",可能会,大漆漆扇,简约现代风,介意，追求完美品,颜值外观,极高,定制专属款,非常喜欢,莫兰迪浅色系,非常愿意,商务小礼品,无影响,"华而不实无实用性,包装简陋",20-40元,50元以内,完全愿意,看价格款式决定,一定会了解购买,"线下实体店,社群团购",反而降低,一定会复购,"工艺制作短视频,优惠活动福利",文具类,比较认可,包装可以更精致，同时附上简明的非遗文化说明卡。
daqi-answer-1308,2026-08-20T16:11:00+08:00,男,18-22岁,自由职业,1000元以内,比较喜欢,半年一次,日常自用,"短视频平台,电商店铺",非常了解,非常感兴趣,"色泽质感高级,非遗文化底蕴","价格昂贵,适合收藏送礼",无所谓,强烈支持,"降低价格,加强科普宣传",一定会,"文创套装礼盒,大漆书签",小众艺术轻奢风,完全接受，更有特色,"价格性价比,实用性",较高,单品简约款,喜欢,经典黑金红传统色,愿意,"同学朋友送礼,师生赠礼",会，非常加分,价格虚高,20元以内,50元以内,不太接受,一定会买,会驻足了解,线上店铺,大幅提升,不确定,工艺制作短视频,"桌面摆件类,定制专属类",无所谓,希望增加年轻化配色和小件礼盒，方便送礼和收藏。
daqi-answer-1309,2026-08-21T17:24:00+08:00,男,23-30岁,在校学生,2000-3500元,不太喜欢,每月多次,"送礼纪念,日常自用","电商店铺,文创展会",完全没听过,一般,"非遗文化底蕴,小众不撞款",款式老旧,非常愿意,支持,优化款式设计,一定会,"大漆书签,大漆钥匙扣",简约现代风,可以接受,"工艺质感,颜值外观",一般,组合套装礼盒,非常喜欢,莫兰迪浅色系,随缘,"节日礼物,纪念收藏",略有影响,"华而不实无实用性,款式同质化严重",20元以内,80-120元,完全愿意,大概率会,不会关注,"校园市集,社群团购",无变化,一定会复购,"非遗文化科普,优惠活动福利","文具类,礼盒套装类",非常认可，环保创新,希望兼顾传统工艺和日常实用性，价格可以分档。
daqi-answer-1310,2026-08-22T18:37:00+08:00,男,18岁以下,职场上班族,1000元以内,非常喜欢,每月1次,"日常自用,送礼纪念",校园市集,非常了解,非常感兴趣,手工工艺独特,"工艺精致,价格昂贵",愿意,强烈支持,"提升包装质感,降低价格",不确定,大漆钥匙扣,传统国风古风,非常介意,颜值外观,极高,单品简约款,喜欢,撞色潮流色系,非常愿意,同学朋友送礼,会，非常加分,"款式同质化严重,包装简陋",40-60元,50元以内,可以接受小幅溢价,基本不会,一定会了解购买,"线上店铺,社群团购",大幅提升,可能复购,"工艺制作短视频,市集线下体验",配饰挂件类,比较认可,建议多做短视频展示制作过程，并在线下市集提供体验。
daqi-answer-1311,2026-08-23T09:50:00+08:00,男,18-22岁,个体经营者,1000-2000元,比较喜欢,每月多次,日常自用,"短视频平台,朋友推荐",略有耳闻,比较感兴趣,"国风颜值高,非遗文化底蕴","价格昂贵,工艺精致",非常愿意,强烈支持,"降低价格,适配日常使用",一定会,"大漆书签,文创套装礼盒",可爱治愈风,完全接受，更有特色,"价格性价比,工艺质感",较高,组合套装礼盒,无所谓,经典黑金红传统色,愿意,"节日礼物,师生赠礼",会，非常加分,价格虚高,20元以内,50-80元,完全不接受,一定会买,随缘,线上店铺,小幅提升,不确定,高颜值产品实拍图,"桌面摆件类,礼盒套装类",非常认可，环保创新,包装可以更精致，同时附上简明的非遗文化说明卡。
daqi-answer-1312,2026-08-24T10:03:00+08:00,女,31-40岁,在校学生,3500元以上,非常喜欢,每月多次,"收藏爱好,日常自用","电商店铺,短视频平台",非常了解,兴趣较低,"非遗文化底蕴,国风颜值高",款式老旧,非常愿意,中立,适配日常使用,可能会,"大漆漆扇,大漆钥匙扣",简约现代风,可以接受,"文化寓意,独特小众性",较低,盲盒款式,非常喜欢,莫兰迪浅色系,非常愿意,"师生赠礼,纪念收藏",无影响,"华而不实无实用性,价格虚高",20-40元,120元以上,完全愿意,看价格款式决定,一定会了解购买,"文创展会,社群团购",无变化,一定会复购,"非遗文化科普,市集线下体验","文具类,桌面摆件类",非常认可，环保创新,希望增加年轻化配色和小件礼盒，方便送礼和收藏。
daqi-answer-1313,2026-08-25T11:16:00+08:00,男,18岁以下,职场上班族,1000元以内,非常喜欢,季度1-2次,"日常自用,市集/展会随手购买",文创展会,略有耳闻,非常感兴趣,手工工艺独特,"适合收藏送礼,价格昂贵",无所谓,强烈支持,"降低价格,提升包装质感",基本不会,大漆钥匙扣,传统国风古风,完全接受，更有特色,颜值外观,极高,单品简约款,喜欢,经典黑金红传统色,非常愿意,同学朋友送礼,会，非常加分,"做工粗糙,包装简陋",60元以上,50元以内,不太接受,一定会买,会驻足了解,"线上店铺,线下实体店",大幅提升,可能复购,"工艺制作短视频,非遗文化科普",配饰挂件类,无所谓,希望兼顾传统工艺和日常实用性，价格可以分档。
daqi-answer-1314,2026-08-26T12:29:00+08:00,女,18-22岁,在校学生,1000-2000元,一般,每月多次,送礼纪念,"短视频平台,校园市集",完全没听过,比较感兴趣,"小众不撞款,非遗文化底蕴","价格昂贵,不适合日常使用",非常愿意,支持,"优化款式设计,适配日常使用",一定会,"大漆书签,大件漆艺摆件",简约现代风,可以接受,"价格性价比,独特小众性",较高,组合套装礼盒,非常喜欢,经典黑金红传统色,随缘,"节日礼物,同学朋友送礼",略有影响,价格虚高,20元以内,80-120元,完全愿意,大概率会,随缘,校园市集,小幅提升,一定会复购,高颜值产品实拍图,"定制专属类,礼盒套装类",非常认可，环保创新,建议多做短视频展示制作过程，并在线下市集提供体验。
daqi-answer-1315,2026-08-27T13:42:00+08:00,男,18岁以下,在校学生,1000元以内,非常喜欢,每月1次,"活动奖品,日常自用","电商店铺,朋友推荐",非常了解,毫无兴趣,"非遗文化底蕴,色泽质感高级",不适合日常使用,愿意,不支持,适配日常使用,可能会,"大漆漆扇,大漆书签",传统国风古风,介意，追求完美品,"颜值外观,独特小众性",极高,单品简约款,非常喜欢,撞色潮流色系,非常愿意,"商务小礼品,纪念收藏",不在意,"华而不实无实用性,包装简陋",40-60元,50元以内,可以接受小幅溢价,看价格款式决定,一定会了解购买,"文创展会,线下实体店",大幅提升,一定会复购,"优惠活动福利,市集线下体验","文具类,配饰挂件类",比较认可,包装可以更精致，同时附上简明的非遗文化说明卡。
daqi-answer-1316,2026-08-28T14:55:00+08:00,女,18岁以下,自由职业,1000-2000元,比较喜欢,半年一次,"日常自用,活动奖品",短视频平台,完全没听过,非常感兴趣,色泽质感高级,"价格昂贵,适合收藏送礼",不愿意,强烈支持,"降低价格,加强科普宣传",一定会,大件漆艺摆件,小众艺术轻奢风,完全接受，更有特色,颜值外观,较高,单品简约款,无所谓,经典黑金红传统色,愿意,同学朋友送礼,会，非常加分,"价格虚高,包装简陋",20元以内,50-80元,不太接受,一定会买,会驻足了解,"线上店铺,文创展会",大幅提升,不确定,"工艺制作短视频,高颜值产品实拍图",桌面摆件类,不认可,希望增加年轻化配色和小件礼盒，方便送礼和收藏。
daqi-answer-1317,2026-08-01T15:08:00+08:00,男,23-30岁,在校学生,2000-3500元,不太喜欢,每月多次,送礼纪念,"短视频平台,线下实体店",非常了解,一般,"非遗文化底蕴,小众不撞款","款式老旧,不适合日常使用",非常愿意,支持,"优化款式设计,降低价格",可能会,"大漆书签,大漆钥匙扣",简约现代风,可以接受,"工艺质感,实用性",一般,盲盒款式,非常喜欢,莫兰迪浅色系,不愿意,"节日礼物,纪念收藏",无影响,价格虚高,20-40元,80-120元,完全愿意,大概率会,一定会了解购买,校园市集,无变化,一定会复购,非遗文化科普,"文具类,礼盒套装类",非常认可，环保创新,希望兼顾传统工艺和日常实用性，价格可以分档。
daqi-answer-1318,2026-08-02T16:21:00+08:00,女,18岁以下,职场上班族,1000元以内,非常喜欢,每月1次,"市集/展会随手购买,日常自用","校园市集,文创展会",略有耳闻,非常感兴趣,"手工工艺独特,色泽质感高级",不适合日常使用,愿意,强烈支持,加强科普宣传,不确定,"大漆漆扇,文创套装礼盒",传统国风古风,完全接受，更有特色,"颜值外观,文化寓意",极高,单品简约款,喜欢,自然原木底色,非常愿意,"同学朋友送礼,纪念收藏",会，非常加分,"款式同质化严重,包装简陋",40-60元,50元以内,可以接受小幅溢价,一定会买,一定会了解购买,"社群团购,线下实体店",大幅提升,可能复购,"工艺制作短视频,市集线下体验","配饰挂件类,文具类",无所谓,建议多做短视频展示制作过程，并在线下市集提供体验。
daqi-answer-1319,2026-08-03T17:34:00+08:00,男,18-22岁,个体经营者,1000-2000元,比较喜欢,几乎不买,"日常自用,收藏爱好",短视频平台,非常了解,比较感兴趣,色泽质感高级,"价格昂贵,工艺精致",非常愿意,支持,"降低价格,适配日常使用",一定会,大漆书签,简约现代风,完全接受，更有特色,价格性价比,较高,组合套装礼盒,不喜欢,经典黑金红传统色,随缘,同学朋友送礼,略有影响,"价格虚高,做工粗糙",20元以内,50-80元,完全愿意,一定会买,随缘,"线上店铺,校园市集",小幅提升,不会复购,"高颜值产品实拍图,工艺制作短视频",桌面摆件类,非常认可，环保创新,包装可以更精致，同时附上简明的非遗文化说明卡。
daqi-answer-1320,2026-08-04T18:47:00+08:00,女,31-40岁,在校学生,1000元以内,完全不感兴趣,每月多次,收藏爱好,"电商店铺,朋友推荐",略有耳闻,一般,"非遗文化底蕴,国风颜值高","款式老旧,价格昂贵",愿意,中立,"优化款式设计,提升包装质感",可能会,"大漆漆扇,大漆钥匙扣",简约现代风,介意，追求完美品,"工艺质感,价格性价比",较低,定制专属款,非常喜欢,撞色潮流色系,非常愿意,"师生赠礼,纪念收藏",无影响,华而不实无实用性,20-40元,50元以内,完全愿意,看价格款式决定,一定会了解购买,文创展会,反而降低,一定会复购,非遗文化科普,"文具类,桌面摆件类",比较认可,希望增加年轻化配色和小件礼盒，方便送礼和收藏。
daqi-answer-1321,2026-08-05T09:00:00+08:00,男,18岁以下,职场上班族,1000元以内,非常喜欢,季度1-2次,"日常自用,市集/展会随手购买","校园市集,短视频平台",完全没听过,非常感兴趣,"手工工艺独特,非遗文化底蕴",工艺精致,无所谓,强烈支持,降低价格,一定会,"大漆钥匙扣,文创套装礼盒",小众艺术轻奢风,完全接受，更有特色,"颜值外观,价格性价比",极高,单品简约款,无所谓,经典黑金红传统色,愿意,"同学朋友送礼,商务小礼品",会，非常加分,"款式同质化严重,做工粗糙",20元以内,50元以内,不太接受,一定会买,会驻足了解,"线上店铺,线下实体店",大幅提升,不确定,"工艺制作短视频,非遗文化科普","配饰挂件类,定制专属类",无所谓,希望兼顾传统工艺和日常实用性，价格可以分档。
daqi-answer-1322,2026-08-06T10:13:00+08:00,女,18-22岁,其他,2000-3500元,一般,每月多次,"送礼纪念,收藏爱好",短视频平台,非常了解,比较感兴趣,国风颜值高,"价格昂贵,不适合日常使用",非常愿意,支持,"优化款式设计,适配日常使用",一定会,大漆书签,简约现代风,可以接受,价格性价比,较高,盲盒款式,非常喜欢,莫兰迪浅色系,随缘,节日礼物,略有影响,"价格虚高,款式同质化严重",20元以内,80-120元,完全愿意,大概率会,不会关注,"校园市集,线上店铺",无变化,一定会复购,"高颜值产品实拍图,优惠活动福利",礼盒套装类,非常认可，环保创新,建议多做短视频展示制作过程，并在线下市集提供体验。
daqi-answer-1323,2026-08-07T11:26:00+08:00,男,40岁以上,在校学生,1000元以内,非常喜欢,每月1次,收藏爱好,"电商店铺,校园市集",略有耳闻,兴趣较低,"非遗文化底蕴,色泽质感高级","款式老旧,适合收藏送礼",愿意,强烈支持,"适配日常使用,提升包装质感",不确定,"大漆漆扇,大漆书签",传统国风古风,非常介意,"文化寓意,颜值外观",极高,单品简约款,喜欢,撞色潮流色系,非常愿意,"师生赠礼,商务小礼品",会，非常加分,华而不实无实用性,40-60元,50元以内,可以接受小幅溢价,基本不会,一定会了解购买,文创展会,大幅提升,可能复购,市集线下体验,"文具类,配饰挂件类",比较认可,包装可以更精致，同时附上简明的非遗文化说明卡。
daqi-answer-1324,2026-08-08T12:39:00+08:00,女,18岁以下,自由职业,1000-2000元,比较喜欢,季度1-2次,"日常自用,活动奖品","文创展会,线下实体店",非常了解,非常感兴趣,"手工工艺独特,小众不撞款",价格昂贵,非常愿意,强烈支持,降低价格,一定会,"大件漆艺摆件,文创套装礼盒",可爱治愈风,完全接受，更有特色,"颜值外观,实用性",极高,组合套装礼盒,无所谓,经典黑金红传统色,愿意,"同学朋友送礼,师生赠礼",会，非常加分,"包装简陋,做工粗糙",20元以内,50-80元,完全不接受,一定会买,随缘,"线上店铺,文创展会",小幅提升,不确定,"工艺制作短视频,高颜值产品实拍图","配饰挂件类,礼盒套装类",非常认可，环保创新,希望增加年轻化配色和小件礼盒，方便送礼和收藏。
daqi-answer-1325,2026-08-09T13:52:00+08:00,男,23-30岁,在校学生,3500元以上,一般,每月多次,"送礼纪念,日常自用",短视频平台,略有耳闻,比较感兴趣,非遗文化底蕴,"款式老旧,不适合日常使用",非常愿意,中立,"优化款式设计,降低价格",可能会,大漆书签,简约现代风,介意，追求完美品,价格性价比,一般,盲盒款式,非常喜欢,莫兰迪浅色系,非常愿意,节日礼物,无影响,"价格虚高,华而不实无实用性",20-40元,120元以上,完全愿意,看价格款式决定,一定会了解购买,"校园市集,社群团购",无变化,一定会复购,"高颜值产品实拍图,市集线下体验",文具类,比较认可,希望兼顾传统工艺和日常实用性，价格可以分档。
daqi-answer-1326,2026-08-10T14:05:00+08:00,男,18岁以下,职场上班族,1000元以内,非常喜欢,每月1次,活动奖品,"电商店铺,线下实体店",非常了解,非常感兴趣,"手工工艺独特,色泽质感高级","不适合日常使用,适合收藏送礼",无所谓,强烈支持,"加强科普宣传,提升包装质感",基本不会,"大漆漆扇,文创套装礼盒",小众艺术轻奢风,完全接受，更有特色,"颜值外观,价格性价比",极高,单品简约款,喜欢,经典黑金红传统色,非常愿意,"纪念收藏,商务小礼品",会，非常加分,款式同质化严重,60元以上,50元以内,不太接受,一定会买,会驻足了解,线下实体店,大幅提升,可能复购,工艺制作短视频,"配饰挂件类,文具类",无所谓,建议多做短视频展示制作过程，并在线下市集提供体验。
daqi-answer-1327,2026-08-11T15:18:00+08:00,男,18-22岁,自由职业,1000-2000元,比较喜欢,半年一次,"日常自用,收藏爱好","短视频平台,线下实体店",非常了解,比较感兴趣,"色泽质感高级,小众不撞款",价格昂贵,非常愿意,支持,降低价格,一定会,"大漆书签,文创套装礼盒",简约现代风,可以接受,"颜值外观,工艺质感",较高,组合套装礼盒,非常喜欢,经典黑金红传统色,随缘,"同学朋友送礼,节日礼物",略有影响,"价格虚高,做工粗糙",20元以内,80-120元,完全愿意,大概率会,随缘,"线上店铺,校园市集",小幅提升,一定会复购,"高颜值产品实拍图,工艺制作短视频","桌面摆件类,礼盒套装类",非常认可，环保创新,包装可以更精致，同时附上简明的非遗文化说明卡。
daqi-answer-1328,2026-08-12T16:31:00+08:00,男,23-30岁,在校学生,1000元以内,不太喜欢,每月多次,"送礼纪念,市集/展会随手购买",短视频平台,完全没听过,一般,非遗文化底蕴,"款式老旧,价格昂贵",愿意,不支持,"优化款式设计,提升包装质感",不确定,大漆书签,传统国风古风,介意，追求完美品,工艺质感,一般,单品简约款,非常喜欢,撞色潮流色系,非常愿意,师生赠礼,不在意,"华而不实无实用性,价格虚高",40-60元,50元以内,可以接受小幅溢价,看价格款式决定,一定会了解购买,"校园市集,线下实体店",大幅提升,可能复购,"非遗文化科普,市集线下体验",文具类,比较认可,希望增加年轻化配色和小件礼盒，方便送礼和收藏。
daqi-answer-1329,2026-08-13T17:44:00+08:00,女,18岁以下,职场上班族,1000-2000元,非常喜欢,每月1次,日常自用,"校园市集,朋友推荐",非常了解,非常感兴趣,"手工工艺独特,非遗文化底蕴","工艺精致,适合收藏送礼",不愿意,强烈支持,"降低价格,提升包装质感",一定会,"大漆钥匙扣,文创套装礼盒",小众艺术轻奢风,完全接受，更有特色,"颜值外观,实用性",极高,单品简约款,无所谓,经典黑金红传统色,愿意,"同学朋友送礼,商务小礼品",会，非常加分,款式同质化严重,20元以内,50-80元,不太接受,一定会买,会驻足了解,线上店铺,小幅提升,不确定,工艺制作短视频,"配饰挂件类,定制专属类",不认可,希望兼顾传统工艺和日常实用性，价格可以分档。
daqi-answer-1330,2026-08-14T18:57:00+08:00,男,18-22岁,个体经营者,2000-3500元,比较喜欢,每月多次,"送礼纪念,收藏爱好","短视频平台,文创展会",略有耳闻,比较感兴趣,"国风颜值高,小众不撞款",价格昂贵,非常愿意,中立,降低价格,可能会,"大漆书签,大件漆艺摆件",简约现代风,可以接受,"价格性价比,颜值外观",较高,盲盒款式,非常喜欢,莫兰迪浅色系,不愿意,"节日礼物,同学朋友送礼",无影响,"价格虚高,款式同质化严重",20-40元,80-120元,完全愿意,大概率会,一定会了解购买,"校园市集,线上店铺",无变化,一定会复购,"高颜值产品实拍图,优惠活动福利","礼盒套装类,桌面摆件类",非常认可，环保创新,建议多做短视频展示制作过程，并在线下市集提供体验。
daqi-answer-1331,2026-08-15T09:10:00+08:00,女,31-40岁,在校学生,1000元以内,非常喜欢,每月1次,"收藏爱好,市集/展会随手购买",电商店铺,非常了解,兴趣较低,非遗文化底蕴,"款式老旧,适合收藏送礼",无所谓,强烈支持,"适配日常使用,提升包装质感",不确定,大漆漆扇,传统国风古风,完全接受，更有特色,工艺质感,不看重,单品简约款,喜欢,自然原木底色,非常愿意,师生赠礼,会，非常加分,"华而不实无实用性,包装简陋",40-60元,50元以内,可以接受小幅溢价,一定会买,会驻足了解,"文创展会,线下实体店",大幅提升,可能复购,"市集线下体验,非遗文化科普",文具类,无所谓,包装可以更精致，同时附上简明的非遗文化说明卡。
daqi-answer-1332,2026-08-16T10:23:00+08:00,男,18岁以下,职场上班族,1000-2000元,比较喜欢,季度1-2次,日常自用,"校园市集,电商店铺",略有耳闻,非常感兴趣,"手工工艺独特,小众不撞款","价格昂贵,适合收藏送礼",非常愿意,支持,"降低价格,加强科普宣传",一定会,"大漆钥匙扣,大件漆艺摆件",简约现代风,完全接受，更有特色,"颜值外观,工艺质感",极高,组合套装礼盒,不喜欢,经典黑金红传统色,随缘,"同学朋友送礼,师生赠礼",略有影响,做工粗糙,20元以内,50-80元,完全愿意,大概率会,随缘,线上店铺,小幅提升,不会复购,工艺制作短视频,"配饰挂件类,礼盒套装类",非常认可，环保创新,希望增加年轻化配色和小件礼盒，方便送礼和收藏。
daqi-answer-1333,2026-08-17T11:36:00+08:00,女,18-22岁,在校学生,1000元以内,一般,每月多次,"送礼纪念,日常自用","短视频平台,电商店铺",完全没听过,比较感兴趣,"非遗文化底蕴,小众不撞款",价格昂贵,愿意,中立,优化款式设计,可能会,"大漆书签,大漆钥匙扣",简约现代风,介意，追求完美品,"价格性价比,实用性",一般,定制专属款,非常喜欢,撞色潮流色系,非常愿意,"节日礼物,纪念收藏",无影响,"价格虚高,华而不实无实用性",20-40元,50元以内,可以接受小幅溢价,看价格款式决定,一定会了解购买,"校园市集,社群团购",反而降低,一定会复购,"高颜值产品实拍图,市集线下体验","文具类,礼盒套装类",比较认可,希望兼顾传统工艺和日常实用性，价格可以分档。
daqi-answer-1334,2026-08-18T12:49:00+08:00,男,18岁以下,职场上班族,1000元以内,非常喜欢,每月1次,"活动奖品,市集/展会随手购买",电商店铺,非常了解,非常感兴趣,非遗文化底蕴,"不适合日常使用,适合收藏送礼",无所谓,强烈支持,"适配日常使用,加强科普宣传",一定会,大漆漆扇,小众艺术轻奢风,完全接受，更有特色,文化寓意,极高,单品简约款,无所谓,经典黑金红传统色,愿意,商务小礼品,会，非常加分,"华而不实无实用性,做工粗糙",20元以内,50-80元,不太接受,一定会买,会驻足了解,"线下实体店,文创展会",大幅提升,不确定,"工艺制作短视频,市集线下体验",文具类,无所谓,建议多做短视频展示制作过程，并在线下市集提供体验。
daqi-answer-1335,2026-08-19T13:02:00+08:00,女,18-22岁,自由职业,2000-3500元,比较喜欢,半年一次,日常自用,"文创展会,短视频平台",完全没听过,非常感兴趣,"色泽质感高级,小众不撞款","价格昂贵,工艺精致",非常愿意,支持,"降低价格,适配日常使用",一定会,"文创套装礼盒,大件漆艺摆件",简约现代风,可以接受,"颜值外观,独特小众性",较高,盲盒款式,非常喜欢,莫兰迪浅色系,随缘,"同学朋友送礼,节日礼物",略有影响,价格虚高,20-40元,80-120元,完全愿意,大概率会,不会关注,线上店铺,无变化,一定会复购,工艺制作短视频,"桌面摆件类,礼盒套装类",非常认可，环保创新,包装可以更精致，同时附上简明的非遗文化说明卡。
daqi-answer-1336,2026-08-20T14:15:00+08:00,男,23-30岁,在校学生,1000元以内,不太喜欢,每月多次,"送礼纪念,市集/展会随手购买","短视频平台,朋友推荐",非常了解,一般,"非遗文化底蕴,国风颜值高",款式老旧,愿意,强烈支持,优化款式设计,不确定,"大漆书签,大漆漆扇",传统国风古风,非常介意,"价格性价比,工艺质感",一般,单品简约款,喜欢,撞色潮流色系,非常愿意,"节日礼物,商务小礼品",会，非常加分,"华而不实无实用性,价格虚高",40-60元,50元以内,可以接受小幅溢价,基本不会,一定会了解购买,"校园市集,线下实体店",大幅提升,可能复购,"非遗文化科普,市集线下体验","文具类,桌面摆件类",比较认可,希望增加年轻化配色和小件礼盒，方便送礼和收藏。
daqi-answer-1337,2026-08-21T15:28:00+08:00,女,18岁以下,职场上班族,1000-2000元,非常喜欢,每月1次,"日常自用,市集/展会随手购买",电商店铺,略有耳闻,非常感兴趣,手工工艺独特,"不适合日常使用,工艺精致",非常愿意,强烈支持,"提升包装质感,加强科普宣传",一定会,大漆钥匙扣,可爱治愈风,完全接受，更有特色,独特小众性,极高,组合套装礼盒,无所谓,经典黑金红传统色,愿意,同学朋友送礼,略有影响,"款式同质化严重,做工粗糙",20元以内,50-80元,完全不接受,一定会买,随缘,"线上店铺,线下实体店",小幅提升,不确定,"工艺制作短视频,非遗文化科普",配饰挂件类,非常认可，环保创新,希望兼顾传统工艺和日常实用性，价格可以分档。
daqi-answer-1338,2026-08-22T16:41:00+08:00,男,18-22岁,个体经营者,3500元以上,比较喜欢,每月多次,日常自用,"短视频平台,电商店铺",非常了解,比较感兴趣,"色泽质感高级,国风颜值高","价格昂贵,不适合日常使用",非常愿意,中立,"降低价格,优化款式设计",可能会,"大漆书签,大件漆艺摆件",简约现代风,介意，追求完美品,"颜值外观,文化寓意",较高,盲盒款式,非常喜欢,莫兰迪浅色系,非常愿意,"节日礼物,同学朋友送礼",无影响,价格虚高,20-40元,120元以上,完全愿意,看价格款式决定,一定会了解购买,线上店铺,无变化,一定会复购,高颜值产品实拍图,"桌面摆件类,配饰挂件类",比较认可,建议多做短视频展示制作过程，并在线下市集提供体验。
daqi-answer-1339,2026-08-23T17:54:00+08:00,女,31-40岁,在校学生,1000元以内,非常喜欢,每月多次,"收藏爱好,市集/展会随手购买","短视频平台,校园市集",略有耳闻,一般,"非遗文化底蕴,色泽质感高级",款式老旧,无所谓,强烈支持,适配日常使用,基本不会,"大漆漆扇,大漆书签",小众艺术轻奢风,完全接受，更有特色,"工艺质感,颜值外观",较低,单品简约款,喜欢,经典黑金红传统色,愿意,"师生赠礼,商务小礼品",会，非常加分,"华而不实无实用性,包装简陋",60元以上,50元以内,不太接受,一定会买,会驻足了解,"文创展会,线下实体店",大幅提升,可能复购,"非遗文化科普,高颜值产品实拍图","文具类,配饰挂件类",无所谓,包装可以更精致，同时附上简明的非遗文化说明卡。
daqi-answer-1340,2026-08-24T18:07:00+08:00,男,18岁以下,职场上班族,2000-3500元,非常喜欢,季度1-2次,"日常自用,活动奖品",校园市集,完全没听过,非常感兴趣,手工工艺独特,"适合收藏送礼,工艺精致",非常愿意,支持,"降低价格,加强科普宣传",一定会,大漆钥匙扣,简约现代风,可以接受,颜值外观,极高,组合套装礼盒,非常喜欢,莫兰迪浅色系,随缘,同学朋友送礼,略有影响,"做工粗糙,款式同质化严重",20元以内,80-120元,完全愿意,大概率会,随缘,"线上店铺,文创展会",小幅提升,一定会复购,"工艺制作短视频,高颜值产品实拍图",配饰挂件类,非常认可，环保创新,希望增加年轻化配色和小件礼盒，方便送礼和收藏。
daqi-answer-1341,2026-08-25T09:20:00+08:00,女,18-22岁,在校学生,1000元以内,一般,每月多次,送礼纪念,"短视频平台,朋友推荐",非常了解,比较感兴趣,"小众不撞款,国风颜值高","价格昂贵,款式老旧",愿意,不支持,"优化款式设计,降低价格",不确定,"大漆书签,大漆钥匙扣",传统国风古风,介意，追求完美品,"价格性价比,工艺质感",较高,单品简约款,喜欢,撞色潮流色系,非常愿意,"节日礼物,纪念收藏",不在意,价格虚高,40-60元,50元以内,可以接受小幅溢价,看价格款式决定,一定会了解购买,校园市集,大幅提升,可能复购,高颜值产品实拍图,"定制专属类,桌面摆件类",比较认可,希望兼顾传统工艺和日常实用性，价格可以分档。
daqi-answer-1342,2026-08-26T10:33:00+08:00,男,18岁以下,在校学生,1000-2000元,非常喜欢,每月1次,"收藏爱好,活动奖品","电商店铺,短视频平台",略有耳闻,毫无兴趣,"非遗文化底蕴,手工工艺独特",不适合日常使用,不愿意,强烈支持,适配日常使用,一定会,"大漆漆扇,文创套装礼盒",小众艺术轻奢风,完全接受，更有特色,"工艺质感,实用性",极高,组合套装礼盒,无所谓,经典黑金红传统色,愿意,"商务小礼品,师生赠礼",会，非常加分,"华而不实无实用性,做工粗糙",20元以内,50-80元,不太接受,一定会买,会驻足了解,"文创展会,校园市集",小幅提升,不确定,"优惠活动福利,非遗文化科普","文具类,定制专属类",不认可,建议多做短视频展示制作过程，并在线下市集提供体验。
daqi-answer-1343,2026-08-27T11:46:00+08:00,男,18岁以下,自由职业,2000-3500元,比较喜欢,季度1-2次,"日常自用,收藏爱好",校园市集,非常了解,非常感兴趣,色泽质感高级,"价格昂贵,工艺精致",非常愿意,中立,"降低价格,适配日常使用",可能会,大件漆艺摆件,简约现代风,可以接受,颜值外观,较高,盲盒款式,非常喜欢,莫兰迪浅色系,不愿意,同学朋友送礼,无影响,"价格虚高,做工粗糙",20-40元,80-120元,完全愿意,大概率会,一定会了解购买,"线上店铺,校园市集",无变化,一定会复购,"工艺制作短视频,优惠活动福利",桌面摆件类,非常认可，环保创新,包装可以更精致，同时附上简明的非遗文化说明卡。
daqi-answer-1344,2026-08-28T12:59:00+08:00,男,23-30岁,在校学生,1000元以内,一般,每月多次,送礼纪念,"短视频平台,校园市集",略有耳闻,一般,"非遗文化底蕴,国风颜值高","款式老旧,价格昂贵",无所谓,强烈支持,"优化款式设计,提升包装质感",不确定,"大漆书签,大漆漆扇",传统国风古风,完全接受，更有特色,"价格性价比,独特小众性",一般,单品简约款,喜欢,自然原木底色,非常愿意,"节日礼物,商务小礼品",会，非常加分,价格虚高,40-60元,50元以内,可以接受小幅溢价,一定会买,会驻足了解,校园市集,大幅提升,可能复购,非遗文化科普,"文具类,桌面摆件类",无所谓,希望增加年轻化配色和小件礼盒，方便送礼和收藏。
daqi-answer-1345,2026-08-01T13:12:00+08:00,男,18岁以下,职场上班族,1000-2000元,非常喜欢,每月1次,"市集/展会随手购买,活动奖品","电商店铺,朋友推荐",非常了解,非常感兴趣,"手工工艺独特,非遗文化底蕴",不适合日常使用,非常愿意,支持,加强科普宣传,一定会,"大漆漆扇,大件漆艺摆件",简约现代风,可以接受,"文化寓意,工艺质感",极高,组合套装礼盒,不喜欢,经典黑金红传统色,随缘,"同学朋友送礼,商务小礼品",略有影响,"款式同质化严重,做工粗糙",20元以内,50-80元,完全愿意,大概率会,随缘,"社群团购,文创展会",小幅提升,不会复购,"工艺制作短视频,非遗文化科普","配饰挂件类,定制专属类",非常认可，环保创新,希望兼顾传统工艺和日常实用性，价格可以分档。
daqi-answer-1346,2026-08-02T14:25:00+08:00,女,18-22岁,自由职业,1000元以内,比较喜欢,几乎不买,"日常自用,送礼纪念",文创展会,非常了解,比较感兴趣,色泽质感高级,"价格昂贵,不适合日常使用",愿意,中立,"降低价格,优化款式设计",可能会,大漆书签,传统国风古风,介意，追求完美品,颜值外观,较高,定制专属款,非常喜欢,撞色潮流色系,非常愿意,同学朋友送礼,无影响,"价格虚高,款式同质化严重",20-40元,50元以内,可以接受小幅溢价,看价格款式决定,一定会了解购买,"线上店铺,社群团购",反而降低,一定会复购,"高颜值产品实拍图,优惠活动福利",桌面摆件类,比较认可,建议多做短视频展示制作过程，并在线下市集提供体验。
daqi-answer-1347,2026-08-03T15:38:00+08:00,男,23-30岁,在校学生,1000元以内,完全不感兴趣,每月多次,收藏爱好,"短视频平台,线下实体店",完全没听过,一般,"非遗文化底蕴,色泽质感高级","款式老旧,适合收藏送礼",无所谓,强烈支持,"优化款式设计,加强科普宣传",一定会,"大漆漆扇,大漆书签",小众艺术轻奢风,完全接受，更有特色,"价格性价比,文化寓意",较低,单品简约款,无所谓,经典黑金红传统色,愿意,"师生赠礼,商务小礼品",会，非常加分,华而不实无实用性,20元以内,50-80元,不太接受,一定会买,会驻足了解,文创展会,大幅提升,不确定,非遗文化科普,"文具类,配饰挂件类",不认可,包装可以更精致，同时附上简明的非遗文化说明卡。
daqi-answer-1348,2026-08-04T16:51:00+08:00,女,18岁以下,职场上班族,2000-3500元,非常喜欢,季度1-2次,"日常自用,活动奖品","电商店铺,校园市集",非常了解,非常感兴趣,"手工工艺独特,小众不撞款",工艺精致,非常愿意,支持,降低价格,可能会,"大漆钥匙扣,大件漆艺摆件",简约现代风,可以接受,"独特小众性,工艺质感",极高,盲盒款式,非常喜欢,莫兰迪浅色系,随缘,"同学朋友送礼,师生赠礼",略有影响,"款式同质化严重,华而不实无实用性",20-40元,80-120元,完全愿意,大概率会,不会关注,"线上店铺,文创展会",无变化,一定会复购,"工艺制作短视频,高颜值产品实拍图","配饰挂件类,礼盒套装类",非常认可，环保创新,希望增加年轻化配色和小件礼盒，方便送礼和收藏。
daqi-answer-1349,2026-08-05T17:04:00+08:00,男,18-22岁,其他,1000元以内,一般,每月多次,"送礼纪念,日常自用",线下实体店,略有耳闻,比较感兴趣,国风颜值高,"价格昂贵,款式老旧",愿意,强烈支持,"优化款式设计,降低价格",不确定,大漆书签,传统国风古风,非常介意,颜值外观,较高,单品简约款,喜欢,撞色潮流色系,非常愿意,节日礼物,会，非常加分,"价格虚高,华而不实无实用性",40-60元,50元以内,可以接受小幅溢价,基本不会,一定会了解购买,"校园市集,社群团购",大幅提升,可能复购,"高颜值产品实拍图,市集线下体验",礼盒套装类,比较认可,希望兼顾传统工艺和日常实用性，价格可以分档。
daqi-answer-1350,2026-08-06T18:17:00+08:00,女,40岁以上,在校学生,1000-2000元,非常喜欢,每月1次,收藏爱好,"短视频平台,文创展会",非常了解,兴趣较低,"非遗文化底蕴,手工工艺独特","款式老旧,工艺精致",非常愿意,支持,"适配日常使用,加强科普宣传",一定会,"大漆漆扇,文创套装礼盒",可爱治愈风,完全接受，更有特色,"工艺质感,价格性价比",极高,组合套装礼盒,无所谓,经典黑金红传统色,愿意,"师生赠礼,节日礼物",略有影响,华而不实无实用性,20元以内,50-80元,完全不接受,一定会买,随缘,文创展会,小幅提升,不会复购,市集线下体验,"文具类,定制专属类",非常认可，环保创新,建议多做短视频展示制作过程，并在线下市集提供体验。
daqi-answer-1351,2026-08-07T09:30:00+08:00,男,18岁以下,自由职业,3500元以上,比较喜欢,季度1-2次,"日常自用,收藏爱好","校园市集,短视频平台",略有耳闻,非常感兴趣,"手工工艺独特,国风颜值高",价格昂贵,愿意,中立,降低价格,可能会,"大件漆艺摆件,大漆钥匙扣",简约现代风,介意，追求完美品,"颜值外观,价格性价比",极高,盲盒款式,非常喜欢,莫兰迪浅色系,非常愿意,"同学朋友送礼,节日礼物",无影响,"包装简陋,款式同质化严重",20-40元,120元以上,完全愿意,看价格款式决定,一定会了解购买,"线上店铺,校园市集",反而降低,一定会复购,"工艺制作短视频,优惠活动福利","配饰挂件类,桌面摆件类",比较认可,包装可以更精致，同时附上简明的非遗文化说明卡。
daqi-answer-1352,2026-08-08T10:43:00+08:00,女,23-30岁,在校学生,1000元以内,一般,每月多次,"送礼纪念,市集/展会随手购买",短视频平台,完全没听过,比较感兴趣,非遗文化底蕴,"款式老旧,价格昂贵",无所谓,强烈支持,"优化款式设计,提升包装质感",基本不会,大漆书签,小众艺术轻奢风,完全接受，更有特色,价格性价比,一般,单品简约款,喜欢,经典黑金红传统色,愿意,节日礼物,会，非常加分,"价格虚高,包装简陋",60元以上,50元以内,不太接受,一定会买,会驻足了解,"校园市集,线下实体店",大幅提升,可能复购,"高颜值产品实拍图,非遗文化科普",文具类,无所谓,希望增加年轻化配色和小件礼盒，方便送礼和收藏。
daqi-answer-1353,2026-08-09T11:56:00+08:00,男,18岁以下,职场上班族,2000-3500元,非常喜欢,每月1次,活动奖品,"电商店铺,校园市集",非常了解,非常感兴趣,"手工工艺独特,非遗文化底蕴","不适合日常使用,工艺精致",非常愿意,支持,"加强科普宣传,适配日常使用",一定会,"大漆漆扇,大件漆艺摆件",简约现代风,可以接受,"工艺质感,独特小众性",极高,组合套装礼盒,非常喜欢,莫兰迪浅色系,随缘,"纪念收藏,师生赠礼",略有影响,款式同质化严重,20元以内,80-120元,完全愿意,大概率会,不会关注,线下实体店,小幅提升,一定会复购,工艺制作短视频,"文具类,礼盒套装类",非常认可，环保创新,希望兼顾传统工艺和日常实用性，价格可以分档。
daqi-answer-1354,2026-08-10T12:09:00+08:00,女,18-22岁,自由职业,1000元以内,比较喜欢,半年一次,"日常自用,送礼纪念","校园市集,朋友推荐",略有耳闻,比较感兴趣,"色泽质感高级,国风颜值高",价格昂贵,愿意,不支持,降低价格,不确定,"大漆书签,大件漆艺摆件",传统国风古风,介意，追求完美品,"颜值外观,实用性",较高,单品简约款,喜欢,撞色潮流色系,非常愿意,"同学朋友送礼,纪念收藏",不在意,"价格虚高,款式同质化严重",40-60元,50元以内,可以接受小幅溢价,基本不会,一定会了解购买,"线上店铺,社群团购",大幅提升,可能复购,"工艺制作短视频,市集线下体验","桌面摆件类,配饰挂件类",比较认可,建议多做短视频展示制作过程，并在线下市集提供体验。
daqi-answer-1355,2026-08-11T13:22:00+08:00,男,23-30岁,在校学生,1000-2000元,不太喜欢,每月多次,"送礼纪念,活动奖品",短视频平台,非常了解,一般,非遗文化底蕴,"款式老旧,适合收藏送礼",不愿意,强烈支持,"优化款式设计,加强科普宣传",一定会,大漆书签,小众艺术轻奢风,完全接受，更有特色,价格性价比,一般,组合套装礼盒,无所谓,经典黑金红传统色,愿意,师生赠礼,会，非常加分,"华而不实无实用性,包装简陋",20元以内,50-80元,完全不接受,一定会买,会驻足了解,"校园市集,文创展会",小幅提升,不确定,"非遗文化科普,高颜值产品实拍图",文具类,非常认可，环保创新,包装可以更精致，同时附上简明的非遗文化说明卡。
daqi-answer-1356,2026-08-12T14:35:00+08:00,女,18岁以下,职场上班族,2000-3500元,非常喜欢,每月1次,日常自用,"电商店铺,线下实体店",略有耳闻,非常感兴趣,"手工工艺独特,小众不撞款","工艺精致,不适合日常使用",非常愿意,中立,"降低价格,加强科普宣传",可能会,"大漆钥匙扣,大件漆艺摆件",简约现代风,可以接受,"文化寓意,实用性",极高,盲盒款式,非常喜欢,莫兰迪浅色系,不愿意,"同学朋友送礼,师生赠礼",无影响,款式同质化严重,20-40元,120元以上,完全愿意,大概率会,一定会了解购买,线上店铺,无变化,一定会复购,工艺制作短视频,"配饰挂件类,礼盒套装类",非常认可，环保创新,希望增加年轻化配色和小件礼盒，方便送礼和收藏。
daqi-answer-1357,2026-08-13T15:48:00+08:00,男,18-22岁,个体经营者,1000元以内,比较喜欢,每月多次,"送礼纪念,日常自用","文创展会,校园市集",非常了解,比较感兴趣,"国风颜值高,色泽质感高级",价格昂贵,无所谓,强烈支持,降低价格,不确定,"大漆书签,大漆钥匙扣",传统国风古风,完全接受，更有特色,"颜值外观,工艺质感",较高,单品简约款,喜欢,自然原木底色,非常愿意,"节日礼物,纪念收藏",会，非常加分,"价格虚高,华而不实无实用性",60元以上,50元以内,可以接受小幅溢价,一定会买,会驻足了解,"线上店铺,线下实体店",大幅提升,可能复购,"高颜值产品实拍图,市集线下体验","礼盒套装类,配饰挂件类",无所谓,希望兼顾传统工艺和日常实用性，价格可以分档。
daqi-answer-1358,2026-08-14T16:01:00+08:00,女,31-40岁,在校学生,1000-2000元,非常喜欢,每月1次,"收藏爱好,活动奖品",短视频平台,非常了解,兴趣较低,非遗文化底蕴,"款式老旧,工艺精致",非常愿意,支持,"适配日常使用,加强科普宣传",一定会,大漆漆扇,简约现代风,可以接受,价格性价比,不看重,组合套装礼盒,不喜欢,经典黑金红传统色,随缘,师生赠礼,略有影响,"华而不实无实用性,做工粗糙",20元以内,50-80元,完全愿意,大概率会,随缘,"文创展会,校园市集",小幅提升,一定会复购,"市集线下体验,高颜值产品实拍图",文具类,非常认可，环保创新,建议多做短视频展示制作过程，并在线下市集提供体验。
daqi-answer-1359,2026-08-15T17:14:00+08:00,男,18岁以下,职场上班族,1000元以内,比较喜欢,季度1-2次,日常自用,"电商店铺,文创展会",完全没听过,非常感兴趣,"手工工艺独特,国风颜值高","价格昂贵,工艺精致",愿意,中立,"降低价格,适配日常使用",可能会,"大漆钥匙扣,大漆漆扇",传统国风古风,介意，追求完美品,"实用性,工艺质感",极高,定制专属款,非常喜欢,撞色潮流色系,非常愿意,"同学朋友送礼,节日礼物",不在意,做工粗糙,20-40元,50元以内,可以接受小幅溢价,看价格款式决定,一定会了解购买,线上店铺,大幅提升,一定会复购,工艺制作短视频,"配饰挂件类,桌面摆件类",比较认可,包装可以更精致，同时附上简明的非遗文化说明卡。
daqi-answer-1360,2026-08-16T18:27:00+08:00,男,18-22岁,在校学生,1000-2000元,一般,每月多次,"送礼纪念,市集/展会随手购买","线下实体店,校园市集",非常了解,比较感兴趣,"非遗文化底蕴,国风颜值高",价格昂贵,无所谓,强烈支持,优化款式设计,一定会,"大漆书签,大漆漆扇",小众艺术轻奢风,完全接受，更有特色,"颜值外观,独特小众性",一般,单品简约款,无所谓,经典黑金红传统色,愿意,"节日礼物,商务小礼品",会，非常加分,"价格虚高,包装简陋",20元以内,50-80元,不太接受,一定会买,会驻足了解,"校园市集,线下实体店",大幅提升,不确定,"高颜值产品实拍图,非遗文化科普","文具类,桌面摆件类",不认可,希望增加年轻化配色和小件礼盒，方便送礼和收藏。
daqi-answer-1361,2026-08-17T09:40:00+08:00,男,18岁以下,职场上班族,2000-3500元,非常喜欢,每月1次,"活动奖品,收藏爱好",短视频平台,略有耳闻,非常感兴趣,非遗文化底蕴,"不适合日常使用,工艺精致",非常愿意,支持,"适配日常使用,优化款式设计",可能会,大漆漆扇,简约现代风,可以接受,工艺质感,极高,盲盒款式,非常喜欢,莫兰迪浅色系,不愿意,商务小礼品,略有影响,"华而不实无实用性,款式同质化严重",20-40元,80-120元,完全愿意,大概率会,一定会了解购买,"线下实体店,校园市集",无变化,一定会复购,"工艺制作短视频,非遗文化科普",文具类,非常认可，环保创新,希望兼顾传统工艺和日常实用性，价格可以分档。
daqi-answer-1362,2026-08-18T10:53:00+08:00,男,18-22岁,自由职业,1000元以内,比较喜欢,半年一次,日常自用,"校园市集,电商店铺",非常了解,非常感兴趣,"色泽质感高级,国风颜值高","价格昂贵,不适合日常使用",愿意,强烈支持,"降低价格,优化款式设计",不确定,"文创套装礼盒,大漆钥匙扣",传统国风古风,非常介意,"颜值外观,工艺质感",较高,单品简约款,喜欢,自然原木底色,非常愿意,"同学朋友送礼,纪念收藏",会，非常加分,价格虚高,40-60元,50元以内,可以接受小幅溢价,一定会买,一定会了解购买,线上店铺,大幅提升,可能复购,工艺制作短视频,"桌面摆件类,配饰挂件类",比较认可,建议多做短视频展示制作过程，并在线下市集提供体验。
daqi-answer-1363,2026-08-19T11:06:00+08:00,女,23-30岁,在校学生,1000-2000元,不太喜欢,每月多次,"送礼纪念,活动奖品","短视频平台,电商店铺",略有耳闻,一般,"非遗文化底蕴,色泽质感高级",款式老旧,非常愿意,支持,优化款式设计,一定会,"大漆书签,文创套装礼盒",可爱治愈风,完全接受，更有特色,"价格性价比,实用性",一般,组合套装礼盒,不喜欢,经典黑金红传统色,愿意,"节日礼物,师生赠礼",略有影响,"价格虚高,做工粗糙",20元以内,50-80元,完全愿意,一定会买,随缘,"校园市集,文创展会",小幅提升,不会复购,"非遗文化科普,高颜值产品实拍图","文具类,配饰挂件类",非常认可，环保创新,包装可以更精致，同时附上简明的非遗文化说明卡。
daqi-answer-1364,2026-08-20T12:19:00+08:00,男,18岁以下,职场上班族,3500元以上,非常喜欢,每月1次,"日常自用,活动奖品",电商店铺,完全没听过,非常感兴趣,手工工艺独特,"不适合日常使用,款式老旧",愿意,中立,"提升包装质感,适配日常使用",可能会,大漆钥匙扣,简约现代风,介意，追求完美品,工艺质感,极高,定制专属款,非常喜欢,莫兰迪浅色系,非常愿意,同学朋友送礼,无影响,"款式同质化严重,华而不实无实用性",20-40元,50元以内,完全愿意,看价格款式决定,一定会了解购买,"线上店铺,文创展会",反而降低,一定会复购,"工艺制作短视频,高颜值产品实拍图",配饰挂件类,比较认可,希望增加年轻化配色和小件礼盒，方便送礼和收藏。
daqi-answer-1365,2026-08-21T13:32:00+08:00,女,18-22岁,个体经营者,1000元以内,比较喜欢,每月多次,日常自用,"校园市集,线下实体店",非常了解,比较感兴趣,"色泽质感高级,手工工艺独特","价格昂贵,款式老旧",无所谓,强烈支持,"降低价格,提升包装质感",基本不会,"大漆书签,大漆钥匙扣",小众艺术轻奢风,完全接受，更有特色,"颜值外观,独特小众性",较高,单品简约款,喜欢,经典黑金红传统色,愿意,"同学朋友送礼,商务小礼品",会，非常加分,价格虚高,20元以内,50元以内,不太接受,一定会买,会驻足了解,线上店铺,大幅提升,可能复购,高颜值产品实拍图,"桌面摆件类,文具类",无所谓,希望兼顾传统工艺和日常实用性，价格可以分档。
daqi-answer-1366,2026-08-22T14:45:00+08:00,男,31-40岁,在校学生,2000-3500元,非常喜欢,每月多次,"收藏爱好,活动奖品","短视频平台,朋友推荐",完全没听过,一般,"非遗文化底蕴,手工工艺独特",款式老旧,非常愿意,支持,适配日常使用,一定会,"大漆漆扇,文创套装礼盒",简约现代风,可以接受,"价格性价比,工艺质感",较低,组合套装礼盒,非常喜欢,莫兰迪浅色系,随缘,"师生赠礼,节日礼物",略有影响,"华而不实无实用性,做工粗糙",20元以内,80-120元,完全愿意,大概率会,不会关注,"文创展会,校园市集",小幅提升,一定会复购,"非遗文化科普,工艺制作短视频","文具类,定制专属类",非常认可，环保创新,建议多做短视频展示制作过程，并在线下市集提供体验。
daqi-answer-1367,2026-08-23T15:58:00+08:00,女,18岁以下,职场上班族,1000元以内,非常喜欢,季度1-2次,"日常自用,收藏爱好",电商店铺,非常了解,非常感兴趣,手工工艺独特,"适合收藏送礼,不适合日常使用",愿意,不支持,"降低价格,适配日常使用",不确定,大漆钥匙扣,传统国风古风,非常介意,文化寓意,极高,单品简约款,喜欢,撞色潮流色系,非常愿意,同学朋友送礼,会，非常加分,"做工粗糙,华而不实无实用性",40-60元,50元以内,可以接受小幅溢价,基本不会,一定会了解购买,"线上店铺,校园市集",大幅提升,可能复购,"工艺制作短视频,优惠活动福利",配饰挂件类,比较认可,包装可以更精致，同时附上简明的非遗文化说明卡。
daqi-answer-1368,2026-08-24T16:11:00+08:00,男,18-22岁,在校学生,1000-2000元,一般,每月多次,送礼纪念,"文创展会,朋友推荐",略有耳闻,比较感兴趣,"小众不撞款,色泽质感高级","价格昂贵,适合收藏送礼",不愿意,强烈支持,"优化款式设计,提升包装质感",一定会,"大漆书签,大漆漆扇",可爱治愈风,完全接受，更有特色,"颜值外观,文化寓意",较高,组合套装礼盒,无所谓,经典黑金红传统色,愿意,"节日礼物,商务小礼品",会，非常加分,价格虚高,20元以内,50-80元,完全不接受,一定会买,会驻足了解,校园市集,小幅提升,不确定,高颜值产品实拍图,"定制专属类,配饰挂件类",非常认可，环保创新,希望增加年轻化配色和小件礼盒，方便送礼和收藏。
daqi-answer-1369,2026-08-25T17:24:00+08:00,女,18岁以下,在校学生,2000-3500元,非常喜欢,每月1次,"收藏爱好,送礼纪念","短视频平台,校园市集",非常了解,毫无兴趣,"非遗文化底蕴,小众不撞款",不适合日常使用,非常愿意,中立,适配日常使用,可能会,"大漆漆扇,大件漆艺摆件",简约现代风,可以接受,"价格性价比,独特小众性",极高,盲盒款式,非常喜欢,莫兰迪浅色系,非常愿意,"商务小礼品,节日礼物",无影响,"华而不实无实用性,款式同质化严重",20-40元,120元以上,完全愿意,大概率会,一定会了解购买,"文创展会,线上店铺",无变化,一定会复购,"优惠活动福利,高颜值产品实拍图","文具类,礼盒套装类",非常认可，环保创新,希望兼顾传统工艺和日常实用性，价格可以分档。
daqi-answer-1370,2026-08-26T18:37:00+08:00,男,18岁以下,自由职业,1000元以内,比较喜欢,季度1-2次,"日常自用,送礼纪念",电商店铺,略有耳闻,非常感兴趣,色泽质感高级,"价格昂贵,不适合日常使用",无所谓,强烈支持,"降低价格,优化款式设计",基本不会,大件漆艺摆件,传统国风古风,完全接受，更有特色,实用性,极高,单品简约款,喜欢,经典黑金红传统色,非常愿意,同学朋友送礼,会，非常加分,"价格虚高,款式同质化严重",60元以上,50元以内,可以接受小幅溢价,一定会买,会驻足了解,"线上店铺,社群团购",大幅提升,可能复购,"工艺制作短视频,市集线下体验",桌面摆件类,无所谓,建议多做短视频展示制作过程，并在线下市集提供体验。
daqi-answer-1371,2026-08-27T09:50:00+08:00,女,23-30岁,在校学生,1000-2000元,一般,每月多次,送礼纪念,"朋友推荐,校园市集",完全没听过,一般,"非遗文化底蕴,色泽质感高级","款式老旧,适合收藏送礼",非常愿意,支持,"优化款式设计,加强科普宣传",一定会,"大漆书签,文创套装礼盒",简约现代风,可以接受,"颜值外观,价格性价比",一般,组合套装礼盒,非常喜欢,经典黑金红传统色,随缘,"节日礼物,师生赠礼",略有影响,价格虚高,20元以内,50-80元,完全愿意,大概率会,随缘,校园市集,小幅提升,一定会复购,非遗文化科普,"文具类,配饰挂件类",非常认可，环保创新,包装可以更精致，同时附上简明的非遗文化说明卡。
daqi-answer-1372,2026-08-28T10:03:00+08:00,男,18岁以下,职场上班族,1000元以内,非常喜欢,每月1次,"市集/展会随手购买,收藏爱好","短视频平台,线下实体店",非常了解,非常感兴趣,"手工工艺独特,小众不撞款",不适合日常使用,愿意,不支持,加强科普宣传,可能会,"大漆漆扇,大漆钥匙扣",传统国风古风,介意，追求完美品,"工艺质感,实用性",极高,单品简约款,非常喜欢,撞色潮流色系,非常愿意,"同学朋友送礼,师生赠礼",不在意,"款式同质化严重,华而不实无实用性",20-40元,50元以内,可以接受小幅溢价,看价格款式决定,一定会了解购买,"社群团购,校园市集",大幅提升,一定会复购,"工艺制作短视频,高颜值产品实拍图","配饰挂件类,礼盒套装类",比较认可,希望增加年轻化配色和小件礼盒，方便送礼和收藏。
daqi-answer-1373,2026-08-01T11:16:00+08:00,女,18-22岁,自由职业,1000-2000元,比较喜欢,几乎不买,"日常自用,市集/展会随手购买",校园市集,略有耳闻,比较感兴趣,色泽质感高级,"价格昂贵,款式老旧",不愿意,强烈支持,"降低价格,提升包装质感",一定会,大漆书签,小众艺术轻奢风,完全接受，更有特色,颜值外观,较高,单品简约款,无所谓,经典黑金红传统色,愿意,同学朋友送礼,会，非常加分,"价格虚高,华而不实无实用性",20元以内,50-80元,不太接受,一定会买,会驻足了解,"线上店铺,线下实体店",大幅提升,不确定,"高颜值产品实拍图,市集线下体验",桌面摆件类,不认可,希望兼顾传统工艺和日常实用性，价格可以分档。
daqi-answer-1374,2026-08-02T12:29:00+08:00,男,23-30岁,在校学生,2000-3500元,完全不感兴趣,每月多次,收藏爱好,"短视频平台,校园市集",非常了解,一般,"非遗文化底蕴,手工工艺独特","款式老旧,工艺精致",非常愿意,支持,"优化款式设计,适配日常使用",可能会,"大漆书签,大件漆艺摆件",简约现代风,可以接受,"价格性价比,独特小众性",较低,盲盒款式,非常喜欢,莫兰迪浅色系,不愿意,"师生赠礼,节日礼物",略有影响,华而不实无实用性,20-40元,80-120元,完全愿意,大概率会,一定会了解购买,文创展会,无变化,一定会复购,非遗文化科普,"文具类,定制专属类",非常认可，环保创新,建议多做短视频展示制作过程，并在线下市集提供体验。
daqi-answer-1375,2026-08-03T13:42:00+08:00,女,18岁以下,职场上班族,1000元以内,非常喜欢,季度1-2次,"日常自用,收藏爱好","电商店铺,朋友推荐",略有耳闻,非常感兴趣,"手工工艺独特,国风颜值高",工艺精致,愿意,强烈支持,降低价格,不确定,"大漆钥匙扣,大漆漆扇",传统国风古风,完全接受，更有特色,"工艺质感,价格性价比",极高,单品简约款,喜欢,自然原木底色,非常愿意,"同学朋友送礼,节日礼物",会，非常加分,"款式同质化严重,价格虚高",40-60元,50元以内,可以接受小幅溢价,一定会买,一定会了解购买,"线上店铺,校园市集",大幅提升,可能复购,"工艺制作短视频,优惠活动福利","配饰挂件类,桌面摆件类",比较认可,包装可以更精致，同时附上简明的非遗文化说明卡。
daqi-answer-1376,2026-08-04T14:55:00+08:00,男,18-22岁,其他,1000-2000元,一般,每月多次,"送礼纪念,市集/展会随手购买",校园市集,非常了解,比较感兴趣,国风颜值高,"价格昂贵,适合收藏送礼",非常愿意,支持,"降低价格,加强科普宣传",一定会,大漆书签,简约现代风,完全接受，更有特色,颜值外观,较高,组合套装礼盒,不喜欢,经典黑金红传统色,愿意,节日礼物,略有影响,"价格虚高,包装简陋",20元以内,50-80元,完全愿意,一定会买,随缘,"校园市集,线下实体店",小幅提升,不会复购,"高颜值产品实拍图,非遗文化科普",礼盒套装类,非常认可，环保创新,希望增加年轻化配色和小件礼盒，方便送礼和收藏。
daqi-answer-1377,2026-08-05T15:08:00+08:00,男,40岁以上,在校学生,3500元以上,非常喜欢,每月1次,收藏爱好,"短视频平台,线下实体店",非常了解,兴趣较低,"非遗文化底蕴,小众不撞款","款式老旧,不适合日常使用",愿意,中立,"适配日常使用,优化款式设计",可能会,"大漆漆扇,大件漆艺摆件",简约现代风,介意，追求完美品,"价格性价比,文化寓意",极高,定制专属款,非常喜欢,莫兰迪浅色系,非常愿意,"师生赠礼,同学朋友送礼",无影响,华而不实无实用性,20-40元,50元以内,完全愿意,看价格款式决定,一定会了解购买,文创展会,反而降低,一定会复购,市集线下体验,"文具类,礼盒套装类",比较认可,希望兼顾传统工艺和日常实用性，价格可以分档。
daqi-answer-1378,2026-08-06T16:21:00+08:00,男,18岁以下,自由职业,1000元以内,比较喜欢,季度1-2次,"日常自用,送礼纪念","电商店铺,校园市集",完全没听过,非常感兴趣,"手工工艺独特,色泽质感高级",价格昂贵,无所谓,强烈支持,降低价格,一定会,"大件漆艺摆件,大漆漆扇",小众艺术轻奢风,完全接受，更有特色,"文化寓意,颜值外观",极高,单品简约款,喜欢,经典黑金红传统色,愿意,"同学朋友送礼,纪念收藏",会，非常加分,"包装简陋,华而不实无实用性",20元以内,50元以内,不太接受,一定会买,会驻足了解,"线上店铺,社群团购",大幅提升,可能复购,"工艺制作短视频,市集线下体验","配饰挂件类,文具类",无所谓,建议多做短视频展示制作过程，并在线下市集提供体验。
daqi-answer-1379,2026-08-07T17:34:00+08:00,男,23-30岁,在校学生,2000-3500元,一般,每月多次,"送礼纪念,活动奖品",文创展会,非常了解,比较感兴趣,非遗文化底蕴,"价格昂贵,工艺精致",非常愿意,支持,"优化款式设计,加强科普宣传",一定会,大漆书签,简约现代风,可以接受,颜值外观,一般,组合套装礼盒,非常喜欢,莫兰迪浅色系,随缘,节日礼物,略有影响,"价格虚高,做工粗糙",20元以内,80-120元,完全愿意,大概率会,不会关注,"校园市集,文创展会",小幅提升,一定会复购,"高颜值产品实拍图,工艺制作短视频",文具类,非常认可，环保创新,包装可以更精致，同时附上简明的非遗文化说明卡。
daqi-answer-1380,2026-08-08T18:47:00+08:00,男,18岁以下,职场上班族,1000元以内,非常喜欢,每月1次,活动奖品,"短视频平台,文创展会",略有耳闻,非常感兴趣,"非遗文化底蕴,国风颜值高","不适合日常使用,款式老旧",愿意,强烈支持,"加强科普宣传,优化款式设计",不确定,"大漆漆扇,大漆钥匙扣",传统国风古风,非常介意,"价格性价比,颜值外观",极高,单品简约款,喜欢,撞色潮流色系,非常愿意,"纪念收藏,节日礼物",会，非常加分,款式同质化严重,40-60元,50元以内,可以接受小幅溢价,基本不会,一定会了解购买,线下实体店,大幅提升,可能复购,工艺制作短视频,"文具类,桌面摆件类",比较认可,希望增加年轻化配色和小件礼盒，方便送礼和收藏。
daqi-answer-1381,2026-08-09T09:00:00+08:00,男,18-22岁,自由职业,1000-2000元,比较喜欢,半年一次,"日常自用,市集/展会随手购买","电商店铺,线下实体店",非常了解,非常感兴趣,"色泽质感高级,手工工艺独特",价格昂贵,非常愿意,强烈支持,降低价格,一定会,"大漆书签,大漆钥匙扣",可爱治愈风,完全接受，更有特色,"实用性,独特小众性",较高,组合套装礼盒,无所谓,经典黑金红传统色,愿意,"同学朋友送礼,商务小礼品",会，非常加分,"价格虚高,华而不实无实用性",20元以内,50-80元,完全不接受,一定会买,会驻足了解,"线上店铺,线下实体店",小幅提升,不确定,"工艺制作短视频,非遗文化科普","桌面摆件类,文具类",非常认可，环保创新,希望兼顾传统工艺和日常实用性，价格可以分档。
daqi-answer-1382,2026-08-10T10:13:00+08:00,女,23-30岁,在校学生,3500元以上,不太喜欢,每月多次,"送礼纪念,收藏爱好",朋友推荐,略有耳闻,一般,非遗文化底蕴,"款式老旧,工艺精致",非常愿意,中立,"优化款式设计,适配日常使用",可能会,大漆书签,简约现代风,可以接受,颜值外观,一般,盲盒款式,非常喜欢,莫兰迪浅色系,非常愿意,师生赠礼,无影响,"华而不实无实用性,做工粗糙",20-40元,120元以上,完全愿意,大概率会,一定会了解购买,"校园市集,线上店铺",无变化,一定会复购,"非遗文化科普,工艺制作短视频",文具类,非常认可，环保创新,建议多做短视频展示制作过程，并在线下市集提供体验。
daqi-answer-1383,2026-08-11T11:26:00+08:00,男,18岁以下,职场上班族,1000元以内,非常喜欢,每月1次,日常自用,"短视频平台,电商店铺",完全没听过,非常感兴趣,"手工工艺独特,国风颜值高","工艺精致,款式老旧",无所谓,强烈支持,"降低价格,适配日常使用",基本不会,"大漆钥匙扣,大漆漆扇",传统国风古风,完全接受，更有特色,"价格性价比,实用性",极高,单品简约款,喜欢,经典黑金红传统色,非常愿意,"同学朋友送礼,节日礼物",会，非常加分,款式同质化严重,60元以上,50元以内,可以接受小幅溢价,一定会买,会驻足了解,线上店铺,大幅提升,可能复购,工艺制作短视频,"配饰挂件类,桌面摆件类",无所谓,包装可以更精致，同时附上简明的非遗文化说明卡。
daqi-answer-1384,2026-08-12T12:39:00+08:00,女,18-22岁,个体经营者,1000-2000元,比较喜欢,每月多次,"日常自用,活动奖品","校园市集,朋友推荐",非常了解,比较感兴趣,"国风颜值高,手工工艺独特",价格昂贵,非常愿意,支持,降低价格,一定会,"大漆书签,大漆漆扇",简约现代风,可以接受,"颜值外观,实用性",较高,组合套装礼盒,非常喜欢,经典黑金红传统色,随缘,"节日礼物,商务小礼品",略有影响,"价格虚高,包装简陋",20元以内,50-80元,完全愿意,大概率会,随缘,"线上店铺,文创展会",小幅提升,一定会复购,"高颜值产品实拍图,非遗文化科普","礼盒套装类,文具类",非常认可，环保创新,希望增加年轻化配色和小件礼盒，方便送礼和收藏。
daqi-answer-1385,2026-08-13T13:52:00+08:00,男,31-40岁,在校学生,1000元以内,非常喜欢,每月多次,"收藏爱好,送礼纪念",短视频平台,完全没听过,兴趣较低,非遗文化底蕴,"款式老旧,不适合日常使用",愿意,不支持,"适配日常使用,优化款式设计",可能会,大漆漆扇,传统国风古风,介意，追求完美品,颜值外观,不看重,单品简约款,非常喜欢,撞色潮流色系,非常愿意,师生赠礼,不在意,"华而不实无实用性,款式同质化严重",20-40元,50元以内,可以接受小幅溢价,看价格款式决定,一定会了解购买,"文创展会,线上店铺",大幅提升,一定会复购,"市集线下体验,工艺制作短视频",文具类,比较认可,希望兼顾传统工艺和日常实用性，价格可以分档。
daqi-answer-1386,2026-08-14T14:05:00+08:00,女,18岁以下,职场上班族,1000-2000元,非常喜欢,季度1-2次,日常自用,"电商店铺,线下实体店",非常了解,非常感兴趣,"手工工艺独特,色泽质感高级","价格昂贵,不适合日常使用",不愿意,强烈支持,"降低价格,优化款式设计",一定会,"大漆钥匙扣,大漆书签",小众艺术轻奢风,完全接受，更有特色,"工艺质感,文化寓意",极高,单品简约款,无所谓,经典黑金红传统色,愿意,"同学朋友送礼,纪念收藏",会，非常加分,做工粗糙,20元以内,50-80元,不太接受,一定会买,会驻足了解,线上店铺,大幅提升,不确定,工艺制作短视频,"配饰挂件类,文具类",不认可,建议多做短视频展示制作过程，并在线下市集提供体验。
daqi-answer-1387,2026-08-15T15:18:00+08:00,男,18-22岁,在校学生,2000-3500元,一般,每月多次,"送礼纪念,活动奖品","校园市集,电商店铺",略有耳闻,比较感兴趣,"非遗文化底蕴,色泽质感高级",价格昂贵,非常愿意,支持,优化款式设计,可能会,"大漆书签,文创套装礼盒",简约现代风,可以接受,"颜值外观,工艺质感",一般,盲盒款式,非常喜欢,莫兰迪浅色系,不愿意,"节日礼物,师生赠礼",略有影响,"价格虚高,做工粗糙",20-40元,80-120元,完全愿意,大概率会,一定会了解购买,"校园市集,文创展会",无变化,一定会复购,"高颜值产品实拍图,工艺制作短视频","定制专属类,文具类",非常认可，环保创新,包装可以更精致，同时附上简明的非遗文化说明卡。
daqi-answer-1388,2026-08-16T16:31:00+08:00,女,18岁以下,在校学生,1000元以内,非常喜欢,每月1次,"活动奖品,送礼纪念",短视频平台,非常了解,非常感兴趣,非遗文化底蕴,"不适合日常使用,款式老旧",愿意,强烈支持,"适配日常使用,降低价格",不确定,大漆漆扇,传统国风古风,完全接受，更有特色,价格性价比,极高,单品简约款,喜欢,自然原木底色,非常愿意,商务小礼品,会，非常加分,"华而不实无实用性,价格虚高",40-60元,50元以内,可以接受小幅溢价,一定会买,一定会了解购买,"线下实体店,线上店铺",大幅提升,可能复购,"优惠活动福利,工艺制作短视频",文具类,比较认可,希望增加年轻化配色和小件礼盒，方便送礼和收藏。
daqi-answer-1389,2026-08-17T17:44:00+08:00,男,18岁以下,自由职业,1000-2000元,比较喜欢,半年一次,日常自用,"电商店铺,文创展会",略有耳闻,非常感兴趣,"色泽质感高级,手工工艺独特","价格昂贵,款式老旧",非常愿意,支持,"降低价格,提升包装质感",一定会,"文创套装礼盒,大漆漆扇",简约现代风,完全接受，更有特色,"工艺质感,颜值外观",较高,组合套装礼盒,不喜欢,经典黑金红传统色,愿意,"同学朋友送礼,商务小礼品",略有影响,价格虚高,20元以内,50-80元,完全愿意,一定会买,随缘,线上店铺,小幅提升,不会复购,工艺制作短视频,"桌面摆件类,文具类",非常认可，环保创新,希望兼顾传统工艺和日常实用性，价格可以分档。
daqi-answer-1390,2026-08-18T18:57:00+08:00,女,23-30岁,在校学生,1000元以内,不太喜欢,每月多次,"送礼纪念,收藏爱好","文创展会,短视频平台",完全没听过,一般,"非遗文化底蕴,手工工艺独特",款式老旧,愿意,中立,优化款式设计,可能会,"大漆书签,大件漆艺摆件",简约现代风,介意，追求完美品,"颜值外观,独特小众性",一般,定制专属款,非常喜欢,莫兰迪浅色系,非常愿意,"节日礼物,同学朋友送礼",无影响,"价格虚高,款式同质化严重",20-40元,50元以内,完全愿意,看价格款式决定,一定会了解购买,"校园市集,线上店铺",反而降低,一定会复购,"非遗文化科普,工艺制作短视频","文具类,定制专属类",比较认可,建议多做短视频展示制作过程，并在线下市集提供体验。
daqi-answer-1391,2026-08-19T09:10:00+08:00,男,18岁以下,职场上班族,1000元以内,非常喜欢,每月1次,"日常自用,收藏爱好",短视频平台,非常了解,非常感兴趣,手工工艺独特,"不适合日常使用,价格昂贵",无所谓,强烈支持,"提升包装质感,优化款式设计",一定会,大漆钥匙扣,小众艺术轻奢风,完全接受，更有特色,价格性价比,极高,单品简约款,喜欢,经典黑金红传统色,愿意,同学朋友送礼,会，非常加分,"款式同质化严重,价格虚高",20元以内,50元以内,不太接受,一定会买,会驻足了解,"社群团购,线上店铺",大幅提升,可能复购,"工艺制作短视频,优惠活动福利",配饰挂件类,无所谓,包装可以更精致，同时附上简明的非遗文化说明卡。
daqi-answer-1392,2026-08-20T10:23:00+08:00,女,18-22岁,个体经营者,2000-3500元,比较喜欢,每月多次,日常自用,"电商店铺,短视频平台",略有耳闻,比较感兴趣,"色泽质感高级,非遗文化底蕴","价格昂贵,适合收藏送礼",非常愿意,支持,"降低价格,加强科普宣传",一定会,"大漆书签,大漆漆扇",简约现代风,可以接受,"实用性,颜值外观",较高,组合套装礼盒,非常喜欢,莫兰迪浅色系,随缘,"同学朋友送礼,师生赠礼",略有影响,价格虚高,20元以内,80-120元,完全愿意,大概率会,不会关注,线上店铺,小幅提升,一定会复购,高颜值产品实拍图,"桌面摆件类,定制专属类",非常认可，环保创新,希望增加年轻化配色和小件礼盒，方便送礼和收藏。
daqi-answer-1393,2026-08-21T11:36:00+08:00,男,31-40岁,在校学生,1000元以内,非常喜欢,每月多次,"收藏爱好,送礼纪念","朋友推荐,线下实体店",非常了解,一般,"非遗文化底蕴,小众不撞款",款式老旧,愿意,强烈支持,适配日常使用,不确定,"大漆漆扇,大件漆艺摆件",传统国风古风,非常介意,"颜值外观,文化寓意",较低,单品简约款,喜欢,撞色潮流色系,非常愿意,"师生赠礼,同学朋友送礼",会，非常加分,"华而不实无实用性,款式同质化严重",40-60元,50元以内,可以接受小幅溢价,基本不会,一定会了解购买,"文创展会,线上店铺",大幅提升,可能复购,"非遗文化科普,优惠活动福利","文具类,礼盒套装类",比较认可,希望兼顾传统工艺和日常实用性，价格可以分档。
daqi-answer-1394,2026-08-22T12:49:00+08:00,女,18岁以下,职场上班族,1000-2000元,非常喜欢,季度1-2次,"日常自用,送礼纪念",短视频平台,略有耳闻,非常感兴趣,手工工艺独特,"适合收藏送礼,款式老旧",非常愿意,强烈支持,"降低价格,优化款式设计",一定会,大漆钥匙扣,可爱治愈风,完全接受，更有特色,价格性价比,极高,组合套装礼盒,无所谓,经典黑金红传统色,愿意,同学朋友送礼,会，非常加分,"做工粗糙,价格虚高",20元以内,50-80元,完全不接受,一定会买,会驻足了解,"线上店铺,社群团购",小幅提升,不确定,"工艺制作短视频,市集线下体验",配饰挂件类,非常认可，环保创新,建议多做短视频展示制作过程，并在线下市集提供体验。
daqi-answer-1395,2026-08-23T13:02:00+08:00,男,18-22岁,在校学生,3500元以上,一般,每月多次,送礼纪念,"电商店铺,朋友推荐",非常了解,比较感兴趣,"小众不撞款,手工工艺独特","价格昂贵,工艺精致",非常愿意,中立,"优化款式设计,加强科普宣传",可能会,"大漆书签,文创套装礼盒",简约现代风,可以接受,"颜值外观,独特小众性",较高,盲盒款式,非常喜欢,莫兰迪浅色系,非常愿意,"节日礼物,师生赠礼",无影响,价格虚高,20-40元,120元以上,完全愿意,大概率会,一定会了解购买,校园市集,无变化,一定会复购,高颜值产品实拍图,"礼盒套装类,定制专属类",非常认可，环保创新,包装可以更精致，同时附上简明的非遗文化说明卡。
daqi-answer-1396,2026-08-24T14:15:00+08:00,男,18岁以下,在校学生,1000元以内,非常喜欢,每月1次,"收藏爱好,日常自用","短视频平台,朋友推荐",非常了解,毫无兴趣,"非遗文化底蕴,国风颜值高",不适合日常使用,无所谓,强烈支持,适配日常使用,基本不会,"大漆漆扇,大漆钥匙扣",传统国风古风,完全接受，更有特色,"颜值外观,价格性价比",极高,单品简约款,喜欢,经典黑金红传统色,非常愿意,"商务小礼品,同学朋友送礼",会，非常加分,"华而不实无实用性,价格虚高",60元以上,50元以内,可以接受小幅溢价,一定会买,会驻足了解,"文创展会,社群团购",大幅提升,可能复购,"市集线下体验,优惠活动福利","文具类,桌面摆件类",无所谓,希望增加年轻化配色和小件礼盒，方便送礼和收藏。
daqi-answer-1397,2026-08-25T15:28:00+08:00,男,18岁以下,自由职业,1000-2000元,比较喜欢,季度1-2次,"日常自用,市集/展会随手购买",短视频平台,完全没听过,非常感兴趣,色泽质感高级,"价格昂贵,款式老旧",非常愿意,支持,"降低价格,提升包装质感",一定会,大件漆艺摆件,简约现代风,可以接受,工艺质感,极高,组合套装礼盒,非常喜欢,经典黑金红传统色,随缘,同学朋友送礼,略有影响,"包装简陋,价格虚高",20元以内,50-80元,完全愿意,大概率会,随缘,"线上店铺,线下实体店",小幅提升,一定会复购,"工艺制作短视频,非遗文化科普",配饰挂件类,非常认可，环保创新,希望兼顾传统工艺和日常实用性，价格可以分档。
daqi-answer-1398,2026-08-26T16:41:00+08:00,男,23-30岁,在校学生,1000元以内,一般,每月多次,送礼纪念,"校园市集,文创展会",非常了解,一般,"非遗文化底蕴,手工工艺独特","款式老旧,工艺精致",愿意,不支持,"优化款式设计,适配日常使用",可能会,"大漆书签,大件漆艺摆件",传统国风古风,介意，追求完美品,"颜值外观,文化寓意",一般,单品简约款,非常喜欢,撞色潮流色系,非常愿意,"节日礼物,同学朋友送礼",不在意,价格虚高,20-40元,50元以内,可以接受小幅溢价,看价格款式决定,一定会了解购买,校园市集,大幅提升,一定会复购,高颜值产品实拍图,"文具类,定制专属类",比较认可,建议多做短视频展示制作过程，并在线下市集提供体验。
daqi-answer-1399,2026-08-27T17:54:00+08:00,女,18岁以下,职场上班族,1000-2000元,非常喜欢,每月1次,"市集/展会随手购买,送礼纪念","短视频平台,校园市集",略有耳闻,非常感兴趣,"手工工艺独特,国风颜值高",不适合日常使用,不愿意,强烈支持,加强科普宣传,一定会,"大漆漆扇,大漆书签",小众艺术轻奢风,完全接受，更有特色,"价格性价比,独特小众性",极高,单品简约款,无所谓,经典黑金红传统色,愿意,"纪念收藏,同学朋友送礼",会，非常加分,"款式同质化严重,价格虚高",20元以内,50-80元,不太接受,一定会买,会驻足了解,"线下实体店,社群团购",大幅提升,不确定,"工艺制作短视频,优惠活动福利","配饰挂件类,桌面摆件类",不认可,包装可以更精致，同时附上简明的非遗文化说明卡。
daqi-answer-1400,2026-08-28T18:07:00+08:00,男,18-22岁,自由职业,2000-3500元,比较喜欢,几乎不买,"日常自用,活动奖品",电商店铺,非常了解,比较感兴趣,色泽质感高级,"价格昂贵,适合收藏送礼",非常愿意,支持,"降低价格,加强科普宣传",可能会,大漆书签,简约现代风,可以接受,工艺质感,较高,盲盒款式,非常喜欢,莫兰迪浅色系,不愿意,同学朋友送礼,略有影响,"价格虚高,包装简陋",20-40元,80-120元,完全愿意,大概率会,一定会了解购买,"线上店铺,文创展会",无变化,一定会复购,"高颜值产品实拍图,非遗文化科普",桌面摆件类,非常认可，环保创新,希望增加年轻化配色和小件礼盒，方便送礼和收藏。
daqi-answer-1401,2026-08-01T09:20:00+08:00,女,23-30岁,在校学生,1000元以内,完全不感兴趣,每月多次,收藏爱好,"校园市集,短视频平台",略有耳闻,一般,"非遗文化底蕴,小众不撞款","款式老旧,不适合日常使用",愿意,强烈支持,"优化款式设计,降低价格",不确定,"大漆书签,大漆钥匙扣",传统国风古风,完全接受，更有特色,"颜值外观,价格性价比",较低,单品简约款,喜欢,自然原木底色,非常愿意,"师生赠礼,同学朋友送礼",会，非常加分,华而不实无实用性,40-60元,50元以内,可以接受小幅溢价,一定会买,一定会了解购买,校园市集,大幅提升,可能复购,非遗文化科普,"文具类,礼盒套装类",无所谓,希望兼顾传统工艺和日常实用性，价格可以分档。
daqi-answer-1402,2026-08-02T10:33:00+08:00,男,18岁以下,职场上班族,1000-2000元,非常喜欢,季度1-2次,"日常自用,送礼纪念","短视频平台,线下实体店",完全没听过,非常感兴趣,"手工工艺独特,色泽质感高级",工艺精致,非常愿意,支持,降低价格,一定会,"大漆钥匙扣,大漆书签",简约现代风,完全接受，更有特色,"价格性价比,文化寓意",极高,组合套装礼盒,不喜欢,经典黑金红传统色,愿意,"同学朋友送礼,纪念收藏",略有影响,"款式同质化严重,包装简陋",20元以内,50-80元,完全愿意,一定会买,随缘,"线上店铺,社群团购",小幅提升,不会复购,"工艺制作短视频,市集线下体验","配饰挂件类,文具类",非常认可，环保创新,建议多做短视频展示制作过程，并在线下市集提供体验。
daqi-answer-1403,2026-08-03T11:46:00+08:00,女,18-22岁,其他,1000元以内,一般,每月多次,"送礼纪念,活动奖品",电商店铺,非常了解,比较感兴趣,国风颜值高,"价格昂贵,工艺精致",愿意,中立,"降低价格,适配日常使用",可能会,大漆书签,简约现代风,介意，追求完美品,文化寓意,较高,定制专属款,非常喜欢,莫兰迪浅色系,非常愿意,节日礼物,无影响,"价格虚高,做工粗糙",20-40元,50元以内,完全愿意,看价格款式决定,一定会了解购买,"校园市集,文创展会",反而降低,一定会复购,"高颜值产品实拍图,工艺制作短视频",礼盒套装类,比较认可,包装可以更精致，同时附上简明的非遗文化说明卡。
daqi-answer-1404,2026-08-04T12:59:00+08:00,男,40岁以上,在校学生,1000元以内,非常喜欢,每月1次,收藏爱好,"朋友推荐,短视频平台",完全没听过,兴趣较低,"非遗文化底蕴,国风颜值高","款式老旧,价格昂贵",无所谓,强烈支持,"适配日常使用,降低价格",一定会,"大漆漆扇,大漆钥匙扣",小众艺术轻奢风,完全接受，更有特色,"颜值外观,实用性",不看重,单品简约款,喜欢,经典黑金红传统色,愿意,"师生赠礼,纪念收藏",会，非常加分,华而不实无实用性,20元以内,50元以内,不太接受,一定会买,会驻足了解,文创展会,大幅提升,不确定,市集线下体验,"文具类,桌面摆件类",无所谓,希望增加年轻化配色和小件礼盒，方便送礼和收藏。
daqi-answer-1405,2026-08-05T13:12:00+08:00,女,18岁以下,自由职业,2000-3500元,比较喜欢,季度1-2次,"日常自用,市集/展会随手购买","短视频平台,文创展会",非常了解,非常感兴趣,"手工工艺独特,非遗文化底蕴",价格昂贵,非常愿意,支持,降低价格,一定会,"大件漆艺摆件,大漆书签",简约现代风,可以接受,"价格性价比,颜值外观",极高,组合套装礼盒,非常喜欢,莫兰迪浅色系,随缘,"同学朋友送礼,商务小礼品",略有影响,"做工粗糙,包装简陋",20元以内,80-120元,完全愿意,大概率会,不会关注,"线上店铺,线下实体店",无变化,一定会复购,"工艺制作短视频,非遗文化科普","配饰挂件类,定制专属类",非常认可，环保创新,希望兼顾传统工艺和日常实用性，价格可以分档。
daqi-answer-1406,2026-08-06T14:25:00+08:00,男,23-30岁,在校学生,1000元以内,一般,每月多次,"送礼纪念,收藏爱好",电商店铺,略有耳闻,比较感兴趣,非遗文化底蕴,"价格昂贵,不适合日常使用",愿意,强烈支持,"优化款式设计,适配日常使用",不确定,大漆书签,传统国风古风,非常介意,颜值外观,一般,单品简约款,喜欢,撞色潮流色系,非常愿意,节日礼物,会，非常加分,"价格虚高,款式同质化严重",40-60元,50元以内,可以接受小幅溢价,基本不会,一定会了解购买,"校园市集,线上店铺",大幅提升,可能复购,"高颜值产品实拍图,优惠活动福利",文具类,比较认可,建议多做短视频展示制作过程，并在线下市集提供体验。
daqi-answer-1407,2026-08-07T15:38:00+08:00,女,18岁以下,职场上班族,1000-2000元,非常喜欢,每月1次,活动奖品,"短视频平台,线下实体店",非常了解,非常感兴趣,"非遗文化底蕴,色泽质感高级","不适合日常使用,价格昂贵",非常愿意,强烈支持,"加强科普宣传,降低价格",一定会,"大漆漆扇,大漆书签",可爱治愈风,完全接受，更有特色,"颜值外观,工艺质感",极高,组合套装礼盒,无所谓,经典黑金红传统色,愿意,"商务小礼品,纪念收藏",会，非常加分,华而不实无实用性,20元以内,50-80元,完全不接受,一定会买,随缘,线下实体店,小幅提升,不确定,工艺制作短视频,"文具类,配饰挂件类",非常认可，环保创新,包装可以更精致，同时附上简明的非遗文化说明卡。
daqi-answer-1408,2026-08-08T16:51:00+08:00,男,18-22岁,自由职业,3500元以上,比较喜欢,半年一次,"日常自用,活动奖品","短视频平台,电商店铺",略有耳闻,非常感兴趣,"色泽质感高级,非遗文化底蕴",价格昂贵,非常愿意,中立,降低价格,可能会,"文创套装礼盒,大漆书签",简约现代风,可以接受,"工艺质感,独特小众性",较高,盲盒款式,非常喜欢,莫兰迪浅色系,非常愿意,"同学朋友送礼,师生赠礼",无影响,"价格虚高,包装简陋",20-40元,120元以上,完全愿意,看价格款式决定,一定会了解购买,"线上店铺,文创展会",无变化,一定会复购,"工艺制作短视频,高颜值产品实拍图","桌面摆件类,定制专属类",非常认可，环保创新,希望增加年轻化配色和小件礼盒，方便送礼和收藏。
daqi-answer-1409,2026-08-09T17:04:00+08:00,女,23-30岁,在校学生,1000元以内,不太喜欢,每月多次,"送礼纪念,日常自用",校园市集,完全没听过,一般,非遗文化底蕴,"款式老旧,不适合日常使用",无所谓,强烈支持,"优化款式设计,降低价格",基本不会,大漆书签,传统国风古风,完全接受，更有特色,颜值外观,一般,单品简约款,喜欢,经典黑金红传统色,非常愿意,节日礼物,会，非常加分,"华而不实无实用性,款式同质化严重",60元以上,50元以内,不太接受,一定会买,会驻足了解,"校园市集,社群团购",大幅提升,可能复购,"非遗文化科普,优惠活动福利",文具类,无所谓,希望兼顾传统工艺和日常实用性，价格可以分档。
daqi-answer-1410,2026-08-10T18:17:00+08:00,男,18岁以下,职场上班族,1000-2000元,非常喜欢,每月1次,日常自用,"短视频平台,文创展会",非常了解,非常感兴趣,"手工工艺独特,色泽质感高级","工艺精致,价格昂贵",非常愿意,支持,"提升包装质感,降低价格",一定会,"大漆钥匙扣,大漆书签",简约现代风,可以接受,"价格性价比,颜值外观",极高,组合套装礼盒,非常喜欢,经典黑金红传统色,随缘,"同学朋友送礼,纪念收藏",略有影响,款式同质化严重,20元以内,80-120元,完全愿意,大概率会,随缘,线上店铺,小幅提升,一定会复购,工艺制作短视频,"配饰挂件类,文具类",非常认可，环保创新,建议多做短视频展示制作过程，并在线下市集提供体验。
daqi-answer-1411,2026-08-11T09:30:00+08:00,女,18-22岁,个体经营者,1000元以内,比较喜欢,每月多次,"日常自用,收藏爱好","电商店铺,线下实体店",略有耳闻,比较感兴趣,"国风颜值高,非遗文化底蕴",价格昂贵,愿意,不支持,降低价格,可能会,"大漆书签,文创套装礼盒",传统国风古风,介意，追求完美品,"工艺质感,文化寓意",较高,单品简约款,非常喜欢,撞色潮流色系,非常愿意,"节日礼物,师生赠礼",不在意,"价格虚高,做工粗糙",40-60元,50元以内,可以接受小幅溢价,看价格款式决定,一定会了解购买,"线上店铺,校园市集",大幅提升,一定会复购,"高颜值产品实拍图,工艺制作短视频","桌面摆件类,礼盒套装类",比较认可,包装可以更精致，同时附上简明的非遗文化说明卡。
daqi-answer-1412,2026-08-12T10:43:00+08:00,男,31-40岁,在校学生,1000-2000元,非常喜欢,每月多次,"收藏爱好,日常自用",校园市集,非常了解,兴趣较低,非遗文化底蕴,"款式老旧,价格昂贵",不愿意,强烈支持,"适配日常使用,降低价格",一定会,大漆漆扇,小众艺术轻奢风,完全接受，更有特色,颜值外观,较低,单品简约款,无所谓,经典黑金红传统色,愿意,师生赠礼,会，非常加分,"华而不实无实用性,价格虚高",20元以内,50-80元,不太接受,一定会买,会驻足了解,"文创展会,社群团购",大幅提升,不确定,"非遗文化科普,市集线下体验",文具类,不认可,希望增加年轻化配色和小件礼盒，方便送礼和收藏。
daqi-answer-1413,2026-08-13T11:56:00+08:00,男,18岁以下,职场上班族,2000-3500元,非常喜欢,季度1-2次,日常自用,"短视频平台,电商店铺",略有耳闻,非常感兴趣,"手工工艺独特,非遗文化底蕴","适合收藏送礼,价格昂贵",非常愿意,支持,"降低价格,提升包装质感",可能会,"大漆钥匙扣,文创套装礼盒",简约现代风,可以接受,"价格性价比,实用性",极高,盲盒款式,非常喜欢,莫兰迪浅色系,不愿意,"同学朋友送礼,商务小礼品",无影响,做工粗糙,20-40元,80-120元,完全愿意,大概率会,一定会了解购买,线上店铺,无变化,一定会复购,工艺制作短视频,"配饰挂件类,定制专属类",非常认可，环保创新,希望兼顾传统工艺和日常实用性，价格可以分档。
daqi-answer-1414,2026-08-14T12:09:00+08:00,男,18-22岁,在校学生,1000元以内,一般,每月多次,"送礼纪念,收藏爱好","电商店铺,文创展会",非常了解,比较感兴趣,"小众不撞款,非遗文化底蕴",价格昂贵,愿意,强烈支持,优化款式设计,不确定,"大漆书签,大件漆艺摆件",传统国风古风,完全接受，更有特色,"文化寓意,价格性价比",较高,单品简约款,喜欢,自然原木底色,非常愿意,"节日礼物,同学朋友送礼",会，非常加分,"价格虚高,款式同质化严重",40-60元,50元以内,可以接受小幅溢价,一定会买,一定会了解购买,"校园市集,线上店铺",大幅提升,可能复购,"高颜值产品实拍图,优惠活动福利","定制专属类,礼盒套装类",无所谓,建议多做短视频展示制作过程，并在线下市集提供体验。
daqi-answer-1415,2026-08-15T13:22:00+08:00,男,18岁以下,在校学生,1000-2000元,非常喜欢,每月1次,"活动奖品,日常自用",文创展会,非常了解,毫无兴趣,非遗文化底蕴,"不适合日常使用,价格昂贵",非常愿意,支持,"适配日常使用,提升包装质感",一定会,大漆漆扇,简约现代风,完全接受，更有特色,颜值外观,极高,组合套装礼盒,不喜欢,经典黑金红传统色,随缘,商务小礼品,略有影响,"华而不实无实用性,包装简陋",20元以内,50-80元,完全愿意,一定会买,随缘,"文创展会,线下实体店",小幅提升,不会复购,"优惠活动福利,市集线下体验",文具类,非常认可，环保创新,包装可以更精致，同时附上简明的非遗文化说明卡。
daqi-answer-1416,2026-08-16T14:35:00+08:00,女,18岁以下,自由职业,1000元以内,比较喜欢,半年一次,日常自用,"短视频平台,朋友推荐",完全没听过,非常感兴趣,"色泽质感高级,非遗文化底蕴","价格昂贵,适合收藏送礼",愿意,中立,"降低价格,加强科普宣传",可能会,"大件漆艺摆件,文创套装礼盒",简约现代风,介意，追求完美品,"价格性价比,工艺质感",较高,定制专属款,非常喜欢,撞色潮流色系,非常愿意,"同学朋友送礼,师生赠礼",无影响,价格虚高,20-40元,50元以内,完全愿意,看价格款式决定,一定会了解购买,线上店铺,反而降低,一定会复购,工艺制作短视频,"桌面摆件类,定制专属类",比较认可,希望增加年轻化配色和小件礼盒，方便送礼和收藏。
daqi-answer-1417,2026-08-17T15:48:00+08:00,男,23-30岁,在校学生,1000元以内,不太喜欢,每月多次,"送礼纪念,日常自用","电商店铺,短视频平台",非常了解,一般,"非遗文化底蕴,小众不撞款",款式老旧,无所谓,强烈支持,优化款式设计,一定会,"大漆书签,大漆钥匙扣",小众艺术轻奢风,完全接受，更有特色,"颜值外观,工艺质感",一般,单品简约款,无所谓,经典黑金红传统色,愿意,"节日礼物,纪念收藏",会，非常加分,"价格虚高,华而不实无实用性",20元以内,50元以内,不太接受,一定会买,会驻足了解,"校园市集,社群团购",大幅提升,不确定,"非遗文化科普,优惠活动福利","文具类,礼盒套装类",无所谓,希望兼顾传统工艺和日常实用性，价格可以分档。
daqi-answer-1418,2026-08-18T16:01:00+08:00,女,18岁以下,职场上班族,2000-3500元,非常喜欢,每月1次,"市集/展会随手购买,日常自用",短视频平台,略有耳闻,非常感兴趣,手工工艺独特,"不适合日常使用,适合收藏送礼",非常愿意,支持,"加强科普宣传,提升包装质感",一定会,大漆漆扇,简约现代风,可以接受,颜值外观,极高,盲盒款式,非常喜欢,莫兰迪浅色系,随缘,同学朋友送礼,略有影响,"款式同质化严重,包装简陋",20元以内,80-120元,完全愿意,大概率会,不会关注,"社群团购,线下实体店",无变化,一定会复购,"工艺制作短视频,市集线下体验",配饰挂件类,非常认可，环保创新,建议多做短视频展示制作过程，并在线下市集提供体验。
daqi-answer-1419,2026-08-19T17:14:00+08:00,男,18-22岁,个体经营者,1000元以内,比较喜欢,几乎不买,日常自用,"短视频平台,校园市集",非常了解,比较感兴趣,"色泽质感高级,小众不撞款","价格昂贵,工艺精致",愿意,强烈支持,"降低价格,适配日常使用",不确定,"大漆书签,文创套装礼盒",传统国风古风,非常介意,"工艺质感,颜值外观",较高,单品简约款,喜欢,撞色潮流色系,非常愿意,"同学朋友送礼,节日礼物",会，非常加分,价格虚高,40-60元,50元以内,可以接受小幅溢价,基本不会,一定会了解购买,线上店铺,大幅提升,可能复购,高颜值产品实拍图,"桌面摆件类,礼盒套装类",比较认可,包装可以更精致，同时附上简明的非遗文化说明卡。
daqi-answer-1420,2026-08-20T18:27:00+08:00,女,31-40岁,在校学生,1000-2000元,完全不感兴趣,每月多次,"收藏爱好,日常自用","校园市集,线下实体店",略有耳闻,一般,"非遗文化底蕴,国风颜值高",款式老旧,非常愿意,强烈支持,优化款式设计,一定会,"大漆漆扇,大漆钥匙扣",可爱治愈风,完全接受，更有特色,"颜值外观,独特小众性",较低,组合套装礼盒,无所谓,经典黑金红传统色,愿意,"师生赠礼,纪念收藏",会，非常加分,"华而不实无实用性,价格虚高",20元以内,50-80元,完全不接受,一定会买,随缘,"文创展会,社群团购",小幅提升,不确定,"非遗文化科普,市集线下体验","文具类,桌面摆件类",非常认可，环保创新,希望增加年轻化配色和小件礼盒，方便送礼和收藏。
daqi-answer-1421,2026-08-21T09:40:00+08:00,男,18岁以下,职场上班族,3500元以上,非常喜欢,季度1-2次,"日常自用,市集/展会随手购买",短视频平台,完全没听过,非常感兴趣,手工工艺独特,"工艺精致,适合收藏送礼",非常愿意,中立,"降低价格,提升包装质感",可能会,大漆钥匙扣,简约现代风,介意，追求完美品,价格性价比,极高,盲盒款式,非常喜欢,莫兰迪浅色系,非常愿意,同学朋友送礼,无影响,"款式同质化严重,做工粗糙",20-40元,120元以上,完全愿意,看价格款式决定,一定会了解购买,"线上店铺,线下实体店",无变化,一定会复购,"工艺制作短视频,非遗文化科普",配饰挂件类,比较认可,希望兼顾传统工艺和日常实用性，价格可以分档。
daqi-answer-1422,2026-08-22T10:53:00+08:00,女,18-22岁,其他,1000元以内,一般,每月多次,送礼纪念,"电商店铺,短视频平台",非常了解,比较感兴趣,"国风颜值高,小众不撞款","价格昂贵,不适合日常使用",无所谓,强烈支持,"优化款式设计,适配日常使用",基本不会,"大漆书签,大件漆艺摆件",小众艺术轻奢风,完全接受，更有特色,"工艺质感,实用性",较高,单品简约款,喜欢,经典黑金红传统色,非常愿意,"节日礼物,同学朋友送礼",会，非常加分,价格虚高,60元以上,50元以内,不太接受,一定会买,会驻足了解,校园市集,大幅提升,可能复购,高颜值产品实拍图,"礼盒套装类,桌面摆件类",无所谓,建议多做短视频展示制作过程，并在线下市集提供体验。
daqi-answer-1423,2026-08-23T11:06:00+08:00,男,40岁以上,在校学生,1000-2000元,非常喜欢,每月1次,"收藏爱好,市集/展会随手购买","校园市集,文创展会",完全没听过,兴趣较低,"非遗文化底蕴,色泽质感高级",款式老旧,非常愿意,支持,适配日常使用,一定会,"大漆漆扇,大漆书签",简约现代风,可以接受,"颜值外观,文化寓意",极高,组合套装礼盒,非常喜欢,经典黑金红传统色,随缘,"师生赠礼,商务小礼品",略有影响,"华而不实无实用性,包装简陋",20元以内,80-120元,完全愿意,大概率会,随缘,"文创展会,线下实体店",小幅提升,一定会复购,"市集线下体验,非遗文化科普","文具类,配饰挂件类",非常认可，环保创新,包装可以更精致，同时附上简明的非遗文化说明卡。
daqi-answer-1424,2026-08-24T12:19:00+08:00,女,18岁以下,自由职业,1000元以内,比较喜欢,季度1-2次,"日常自用,活动奖品",短视频平台,非常了解,非常感兴趣,手工工艺独特,"价格昂贵,适合收藏送礼",愿意,不支持,"降低价格,加强科普宣传",不确定,大件漆艺摆件,传统国风古风,介意，追求完美品,价格性价比,极高,单品简约款,非常喜欢,撞色潮流色系,非常愿意,同学朋友送礼,不在意,"包装简陋,做工粗糙",40-60元,50元以内,可以接受小幅溢价,看价格款式决定,一定会了解购买,"线上店铺,文创展会",大幅提升,可能复购,"工艺制作短视频,高颜值产品实拍图",配饰挂件类,比较认可,希望增加年轻化配色和小件礼盒，方便送礼和收藏。
daqi-answer-1425,2026-08-25T13:32:00+08:00,男,23-30岁,在校学生,1000-2000元,一般,每月多次,送礼纪念,"电商店铺,朋友推荐",略有耳闻,比较感兴趣,"非遗文化底蕴,小众不撞款","款式老旧,不适合日常使用",不愿意,强烈支持,"优化款式设计,降低价格",一定会,"大漆书签,大漆钥匙扣",小众艺术轻奢风,完全接受，更有特色,"文化寓意,工艺质感",一般,单品简约款,无所谓,经典黑金红传统色,愿意,"节日礼物,纪念收藏",会，非常加分,价格虚高,20元以内,50-80元,不太接受,一定会买,会驻足了解,校园市集,小幅提升,不确定,高颜值产品实拍图,"文具类,礼盒套装类",不认可,希望兼顾传统工艺和日常实用性，价格可以分档。
daqi-answer-1426,2026-08-26T14:45:00+08:00,女,18岁以下,职场上班族,2000-3500元,非常喜欢,每月1次,"活动奖品,市集/展会随手购买","文创展会,电商店铺",非常了解,非常感兴趣,"手工工艺独特,色泽质感高级",不适合日常使用,非常愿意,中立,加强科普宣传,可能会,"大漆漆扇,文创套装礼盒",简约现代风,可以接受,"颜值外观,价格性价比",极高,盲盒款式,非常喜欢,莫兰迪浅色系,不愿意,"纪念收藏,商务小礼品",无影响,"款式同质化严重,包装简陋",20-40元,80-120元,完全愿意,大概率会,一定会了解购买,"线下实体店,文创展会",无变化,一定会复购,"工艺制作短视频,市集线下体验","配饰挂件类,文具类",非常认可，环保创新,建议多做短视频展示制作过程，并在线下市集提供体验。
daqi-answer-1427,2026-08-27T15:58:00+08:00,男,18-22岁,自由职业,1000元以内,比较喜欢,半年一次,"日常自用,收藏爱好",短视频平台,略有耳闻,比较感兴趣,色泽质感高级,"价格昂贵,工艺精致",无所谓,强烈支持,"降低价格,适配日常使用",不确定,大漆书签,传统国风古风,完全接受，更有特色,价格性价比,较高,单品简约款,喜欢,自然原木底色,非常愿意,同学朋友送礼,会，非常加分,"价格虚高,做工粗糙",40-60元,50元以内,可以接受小幅溢价,一定会买,会驻足了解,"线上店铺,校园市集",大幅提升,可能复购,"高颜值产品实拍图,工艺制作短视频",桌面摆件类,无所谓,包装可以更精致，同时附上简明的非遗文化说明卡。
daqi-answer-1428,2026-08-28T16:11:00+08:00,女,23-30岁,在校学生,1000-2000元,不太喜欢,每月多次,送礼纪念,"电商店铺,校园市集",完全没听过,一般,"非遗文化底蕴,国风颜值高","款式老旧,价格昂贵",非常愿意,支持,"优化款式设计,提升包装质感",一定会,"大漆书签,大漆漆扇",简约现代风,完全接受，更有特色,"颜值外观,文化寓意",一般,组合套装礼盒,不喜欢,经典黑金红传统色,随缘,"师生赠礼,纪念收藏",略有影响,华而不实无实用性,20元以内,50-80元,完全愿意,大概率会,随缘,校园市集,小幅提升,不会复购,非遗文化科普,"文具类,桌面摆件类",非常认可，环保创新,希望增加年轻化配色和小件礼盒，方便送礼和收藏。
daqi-answer-1429,2026-08-01T17:24:00+08:00,男,18岁以下,职场上班族,1000元以内,非常喜欢,每月1次,"日常自用,市集/展会随手购买","短视频平台,校园市集",非常了解,非常感兴趣,"手工工艺独特,非遗文化底蕴",工艺精致,愿意,中立,降低价格,可能会,"大漆钥匙扣,文创套装礼盒",简约现代风,介意，追求完美品,"颜值外观,实用性",极高,定制专属款,非常喜欢,撞色潮流色系,非常愿意,"同学朋友送礼,商务小礼品",无影响,"款式同质化严重,做工粗糙",20-40元,50元以内,可以接受小幅溢价,看价格款式决定,一定会了解购买,"线上店铺,线下实体店",反而降低,一定会复购,"工艺制作短视频,非遗文化科普","配饰挂件类,定制专属类",比较认可,希望兼顾传统工艺和日常实用性，价格可以分档。
daqi-answer-1430,2026-08-02T18:37:00+08:00,男,18-22岁,个体经营者,1000元以内,比较喜欢,每月多次,"送礼纪念,收藏爱好",短视频平台,略有耳闻,比较感兴趣,国风颜值高,"价格昂贵,不适合日常使用",无所谓,强烈支持,"降低价格,优化款式设计",一定会,大漆书签,小众艺术轻奢风,完全接受，更有特色,工艺质感,较高,单品简约款,无所谓,经典黑金红传统色,愿意,节日礼物,会，非常加分,"价格虚高,款式同质化严重",20元以内,50-80元,不太接受,一定会买,会驻足了解,"校园市集,线上店铺",大幅提升,不确定,"高颜值产品实拍图,优惠活动福利",礼盒套装类,无所谓,建议多做短视频展示制作过程，并在线下市集提供体验。
daqi-answer-1431,2026-08-03T09:50:00+08:00,男,31-40岁,在校学生,2000-3500元,非常喜欢,每月1次,收藏爱好,"校园市集,短视频平台",非常了解,兴趣较低,"非遗文化底蕴,色泽质感高级","款式老旧,适合收藏送礼",非常愿意,支持,"适配日常使用,提升包装质感",一定会,"大漆漆扇,大漆书签",简约现代风,可以接受,"颜值外观,价格性价比",不看重,盲盒款式,非常喜欢,莫兰迪浅色系,随缘,"师生赠礼,商务小礼品",略有影响,华而不实无实用性,20-40元,80-120元,完全愿意,大概率会,不会关注,文创展会,无变化,一定会复购,市集线下体验,"文具类,配饰挂件类",非常认可，环保创新,包装可以更精致，同时附上简明的非遗文化说明卡。
daqi-answer-1432,2026-08-04T10:03:00+08:00,男,18岁以下,职场上班族,1000元以内,比较喜欢,季度1-2次,"日常自用,活动奖品","短视频平台,线下实体店",略有耳闻,非常感兴趣,"手工工艺独特,小众不撞款",价格昂贵,愿意,强烈支持,降低价格,不确定,"大漆钥匙扣,大件漆艺摆件",传统国风古风,非常介意,"价格性价比,文化寓意",极高,单品简约款,喜欢,撞色潮流色系,非常愿意,"同学朋友送礼,师生赠礼",会，非常加分,"做工粗糙,款式同质化严重",40-60元,50元以内,可以接受小幅溢价,基本不会,一定会了解购买,"线上店铺,文创展会",大幅提升,可能复购,"工艺制作短视频,高颜值产品实拍图","配饰挂件类,礼盒套装类",比较认可,希望增加年轻化配色和小件礼盒，方便送礼和收藏。
daqi-answer-1433,2026-08-05T11:16:00+08:00,女,18-22岁,在校学生,1000-2000元,一般,每月多次,"送礼纪念,日常自用",电商店铺,非常了解,比较感兴趣,非遗文化底蕴,"价格昂贵,款式老旧",非常愿意,强烈支持,"优化款式设计,降低价格",一定会,大漆书签,可爱治愈风,完全接受，更有特色,工艺质感,一般,组合套装礼盒,无所谓,经典黑金红传统色,愿意,节日礼物,略有影响,"价格虚高,华而不实无实用性",20元以内,50-80元,完全不接受,一定会买,随缘,"校园市集,社群团购",小幅提升,不确定,"高颜值产品实拍图,市集线下体验",文具类,非常认可，环保创新,希望兼顾传统工艺和日常实用性，价格可以分档。
daqi-answer-1434,2026-08-06T12:29:00+08:00,男,18岁以下,职场上班族,3500元以上,非常喜欢,每月1次,活动奖品,"校园市集,朋友推荐",非常了解,非常感兴趣,"非遗文化底蕴,手工工艺独特","不适合日常使用,适合收藏送礼",非常愿意,中立,"适配日常使用,加强科普宣传",可能会,"大漆漆扇,文创套装礼盒",简约现代风,介意，追求完美品,"颜值外观,实用性",极高,盲盒款式,非常喜欢,莫兰迪浅色系,非常愿意,"商务小礼品,师生赠礼",无影响,华而不实无实用性,20-40元,120元以上,完全愿意,看价格款式决定,一定会了解购买,线下实体店,无变化,一定会复购,工艺制作短视频,"文具类,定制专属类",比较认可,建议多做短视频展示制作过程，并在线下市集提供体验。
daqi-answer-1435,2026-08-07T13:42:00+08:00,女,18-22岁,自由职业,1000元以内,比较喜欢,半年一次,"日常自用,收藏爱好","短视频平台,文创展会",完全没听过,非常感兴趣,"色泽质感高级,小众不撞款",价格昂贵,无所谓,强烈支持,降低价格,基本不会,"文创套装礼盒,大件漆艺摆件",小众艺术轻奢风,完全接受，更有特色,"价格性价比,颜值外观",较高,单品简约款,喜欢,经典黑金红传统色,愿意,"同学朋友送礼,节日礼物",会，非常加分,"价格虚高,做工粗糙",60元以上,50元以内,不太接受,一定会买,会驻足了解,"线上店铺,校园市集",大幅提升,可能复购,"工艺制作短视频,优惠活动福利","桌面摆件类,礼盒套装类",无所谓,包装可以更精致，同时附上简明的非遗文化说明卡。
daqi-answer-1436,2026-08-08T14:55:00+08:00,男,23-30岁,在校学生,2000-3500元,不太喜欢,每月多次,"送礼纪念,市集/展会随手购买",电商店铺,非常了解,一般,非遗文化底蕴,"款式老旧,价格昂贵",非常愿意,支持,"优化款式设计,提升包装质感",一定会,大漆书签,简约现代风,可以接受,文化寓意,一般,组合套装礼盒,非常喜欢,莫兰迪浅色系,随缘,节日礼物,略有影响,"华而不实无实用性,价格虚高",20元以内,80-120元,完全愿意,大概率会,随缘,"校园市集,线下实体店",小幅提升,一定会复购,"非遗文化科普,市集线下体验",文具类,非常认可，环保创新,希望增加年轻化配色和小件礼盒，方便送礼和收藏。
daqi-answer-1437,2026-08-09T15:08:00+08:00,女,18岁以下,职场上班族,1000元以内,非常喜欢,每月1次,日常自用,"文创展会,校园市集",略有耳闻,非常感兴趣,"手工工艺独特,非遗文化底蕴","不适合日常使用,工艺精致",愿意,不支持,"提升包装质感,加强科普宣传",不确定,"大漆钥匙扣,文创套装礼盒",传统国风古风,介意，追求完美品,"颜值外观,工艺质感",极高,单品简约款,喜欢,撞色潮流色系,非常愿意,"同学朋友送礼,商务小礼品",不在意,款式同质化严重,40-60元,50元以内,可以接受小幅溢价,看价格款式决定,一定会了解购买,线上店铺,大幅提升,可能复购,工艺制作短视频,"配饰挂件类,定制专属类",比较认可,希望兼顾传统工艺和日常实用性，价格可以分档。
daqi-answer-1438,2026-08-10T16:21:00+08:00,男,18-22岁,个体经营者,1000-2000元,比较喜欢,每月多次,"日常自用,送礼纪念","短视频平台,电商店铺",非常了解,比较感兴趣,"色泽质感高级,国风颜值高",价格昂贵,不愿意,强烈支持,降低价格,一定会,"大漆书签,大件漆艺摆件",小众艺术轻奢风,完全接受，更有特色,"价格性价比,实用性",较高,组合套装礼盒,无所谓,经典黑金红传统色,愿意,"节日礼物,同学朋友送礼",会，非常加分,"价格虚高,款式同质化严重",20元以内,50-80元,不太接受,一定会买,会驻足了解,"线上店铺,社群团购",小幅提升,不确定,"高颜值产品实拍图,优惠活动福利","桌面摆件类,配饰挂件类",不认可,建议多做短视频展示制作过程，并在线下市集提供体验。
daqi-answer-1439,2026-08-11T17:34:00+08:00,女,31-40岁,在校学生,2000-3500元,非常喜欢,每月多次,"收藏爱好,市集/展会随手购买",电商店铺,略有耳闻,一般,非遗文化底蕴,"款式老旧,适合收藏送礼",非常愿意,中立,"适配日常使用,提升包装质感",可能会,大漆漆扇,简约现代风,可以接受,独特小众性,较低,盲盒款式,非常喜欢,莫兰迪浅色系,不愿意,师生赠礼,无影响,"华而不实无实用性,包装简陋",20-40元,80-120元,完全愿意,大概率会,一定会了解购买,"文创展会,线下实体店",无变化,一定会复购,"非遗文化科普,高颜值产品实拍图",文具类,非常认可，环保创新,包装可以更精致，同时附上简明的非遗文化说明卡。
daqi-answer-1440,2026-08-12T18:47:00+08:00,男,18岁以下,职场上班族,1000元以内,非常喜欢,季度1-2次,日常自用,"短视频平台,文创展会",完全没听过,非常感兴趣,"手工工艺独特,小众不撞款","适合收藏送礼,工艺精致",无所谓,强烈支持,"降低价格,加强科普宣传",不确定,"大漆钥匙扣,大件漆艺摆件",传统国风古风,完全接受，更有特色,"颜值外观,独特小众性",极高,单品简约款,喜欢,自然原木底色,非常愿意,"同学朋友送礼,师生赠礼",会，非常加分,做工粗糙,40-60元,50元以内,可以接受小幅溢价,一定会买,会驻足了解,线上店铺,大幅提升,可能复购,工艺制作短视频,"配饰挂件类,礼盒套装类",无所谓,希望增加年轻化配色和小件礼盒，方便送礼和收藏。
daqi-answer-1441,2026-08-13T09:00:00+08:00,女,18-22岁,在校学生,1000-2000元,一般,每月多次,"送礼纪念,日常自用","短视频平台,朋友推荐",非常了解,比较感兴趣,"小众不撞款,国风颜值高",价格昂贵,非常愿意,支持,优化款式设计,一定会,"大漆书签,大漆钥匙扣",简约现代风,可以接受,"工艺质感,文化寓意",较高,组合套装礼盒,不喜欢,经典黑金红传统色,随缘,"节日礼物,纪念收藏",略有影响,"价格虚高,华而不实无实用性",20元以内,50-80元,完全愿意,大概率会,随缘,"校园市集,社群团购",小幅提升,不会复购,"高颜值产品实拍图,市集线下体验","定制专属类,桌面摆件类",非常认可，环保创新,希望兼顾传统工艺和日常实用性，价格可以分档。
daqi-answer-1442,2026-08-14T10:13:00+08:00,男,18岁以下,在校学生,1000元以内,非常喜欢,每月1次,"收藏爱好,活动奖品",校园市集,略有耳闻,毫无兴趣,非遗文化底蕴,"不适合日常使用,适合收藏送礼",愿意,中立,"适配日常使用,加强科普宣传",可能会,大漆漆扇,传统国风古风,介意，追求完美品,颜值外观,极高,定制专属款,非常喜欢,撞色潮流色系,非常愿意,商务小礼品,无影响,"华而不实无实用性,做工粗糙",20-40元,50元以内,可以接受小幅溢价,看价格款式决定,一定会了解购买,"文创展会,校园市集",反而降低,一定会复购,"优惠活动福利,非遗文化科普",文具类,比较认可,建议多做短视频展示制作过程，并在线下市集提供体验。
daqi-answer-1443,2026-08-15T11:26:00+08:00,女,18岁以下,自由职业,1000元以内,比较喜欢,季度1-2次,日常自用,"短视频平台,电商店铺",非常了解,非常感兴趣,"色泽质感高级,小众不撞款","价格昂贵,工艺精致",无所谓,强烈支持,"降低价格,适配日常使用",一定会,"大件漆艺摆件,大漆钥匙扣",小众艺术轻奢风,完全接受，更有特色,"价格性价比,实用性",较高,单品简约款,无所谓,经典黑金红传统色,愿意,"同学朋友送礼,节日礼物",会，非常加分,价格虚高,20元以内,50-80元,不太接受,一定会买,会驻足了解,线上店铺,大幅提升,不确定,工艺制作短视频,"桌面摆件类,礼盒套装类",不认可,包装可以更精致，同时附上简明的非遗文化说明卡。
daqi-answer-1444,2026-08-16T12:39:00+08:00,男,23-30岁,在校学生,2000-3500元,一般,每月多次,"送礼纪念,市集/展会随手购买","电商店铺,文创展会",略有耳闻,一般,"非遗文化底蕴,国风颜值高",款式老旧,非常愿意,支持,优化款式设计,可能会,"大漆书签,大漆漆扇",简约现代风,可以接受,"工艺质感,颜值外观",一般,盲盒款式,非常喜欢,莫兰迪浅色系,随缘,"节日礼物,商务小礼品",略有影响,"价格虚高,包装简陋",20-40元,80-120元,完全愿意,大概率会,不会关注,"校园市集,线下实体店",无变化,一定会复购,"非遗文化科普,市集线下体验","文具类,桌面摆件类",非常认可，环保创新,希望增加年轻化配色和小件礼盒，方便送礼和收藏。
daqi-answer-1445,2026-08-17T13:52:00+08:00,女,18岁以下,职场上班族,1000元以内,非常喜欢,每月1次,"市集/展会随手购买,活动奖品",校园市集,非常了解,非常感兴趣,手工工艺独特,"不适合日常使用,工艺精致",愿意,强烈支持,"加强科普宣传,适配日常使用",不确定,大漆漆扇,传统国风古风,非常介意,颜值外观,极高,单品简约款,喜欢,撞色潮流色系,非常愿意,同学朋友送礼,会，非常加分,"款式同质化严重,做工粗糙",40-60元,50元以内,可以接受小幅溢价,基本不会,一定会了解购买,"社群团购,文创展会",大幅提升,可能复购,"工艺制作短视频,非遗文化科普",配饰挂件类,比较认可,希望兼顾传统工艺和日常实用性，价格可以分档。
daqi-answer-1446,2026-08-18T14:05:00+08:00,男,18-22岁,自由职业,1000-2000元,比较喜欢,几乎不买,日常自用,"短视频平台,朋友推荐",非常了解,比较感兴趣,"色泽质感高级,国风颜值高","价格昂贵,不适合日常使用",非常愿意,支持,"降低价格,优化款式设计",一定会,"大漆书签,大件漆艺摆件",可爱治愈风,完全接受，更有特色,"价格性价比,工艺质感",较高,组合套装礼盒,无所谓,经典黑金红传统色,愿意,"同学朋友送礼,纪念收藏",略有影响,价格虚高,20元以内,50-80元,完全不接受,一定会买,随缘,线上店铺,小幅提升,不会复购,高颜值产品实拍图,"桌面摆件类,配饰挂件类",非常认可，环保创新,建议多做短视频展示制作过程，并在线下市集提供体验。
daqi-answer-1447,2026-08-19T15:18:00+08:00,男,23-30岁,在校学生,3500元以上,完全不感兴趣,每月多次,"收藏爱好,市集/展会随手购买","电商店铺,短视频平台",完全没听过,一般,"非遗文化底蕴,色泽质感高级",款式老旧,愿意,中立,优化款式设计,可能会,"大漆漆扇,大漆书签",简约现代风,介意，追求完美品,"文化寓意,独特小众性",较低,盲盒款式,非常喜欢,莫兰迪浅色系,非常愿意,"师生赠礼,商务小礼品",无影响,"华而不实无实用性,包装简陋",20-40元,120元以上,完全愿意,看价格款式决定,一定会了解购买,"文创展会,线下实体店",反而降低,一定会复购,"非遗文化科普,高颜值产品实拍图","文具类,配饰挂件类",比较认可,包装可以更精致，同时附上简明的非遗文化说明卡。
daqi-answer-1448,2026-08-20T16:31:00+08:00,男,18岁以下,职场上班族,1000元以内,非常喜欢,季度1-2次,"日常自用,活动奖品",文创展会,非常了解,非常感兴趣,手工工艺独特,"工艺精致,不适合日常使用",无所谓,强烈支持,"降低价格,加强科普宣传",基本不会,大漆钥匙扣,小众艺术轻奢风,完全接受，更有特色,颜值外观,极高,单品简约款,喜欢,经典黑金红传统色,愿意,同学朋友送礼,会，非常加分,"款式同质化严重,华而不实无实用性",60元以上,50元以内,不太接受,一定会买,会驻足了解,"线上店铺,文创展会",大幅提升,可能复购,"工艺制作短视频,高颜值产品实拍图",配饰挂件类,无所谓,希望增加年轻化配色和小件礼盒，方便送礼和收藏。
daqi-answer-1449,2026-08-21T17:44:00+08:00,男,18-22岁,其他,2000-3500元,一般,每月多次,送礼纪念,"短视频平台,校园市集",略有耳闻,比较感兴趣,"国风颜值高,色泽质感高级","价格昂贵,款式老旧",非常愿意,支持,"优化款式设计,降低价格",一定会,"大漆书签,大漆钥匙扣",简约现代风,可以接受,"价格性价比,独特小众性",较高,组合套装礼盒,非常喜欢,莫兰迪浅色系,随缘,"节日礼物,纪念收藏",略有影响,价格虚高,20元以内,80-120元,完全愿意,大概率会,不会关注,校园市集,小幅提升,一定会复购,高颜值产品实拍图,"礼盒套装类,配饰挂件类",非常认可，环保创新,希望兼顾传统工艺和日常实用性，价格可以分档。
daqi-answer-1450,2026-08-22T18:57:00+08:00,男,40岁以上,在校学生,1000元以内,非常喜欢,每月1次,"收藏爱好,活动奖品","电商店铺,朋友推荐",非常了解,兴趣较低,"非遗文化底蕴,手工工艺独特",款式老旧,愿意,不支持,适配日常使用,不确定,"大漆漆扇,文创套装礼盒",传统国风古风,介意，追求完美品,"独特小众性,实用性",极高,单品简约款,喜欢,撞色潮流色系,非常愿意,"师生赠礼,节日礼物",不在意,"华而不实无实用性,做工粗糙",40-60元,50元以内,可以接受小幅溢价,基本不会,一定会了解购买,"文创展会,校园市集",大幅提升,可能复购,"市集线下体验,高颜值产品实拍图","文具类,定制专属类",比较认可,建议多做短视频展示制作过程，并在线下市集提供体验。
daqi-answer-1451,2026-08-23T09:10:00+08:00,男,18岁以下,自由职业,1000-2000元,比较喜欢,季度1-2次,"日常自用,收藏爱好",线下实体店,略有耳闻,非常感兴趣,手工工艺独特,"价格昂贵,工艺精致",不愿意,强烈支持,"降低价格,适配日常使用",一定会,大件漆艺摆件,小众艺术轻奢风,完全接受，更有特色,颜值外观,极高,组合套装礼盒,无所谓,经典黑金红传统色,愿意,同学朋友送礼,会，非常加分,"包装简陋,款式同质化严重",20元以内,50-80元,完全不接受,一定会买,会驻足了解,"线上店铺,校园市集",小幅提升,不确定,"工艺制作短视频,优惠活动福利",配饰挂件类,非常认可，环保创新,包装可以更精致，同时附上简明的非遗文化说明卡。
daqi-answer-1452,2026-08-24T10:23:00+08:00,女,23-30岁,在校学生,2000-3500元,一般,每月多次,送礼纪念,"短视频平台,线下实体店",完全没听过,比较感兴趣,"非遗文化底蕴,国风颜值高","款式老旧,价格昂贵",非常愿意,中立,"优化款式设计,提升包装质感",可能会,"大漆书签,大漆漆扇",简约现代风,可以接受,"工艺质感,实用性",一般,盲盒款式,非常喜欢,莫兰迪浅色系,不愿意,"节日礼物,商务小礼品",无影响,价格虚高,20-40元,120元以上,完全愿意,大概率会,一定会了解购买,校园市集,无变化,一定会复购,高颜值产品实拍图,"文具类,桌面摆件类",非常认可，环保创新,希望增加年轻化配色和小件礼盒，方便送礼和收藏。
daqi-answer-1453,2026-08-25T11:36:00+08:00,男,18岁以下,职场上班族,1000元以内,非常喜欢,每月1次,"活动奖品,收藏爱好","校园市集,文创展会",非常了解,非常感兴趣,"手工工艺独特,非遗文化底蕴",不适合日常使用,无所谓,强烈支持,加强科普宣传,不确定,"大漆漆扇,大件漆艺摆件",传统国风古风,完全接受，更有特色,"颜值外观,文化寓意",极高,单品简约款,喜欢,自然原木底色,非常愿意,"纪念收藏,师生赠礼",会，非常加分,"款式同质化严重,做工粗糙",60元以上,50元以内,可以接受小幅溢价,一定会买,会驻足了解,"线下实体店,校园市集",大幅提升,可能复购,"工艺制作短视频,非遗文化科普","文具类,礼盒套装类",无所谓,希望兼顾传统工艺和日常实用性，价格可以分档。
daqi-answer-1454,2026-08-26T12:49:00+08:00,女,18-22岁,自由职业,1000-2000元,比较喜欢,半年一次,"日常自用,送礼纪念",短视频平台,完全没听过,比较感兴趣,色泽质感高级,"价格昂贵,不适合日常使用",非常愿意,支持,"降低价格,优化款式设计",一定会,大漆书签,简约现代风,可以接受,价格性价比,较高,组合套装礼盒,不喜欢,经典黑金红传统色,随缘,同学朋友送礼,略有影响,"价格虚高,款式同质化严重",20元以内,50-80元,完全愿意,大概率会,随缘,"线上店铺,社群团购",小幅提升,一定会复购,"工艺制作短视频,市集线下体验",桌面摆件类,非常认可，环保创新,建议多做短视频展示制作过程，并在线下市集提供体验。
daqi-answer-1455,2026-08-27T13:02:00+08:00,男,23-30岁,在校学生,1000元以内,不太喜欢,每月多次,送礼纪念,"电商店铺,朋友推荐",非常了解,一般,"非遗文化底蕴,色泽质感高级","款式老旧,适合收藏送礼",愿意,中立,"优化款式设计,加强科普宣传",可能会,"大漆书签,文创套装礼盒",传统国风古风,介意，追求完美品,"工艺质感,价格性价比",一般,定制专属款,非常喜欢,撞色潮流色系,非常愿意,"师生赠礼,商务小礼品",不在意,华而不实无实用性,20-40元,50元以内,可以接受小幅溢价,看价格款式决定,一定会了解购买,校园市集,大幅提升,一定会复购,非遗文化科普,"文具类,配饰挂件类",比较认可,包装可以更精致，同时附上简明的非遗文化说明卡。
daqi-answer-1456,2026-08-28T14:15:00+08:00,女,18岁以下,职场上班族,1000-2000元,非常喜欢,每月1次,"日常自用,活动奖品","校园市集,短视频平台",略有耳闻,非常感兴趣,"手工工艺独特,小众不撞款",工艺精致,无所谓,强烈支持,降低价格,一定会,"大漆钥匙扣,大件漆艺摆件",小众艺术轻奢风,完全接受，更有特色,"颜值外观,价格性价比",极高,单品简约款,无所谓,经典黑金红传统色,愿意,"同学朋友送礼,师生赠礼",会，非常加分,"款式同质化严重,华而不实无实用性",20元以内,50-80元,不太接受,一定会买,会驻足了解,"线上店铺,文创展会",大幅提升,不确定,"工艺制作短视频,高颜值产品实拍图","配饰挂件类,礼盒套装类",不认可,希望增加年轻化配色和小件礼盒，方便送礼和收藏。
daqi-answer-1457,2026-08-01T15:28:00+08:00,男,18-22岁,个体经营者,2000-3500元,比较喜欢,每月多次,"送礼纪念,日常自用",短视频平台,非常了解,比较感兴趣,国风颜值高,"价格昂贵,款式老旧",非常愿意,支持,"降低价格,提升包装质感",可能会,大漆书签,简约现代风,可以接受,价格性价比,较高,盲盒款式,非常喜欢,莫兰迪浅色系,不愿意,节日礼物,略有影响,"价格虚高,华而不实无实用性",20-40元,80-120元,完全愿意,大概率会,一定会了解购买,"线上店铺,线下实体店",无变化,一定会复购,"高颜值产品实拍图,市集线下体验",礼盒套装类,非常认可，环保创新,希望兼顾传统工艺和日常实用性，价格可以分档。
daqi-answer-1458,2026-08-02T16:41:00+08:00,女,31-40岁,在校学生,1000元以内,非常喜欢,每月1次,收藏爱好,"电商店铺,校园市集",略有耳闻,兴趣较低,"非遗文化底蕴,手工工艺独特","款式老旧,工艺精致",愿意,强烈支持,"适配日常使用,加强科普宣传",不确定,"大漆漆扇,文创套装礼盒",传统国风古风,非常介意,"文化寓意,颜值外观",不看重,单品简约款,喜欢,自然原木底色,非常愿意,"师生赠礼,节日礼物",会，非常加分,华而不实无实用性,40-60元,50元以内,可以接受小幅溢价,一定会买,一定会了解购买,文创展会,大幅提升,可能复购,市集线下体验,"文具类,定制专属类",比较认可,建议多做短视频展示制作过程，并在线下市集提供体验。
daqi-answer-1459,2026-08-03T17:54:00+08:00,男,18岁以下,职场上班族,1000-2000元,比较喜欢,季度1-2次,"日常自用,收藏爱好","文创展会,线下实体店",完全没听过,非常感兴趣,"手工工艺独特,国风颜值高",价格昂贵,非常愿意,支持,降低价格,一定会,"大漆钥匙扣,大漆漆扇",可爱治愈风,完全接受，更有特色,"颜值外观,实用性",极高,组合套装礼盒,不喜欢,经典黑金红传统色,愿意,"同学朋友送礼,节日礼物",略有影响,"做工粗糙,华而不实无实用性",20元以内,50-80元,完全愿意,一定会买,随缘,"线上店铺,校园市集",小幅提升,不会复购,"工艺制作短视频,优惠活动福利","配饰挂件类,桌面摆件类",非常认可，环保创新,包装可以更精致，同时附上简明的非遗文化说明卡。
daqi-answer-1460,2026-08-04T18:07:00+08:00,女,18-22岁,在校学生,3500元以上,一般,每月多次,"送礼纪念,市集/展会随手购买",短视频平台,非常了解,比较感兴趣,非遗文化底蕴,"价格昂贵,适合收藏送礼",愿意,中立,"优化款式设计,提升包装质感",可能会,大漆书签,简约现代风,介意，追求完美品,价格性价比,一般,定制专属款,非常喜欢,莫兰迪浅色系,非常愿意,节日礼物,无影响,"价格虚高,包装简陋",20-40元,50元以内,完全愿意,看价格款式决定,一定会了解购买,"校园市集,线下实体店",反而降低,一定会复购,"高颜值产品实拍图,非遗文化科普",文具类,比较认可,希望增加年轻化配色和小件礼盒，方便送礼和收藏。
daqi-answer-1461,2026-08-05T09:20:00+08:00,男,18岁以下,职场上班族,1000元以内,非常喜欢,每月1次,活动奖品,"电商店铺,线下实体店",略有耳闻,非常感兴趣,"非遗文化底蕴,小众不撞款","不适合日常使用,工艺精致",无所谓,强烈支持,"适配日常使用,优化款式设计",基本不会,"大漆漆扇,大件漆艺摆件",小众艺术轻奢风,完全接受，更有特色,"实用性,独特小众性",极高,单品简约款,喜欢,经典黑金红传统色,愿意,"商务小礼品,节日礼物",会，非常加分,华而不实无实用性,20元以内,50元以内,不太接受,一定会买,会驻足了解,线下实体店,大幅提升,可能复购,工艺制作短视频,"文具类,礼盒套装类",无所谓,希望兼顾传统工艺和日常实用性，价格可以分档。
daqi-answer-1462,2026-08-06T10:33:00+08:00,女,18-22岁,自由职业,2000-3500元,比较喜欢,半年一次,"日常自用,送礼纪念","线下实体店,朋友推荐",非常了解,非常感兴趣,"色泽质感高级,国风颜值高",价格昂贵,非常愿意,支持,降低价格,一定会,"文创套装礼盒,大漆钥匙扣",简约现代风,可以接受,"颜值外观,工艺质感",较高,组合套装礼盒,非常喜欢,莫兰迪浅色系,随缘,"同学朋友送礼,纪念收藏",略有影响,"价格虚高,款式同质化严重",20元以内,80-120元,完全愿意,大概率会,不会关注,"线上店铺,社群团购",小幅提升,一定会复购,"工艺制作短视频,市集线下体验","桌面摆件类,配饰挂件类",非常认可，环保创新,建议多做短视频展示制作过程，并在线下市集提供体验。
daqi-answer-1463,2026-08-07T11:46:00+08:00,男,23-30岁,在校学生,1000元以内,不太喜欢,每月多次,"送礼纪念,活动奖品",短视频平台,略有耳闻,一般,非遗文化底蕴,"款式老旧,适合收藏送礼",愿意,不支持,"优化款式设计,加强科普宣传",不确定,大漆书签,传统国风古风,非常介意,工艺质感,一般,单品简约款,喜欢,撞色潮流色系,非常愿意,节日礼物,会，非常加分,"价格虚高,做工粗糙",40-60元,50元以内,可以接受小幅溢价,基本不会,一定会了解购买,"校园市集,文创展会",大幅提升,可能复购,"非遗文化科普,高颜值产品实拍图",文具类,比较认可,包装可以更精致，同时附上简明的非遗文化说明卡。
daqi-answer-1464,2026-08-08T12:59:00+08:00,女,18岁以下,职场上班族,1000-2000元,非常喜欢,每月1次,日常自用,"校园市集,朋友推荐",非常了解,非常感兴趣,"手工工艺独特,小众不撞款","不适合日常使用,款式老旧",不愿意,强烈支持,"提升包装质感,适配日常使用",一定会,"大漆钥匙扣,大件漆艺摆件",可爱治愈风,完全接受，更有特色,"颜值外观,实用性",极高,组合套装礼盒,无所谓,经典黑金红传统色,愿意,"同学朋友送礼,师生赠礼",会，非常加分,款式同质化严重,20元以内,50-80元,完全不接受,一定会买,会驻足了解,线上店铺,小幅提升,不确定,工艺制作短视频,"配饰挂件类,礼盒套装类",非常认可，环保创新,希望增加年轻化配色和小件礼盒，方便送礼和收藏。
daqi-answer-1465,2026-08-09T13:12:00+08:00,男,18-22岁,个体经营者,2000-3500元,比较喜欢,每月多次,"日常自用,市集/展会随手购买","短视频平台,文创展会",非常了解,比较感兴趣,"色泽质感高级,手工工艺独特",价格昂贵,非常愿意,中立,降低价格,可能会,"大漆书签,大漆钥匙扣",简约现代风,可以接受,"价格性价比,颜值外观",较高,盲盒款式,非常喜欢,莫兰迪浅色系,非常愿意,"同学朋友送礼,商务小礼品",无影响,"价格虚高,华而不实无实用性",20-40元,120元以上,完全愿意,大概率会,一定会了解购买,"线上店铺,线下实体店",无变化,一定会复购,"高颜值产品实拍图,市集线下体验","桌面摆件类,文具类",非常认可，环保创新,希望兼顾传统工艺和日常实用性，价格可以分档。
daqi-answer-1466,2026-08-10T14:25:00+08:00,男,31-40岁,在校学生,1000元以内,非常喜欢,每月多次,"收藏爱好,活动奖品",电商店铺,完全没听过,一般,非遗文化底蕴,"款式老旧,工艺精致",无所谓,强烈支持,"适配日常使用,加强科普宣传",基本不会,大漆漆扇,传统国风古风,完全接受，更有特色,工艺质感,较低,单品简约款,喜欢,经典黑金红传统色,非常愿意,师生赠礼,会，非常加分,"华而不实无实用性,做工粗糙",60元以上,50元以内,可以接受小幅溢价,一定会买,会驻足了解,"文创展会,校园市集",大幅提升,可能复购,"非遗文化科普,工艺制作短视频",文具类,无所谓,建议多做短视频展示制作过程，并在线下市集提供体验。
daqi-answer-1467,2026-08-11T15:38:00+08:00,男,18岁以下,职场上班族,1000-2000元,非常喜欢,季度1-2次,日常自用,"校园市集,电商店铺",非常了解,非常感兴趣,"手工工艺独特,国风颜值高","适合收藏送礼,不适合日常使用",非常愿意,支持,"降低价格,适配日常使用",一定会,"大漆钥匙扣,大漆漆扇",简约现代风,可以接受,"颜值外观,工艺质感",极高,组合套装礼盒,非常喜欢,经典黑金红传统色,随缘,"同学朋友送礼,节日礼物",略有影响,做工粗糙,20元以内,50-80元,完全愿意,大概率会,随缘,线上店铺,小幅提升,一定会复购,工艺制作短视频,"配饰挂件类,桌面摆件类",非常认可，环保创新,包装可以更精致，同时附上简明的非遗文化说明卡。
daqi-answer-1468,2026-08-12T16:51:00+08:00,男,18-22岁,在校学生,1000元以内,一般,每月多次,"送礼纪念,市集/展会随手购买","短视频平台,电商店铺",略有耳闻,比较感兴趣,"小众不撞款,色泽质感高级",价格昂贵,愿意,不支持,优化款式设计,可能会,"大漆书签,大漆漆扇",传统国风古风,介意，追求完美品,"价格性价比,实用性",较高,单品简约款,非常喜欢,撞色潮流色系,非常愿意,"节日礼物,商务小礼品",不在意,"价格虚高,包装简陋",20-40元,50元以内,可以接受小幅溢价,看价格款式决定,一定会了解购买,"校园市集,线下实体店",大幅提升,一定会复购,"高颜值产品实拍图,非遗文化科普","定制专属类,配饰挂件类",比较认可,希望增加年轻化配色和小件礼盒，方便送礼和收藏。
daqi-answer-1469,2026-08-13T17:04:00+08:00,女,18岁以下,在校学生,1000-2000元,非常喜欢,每月1次,"收藏爱好,送礼纪念",电商店铺,非常了解,毫无兴趣,非遗文化底蕴,"不适合日常使用,工艺精致",不愿意,强烈支持,"适配日常使用,优化款式设计",一定会,大漆漆扇,小众艺术轻奢风,完全接受，更有特色,文化寓意,极高,单品简约款,无所谓,经典黑金红传统色,愿意,商务小礼品,会，非常加分,"华而不实无实用性,款式同质化严重",20元以内,50-80元,不太接受,一定会买,会驻足了解,"文创展会,线上店铺",大幅提升,不确定,"优惠活动福利,高颜值产品实拍图",文具类,不认可,希望兼顾传统工艺和日常实用性，价格可以分档。
daqi-answer-1470,2026-08-14T18:17:00+08:00,男,18岁以下,自由职业,2000-3500元,比较喜欢,季度1-2次,日常自用,"文创展会,短视频平台",略有耳闻,非常感兴趣,"色泽质感高级,国风颜值高","价格昂贵,不适合日常使用",非常愿意,支持,"降低价格,优化款式设计",可能会,"大件漆艺摆件,大漆漆扇",简约现代风,可以接受,"颜值外观,独特小众性",极高,盲盒款式,非常喜欢,莫兰迪浅色系,不愿意,"同学朋友送礼,纪念收藏",略有影响,价格虚高,20-40元,80-120元,完全愿意,大概率会,一定会了解购买,线上店铺,无变化,一定会复购,工艺制作短视频,"桌面摆件类,配饰挂件类",非常认可，环保创新,建议多做短视频展示制作过程，并在线下市集提供体验。
daqi-answer-1471,2026-08-15T09:30:00+08:00,女,23-30岁,在校学生,1000元以内,一般,每月多次,"送礼纪念,活动奖品","短视频平台,朋友推荐",完全没听过,一般,"非遗文化底蕴,色泽质感高级",款式老旧,愿意,强烈支持,优化款式设计,不确定,"大漆书签,文创套装礼盒",传统国风古风,完全接受，更有特色,"价格性价比,工艺质感",一般,单品简约款,喜欢,自然原木底色,非常愿意,"节日礼物,师生赠礼",会，非常加分,"价格虚高,做工粗糙",40-60元,50元以内,可以接受小幅溢价,一定会买,一定会了解购买,"校园市集,文创展会",大幅提升,可能复购,"非遗文化科普,高颜值产品实拍图","文具类,配饰挂件类",比较认可,包装可以更精致，同时附上简明的非遗文化说明卡。
daqi-answer-1472,2026-08-16T10:43:00+08:00,男,18岁以下,职场上班族,1000-2000元,非常喜欢,每月1次,"市集/展会随手购买,收藏爱好",电商店铺,非常了解,非常感兴趣,手工工艺独特,"不适合日常使用,款式老旧",非常愿意,支持,"加强科普宣传,优化款式设计",一定会,大漆漆扇,简约现代风,完全接受，更有特色,实用性,极高,组合套装礼盒,不喜欢,经典黑金红传统色,愿意,同学朋友送礼,略有影响,"款式同质化严重,华而不实无实用性",20元以内,50-80元,完全愿意,一定会买,随缘,"社群团购,校园市集",小幅提升,不会复购,"工艺制作短视频,高颜值产品实拍图",配饰挂件类,非常认可，环保创新,希望增加年轻化配色和小件礼盒，方便送礼和收藏。
daqi-answer-1473,2026-08-17T11:56:00+08:00,女,18-22岁,自由职业,3500元以上,比较喜欢,几乎不买,日常自用,"朋友推荐,线下实体店",完全没听过,比较感兴趣,"色泽质感高级,手工工艺独特","价格昂贵,款式老旧",愿意,中立,"降低价格,提升包装质感",可能会,"大漆书签,大漆钥匙扣",简约现代风,介意，追求完美品,"颜值外观,文化寓意",较高,定制专属款,非常喜欢,莫兰迪浅色系,非常愿意,"同学朋友送礼,商务小礼品",无影响,价格虚高,20-40元,50元以内,完全愿意,看价格款式决定,一定会了解购买,线上店铺,反而降低,一定会复购,高颜值产品实拍图,"桌面摆件类,文具类",比较认可,希望兼顾传统工艺和日常实用性，价格可以分档。
daqi-answer-1474,2026-08-18T12:09:00+08:00,男,23-30岁,在校学生,1000元以内,完全不感兴趣,每月多次,"收藏爱好,活动奖品","短视频平台,校园市集",非常了解,一般,"非遗文化底蕴,手工工艺独特",款式老旧,无所谓,强烈支持,优化款式设计,一定会,"大漆书签,大件漆艺摆件",小众艺术轻奢风,完全接受，更有特色,"工艺质感,颜值外观",较低,单品简约款,喜欢,经典黑金红传统色,愿意,"师生赠礼,节日礼物",会，非常加分,"华而不实无实用性,做工粗糙",20元以内,50元以内,不太接受,一定会买,会驻足了解,"文创展会,校园市集",大幅提升,可能复购,"非遗文化科普,工艺制作短视频","文具类,定制专属类",无所谓,建议多做短视频展示制作过程，并在线下市集提供体验。
daqi-answer-1475,2026-08-19T13:22:00+08:00,女,18岁以下,职场上班族,2000-3500元,非常喜欢,季度1-2次,"日常自用,收藏爱好",校园市集,略有耳闻,非常感兴趣,手工工艺独特,"工艺精致,款式老旧",非常愿意,支持,"降低价格,适配日常使用",一定会,大漆钥匙扣,简约现代风,可以接受,颜值外观,极高,组合套装礼盒,非常喜欢,莫兰迪浅色系,随缘,同学朋友送礼,略有影响,"款式同质化严重,价格虚高",20元以内,80-120元,完全愿意,大概率会,不会关注,"线上店铺,校园市集",小幅提升,一定会复购,"工艺制作短视频,优惠活动福利",配饰挂件类,非常认可，环保创新,包装可以更精致，同时附上简明的非遗文化说明卡。
daqi-answer-1476,2026-08-20T14:35:00+08:00,男,18-22岁,其他,1000元以内,一般,每月多次,送礼纪念,"短视频平台,朋友推荐",非常了解,比较感兴趣,"国风颜值高,手工工艺独特","价格昂贵,适合收藏送礼",愿意,强烈支持,"降低价格,加强科普宣传",不确定,"大漆书签,大漆漆扇",传统国风古风,非常介意,"价格性价比,工艺质感",较高,单品简约款,喜欢,撞色潮流色系,非常愿意,"节日礼物,商务小礼品",会，非常加分,价格虚高,40-60元,50元以内,可以接受小幅溢价,基本不会,一定会了解购买,校园市集,大幅提升,可能复购,高颜值产品实拍图,"礼盒套装类,文具类",比较认可,希望增加年轻化配色和小件礼盒，方便送礼和收藏。
daqi-answer-1477,2026-08-21T15:48:00+08:00,女,40岁以上,在校学生,1000-2000元,非常喜欢,每月1次,"收藏爱好,送礼纪念","电商店铺,短视频平台",略有耳闻,兴趣较低,"非遗文化底蕴,小众不撞款",款式老旧,非常愿意,强烈支持,适配日常使用,一定会,"大漆漆扇,大件漆艺摆件",可爱治愈风,完全接受，更有特色,"工艺质感,实用性",极高,组合套装礼盒,无所谓,经典黑金红传统色,愿意,"师生赠礼,同学朋友送礼",会，非常加分,"华而不实无实用性,款式同质化严重",20元以内,50-80元,完全不接受,一定会买,会驻足了解,"文创展会,线上店铺",小幅提升,不确定,"市集线下体验,工艺制作短视频","文具类,礼盒套装类",非常认可，环保创新,希望兼顾传统工艺和日常实用性，价格可以分档。
daqi-answer-1478,2026-08-22T16:01:00+08:00,男,18岁以下,自由职业,3500元以上,比较喜欢,季度1-2次,"日常自用,送礼纪念",校园市集,完全没听过,非常感兴趣,手工工艺独特,"价格昂贵,不适合日常使用",非常愿意,中立,"降低价格,优化款式设计",可能会,大件漆艺摆件,简约现代风,可以接受,颜值外观,极高,盲盒款式,非常喜欢,莫兰迪浅色系,非常愿意,同学朋友送礼,无影响,"包装简陋,华而不实无实用性",20-40元,120元以上,完全愿意,大概率会,一定会了解购买,"线上店铺,社群团购",无变化,一定会复购,"工艺制作短视频,市集线下体验",配饰挂件类,非常认可，环保创新,建议多做短视频展示制作过程，并在线下市集提供体验。
daqi-answer-1479,2026-08-23T17:14:00+08:00,女,23-30岁,在校学生,1000元以内,一般,每月多次,送礼纪念,"短视频平台,校园市集",非常了解,比较感兴趣,"非遗文化底蕴,色泽质感高级","价格昂贵,工艺精致",无所谓,强烈支持,"优化款式设计,加强科普宣传",基本不会,"大漆书签,文创套装礼盒",传统国风古风,完全接受，更有特色,"价格性价比,独特小众性",一般,单品简约款,喜欢,经典黑金红传统色,非常愿意,"节日礼物,师生赠礼",会，非常加分,价格虚高,60元以上,50元以内,可以接受小幅溢价,一定会买,会驻足了解,校园市集,大幅提升,可能复购,高颜值产品实拍图,"文具类,配饰挂件类",无所谓,包装可以更精致，同时附上简明的非遗文化说明卡。
daqi-answer-1480,2026-08-24T18:27:00+08:00,男,18岁以下,职场上班族,1000-2000元,非常喜欢,每月1次,"活动奖品,送礼纪念","电商店铺,朋友推荐",略有耳闻,非常感兴趣,"非遗文化底蕴,国风颜值高",不适合日常使用,非常愿意,支持,加强科普宣传,一定会,"大漆漆扇,大漆钥匙扣",简约现代风,可以接受,"文化寓意,工艺质感",极高,组合套装礼盒,非常喜欢,经典黑金红传统色,随缘,"纪念收藏,节日礼物",略有影响,"款式同质化严重,华而不实无实用性",20元以内,50-80元,完全愿意,大概率会,随缘,"线下实体店,线上店铺",小幅提升,一定会复购,"工艺制作短视频,高颜值产品实拍图","文具类,桌面摆件类",非常认可，环保创新,希望增加年轻化配色和小件礼盒，方便送礼和收藏。
daqi-answer-1481,2026-08-25T09:40:00+08:00,女,18-22岁,自由职业,1000元以内,比较喜欢,半年一次,"日常自用,市集/展会随手购买",文创展会,非常了解,非常感兴趣,色泽质感高级,"价格昂贵,款式老旧",愿意,不支持,"降低价格,提升包装质感",可能会,大漆书签,传统国风古风,介意，追求完美品,颜值外观,较高,单品简约款,非常喜欢,撞色潮流色系,非常愿意,同学朋友送礼,不在意,"价格虚高,华而不实无实用性",20-40元,50元以内,可以接受小幅溢价,看价格款式决定,一定会了解购买,"线上店铺,线下实体店",大幅提升,一定会复购,"工艺制作短视频,非遗文化科普",桌面摆件类,比较认可,希望兼顾传统工艺和日常实用性，价格可以分档。
daqi-answer-1482,2026-08-26T10:53:00+08:00,男,23-30岁,在校学生,1000-2000元,不太喜欢,每月多次,送礼纪念,"短视频平台,线下实体店",略有耳闻,一般,"非遗文化底蕴,手工工艺独特","款式老旧,工艺精致",不愿意,强烈支持,"优化款式设计,适配日常使用",一定会,"大漆书签,大件漆艺摆件",小众艺术轻奢风,完全接受，更有特色,"价格性价比,文化寓意",一般,单品简约款,无所谓,经典黑金红传统色,愿意,"师生赠礼,节日礼物",会，非常加分,华而不实无实用性,20元以内,50-80元,不太接受,一定会买,会驻足了解,校园市集,大幅提升,不确定,非遗文化科普,"文具类,定制专属类",不认可,建议多做短视频展示制作过程，并在线下市集提供体验。
daqi-answer-1483,2026-08-27T11:06:00+08:00,男,18岁以下,职场上班族,2000-3500元,非常喜欢,每月1次,"日常自用,收藏爱好","电商店铺,校园市集",非常了解,非常感兴趣,"手工工艺独特,国风颜值高",工艺精致,非常愿意,支持,降低价格,可能会,"大漆钥匙扣,大漆漆扇",简约现代风,可以接受,"实用性,价格性价比",极高,盲盒款式,非常喜欢,莫兰迪浅色系,不愿意,"同学朋友送礼,节日礼物",略有影响,"款式同质化严重,价格虚高",20-40元,80-120元,完全愿意,大概率会,一定会了解购买,"线上店铺,校园市集",无变化,一定会复购,"工艺制作短视频,优惠活动福利","配饰挂件类,桌面摆件类",非常认可，环保创新,包装可以更精致，同时附上简明的非遗文化说明卡。
daqi-answer-1484,2026-08-28T12:19:00+08:00,男,18-22岁,个体经营者,1000元以内,比较喜欢,每月多次,"日常自用,活动奖品",朋友推荐,非常了解,比较感兴趣,国风颜值高,"价格昂贵,适合收藏送礼",愿意,强烈支持,"降低价格,加强科普宣传",不确定,大漆书签,传统国风古风,完全接受，更有特色,颜值外观,较高,单品简约款,喜欢,自然原木底色,非常愿意,节日礼物,会，非常加分,"价格虚高,包装简陋",40-60元,50元以内,可以接受小幅溢价,一定会买,一定会了解购买,"线上店铺,文创展会",大幅提升,可能复购,"高颜值产品实拍图,非遗文化科普",礼盒套装类,比较认可,希望增加年轻化配色和小件礼盒，方便送礼和收藏。
daqi-answer-1485,2026-08-01T13:32:00+08:00,男,31-40岁,在校学生,1000-2000元,非常喜欢,每月多次,收藏爱好,"短视频平台,文创展会",完全没听过,兴趣较低,"非遗文化底蕴,小众不撞款","款式老旧,不适合日常使用",非常愿意,支持,"适配日常使用,优化款式设计",一定会,"大漆漆扇,大件漆艺摆件",简约现代风,完全接受，更有特色,"价格性价比,颜值外观",不看重,组合套装礼盒,不喜欢,经典黑金红传统色,愿意,"师生赠礼,同学朋友送礼",略有影响,华而不实无实用性,20元以内,50-80元,完全愿意,一定会买,随缘,文创展会,小幅提升,不会复购,市集线下体验,"文具类,礼盒套装类",非常认可，环保创新,希望兼顾传统工艺和日常实用性，价格可以分档。
daqi-answer-1486,2026-08-02T14:45:00+08:00,女,18岁以下,职场上班族,1000元以内,非常喜欢,季度1-2次,"日常自用,送礼纪念","校园市集,短视频平台",非常了解,非常感兴趣,"手工工艺独特,色泽质感高级",价格昂贵,愿意,中立,降低价格,可能会,"大漆钥匙扣,大漆书签",简约现代风,介意，追求完美品,"颜值外观,价格性价比",极高,定制专属款,非常喜欢,莫兰迪浅色系,非常愿意,"同学朋友送礼,纪念收藏",无影响,"做工粗糙,价格虚高",20-40元,50元以内,完全愿意,看价格款式决定,一定会了解购买,"线上店铺,社群团购",反而降低,一定会复购,"工艺制作短视频,市集线下体验","配饰挂件类,文具类",比较认可,建议多做短视频展示制作过程，并在线下市集提供体验。
daqi-answer-1487,2026-08-03T15:58:00+08:00,男,18-22岁,在校学生,1000元以内,一般,每月多次,"送礼纪念,活动奖品",短视频平台,略有耳闻,比较感兴趣,非遗文化底蕴,"价格昂贵,工艺精致",无所谓,强烈支持,"优化款式设计,加强科普宣传",一定会,大漆书签,小众艺术轻奢风,完全接受，更有特色,颜值外观,一般,单品简约款,喜欢,经典黑金红传统色,愿意,节日礼物,会，非常加分,"价格虚高,做工粗糙",20元以内,50元以内,不太接受,一定会买,会驻足了解,"校园市集,文创展会",大幅提升,可能复购,"高颜值产品实拍图,工艺制作短视频",定制专属类,无所谓,包装可以更精致，同时附上简明的非遗文化说明卡。
daqi-answer-1488,2026-08-04T16:11:00+08:00,女,18岁以下,在校学生,2000-3500元,非常喜欢,每月1次,活动奖品,"电商店铺,校园市集",非常了解,非常感兴趣,"非遗文化底蕴,国风颜值高","不适合日常使用,款式老旧",非常愿意,支持,"适配日常使用,降低价格",一定会,"大漆漆扇,大漆钥匙扣",简约现代风,可以接受,"工艺质感,独特小众性",极高,组合套装礼盒,非常喜欢,莫兰迪浅色系,随缘,"商务小礼品,同学朋友送礼",略有影响,华而不实无实用性,20元以内,80-120元,完全愿意,大概率会,不会关注,线下实体店,小幅提升,一定会复购,优惠活动福利,"文具类,桌面摆件类",非常认可，环保创新,希望增加年轻化配色和小件礼盒，方便送礼和收藏。
daqi-answer-1489,2026-08-05T17:24:00+08:00,男,18岁以下,自由职业,1000元以内,比较喜欢,半年一次,"日常自用,市集/展会随手购买","校园市集,朋友推荐",略有耳闻,非常感兴趣,"色泽质感高级,手工工艺独特",价格昂贵,愿意,强烈支持,降低价格,不确定,"文创套装礼盒,大漆漆扇",传统国风古风,非常介意,"颜值外观,实用性",较高,单品简约款,喜欢,撞色潮流色系,非常愿意,"同学朋友送礼,商务小礼品",会，非常加分,"价格虚高,华而不实无实用性",40-60元,50元以内,可以接受小幅溢价,基本不会,一定会了解购买,"线上店铺,线下实体店",大幅提升,可能复购,"工艺制作短视频,非遗文化科普","桌面摆件类,文具类",比较认可,希望兼顾传统工艺和日常实用性，价格可以分档。
daqi-answer-1490,2026-08-06T18:37:00+08:00,女,23-30岁,在校学生,1000-2000元,不太喜欢,每月多次,"送礼纪念,收藏爱好",短视频平台,完全没听过,一般,非遗文化底蕴,"款式老旧,工艺精致",非常愿意,强烈支持,"优化款式设计,适配日常使用",一定会,大漆书签,可爱治愈风,完全接受，更有特色,价格性价比,一般,组合套装礼盒,无所谓,经典黑金红传统色,愿意,节日礼物,会，非常加分,"价格虚高,款式同质化严重",20元以内,50-80元,完全不接受,一定会买,会驻足了解,"校园市集,线上店铺",小幅提升,不确定,"非遗文化科普,工艺制作短视频",文具类,非常认可，环保创新,建议多做短视频展示制作过程，并在线下市集提供体验。
daqi-answer-1491,2026-08-07T09:50:00+08:00,男,18岁以下,职场上班族,3500元以上,非常喜欢,每月1次,日常自用,"电商店铺,线下实体店",非常了解,非常感兴趣,"手工工艺独特,国风颜值高","不适合日常使用,价格昂贵",非常愿意,中立,"提升包装质感,优化款式设计",可能会,"大漆钥匙扣,大漆漆扇",简约现代风,可以接受,"工艺质感,文化寓意",极高,盲盒款式,非常喜欢,莫兰迪浅色系,非常愿意,"同学朋友送礼,节日礼物",无影响,款式同质化严重,20-40元,120元以上,完全愿意,大概率会,一定会了解购买,社群团购,无变化,一定会复购,工艺制作短视频,"配饰挂件类,桌面摆件类",非常认可，环保创新,包装可以更精致，同时附上简明的非遗文化说明卡。
daqi-answer-1492,2026-08-08T10:03:00+08:00,女,18-22岁,个体经营者,1000元以内,比较喜欢,每月多次,"日常自用,活动奖品","文创展会,校园市集",完全没听过,比较感兴趣,"色泽质感高级,非遗文化底蕴",价格昂贵,无所谓,强烈支持,降低价格,基本不会,"大漆书签,大漆漆扇",传统国风古风,完全接受，更有特色,"颜值外观,工艺质感",较高,单品简约款,喜欢,经典黑金红传统色,非常愿意,"同学朋友送礼,师生赠礼",会，非常加分,"价格虚高,包装简陋",60元以上,50元以内,可以接受小幅溢价,一定会买,会驻足了解,"线上店铺,文创展会",大幅提升,可能复购,"高颜值产品实拍图,非遗文化科普","桌面摆件类,定制专属类",无所谓,希望增加年轻化配色和小件礼盒，方便送礼和收藏。
daqi-answer-1493,2026-08-09T11:16:00+08:00,男,31-40岁,在校学生,1000-2000元,非常喜欢,每月多次,"收藏爱好,送礼纪念",短视频平台,非常了解,一般,非遗文化底蕴,"款式老旧,不适合日常使用",非常愿意,支持,"适配日常使用,优化款式设计",一定会,大漆漆扇,简约现代风,可以接受,价格性价比,较低,组合套装礼盒,非常喜欢,经典黑金红传统色,随缘,师生赠礼,略有影响,"华而不实无实用性,款式同质化严重",20元以内,50-80元,完全愿意,大概率会,随缘,"文创展会,线上店铺",小幅提升,一定会复购,"非遗文化科普,优惠活动福利",文具类,非常认可，环保创新,希望兼顾传统工艺和日常实用性，价格可以分档。
daqi-answer-1494,2026-08-10T12:29:00+08:00,女,18岁以下,职场上班族,1000元以内,非常喜欢,季度1-2次,日常自用,"电商店铺,文创展会",略有耳闻,非常感兴趣,"手工工艺独特,色泽质感高级","适合收藏送礼,款式老旧",愿意,不支持,"降低价格,优化款式设计",可能会,"大漆钥匙扣,大漆书签",传统国风古风,介意，追求完美品,"实用性,工艺质感",极高,单品简约款,非常喜欢,撞色潮流色系,非常愿意,"同学朋友送礼,纪念收藏",不在意,做工粗糙,20-40元,50元以内,可以接受小幅溢价,看价格款式决定,一定会了解购买,线上店铺,大幅提升,一定会复购,工艺制作短视频,"配饰挂件类,文具类",比较认可,建议多做短视频展示制作过程，并在线下市集提供体验。
daqi-answer-1495,2026-08-11T13:42:00+08:00,男,18-22岁,在校学生,1000-2000元,一般,每月多次,"送礼纪念,活动奖品","朋友推荐,电商店铺",非常了解,比较感兴趣,"小众不撞款,手工工艺独特",价格昂贵,不愿意,强烈支持,优化款式设计,一定会,"大漆书签,文创套装礼盒",小众艺术轻奢风,完全接受，更有特色,"颜值外观,独特小众性",较高,单品简约款,无所谓,经典黑金红传统色,愿意,"节日礼物,师生赠礼",会，非常加分,"价格虚高,做工粗糙",20元以内,50-80元,不太接受,一定会买,会驻足了解,"校园市集,文创展会",大幅提升,不确定,"高颜值产品实拍图,工艺制作短视频","礼盒套装类,定制专属类",不认可,包装可以更精致，同时附上简明的非遗文化说明卡。
daqi-answer-1496,2026-08-12T14:55:00+08:00,女,18岁以下,在校学生,2000-3500元,非常喜欢,每月1次,"收藏爱好,日常自用",短视频平台,略有耳闻,毫无兴趣,非遗文化底蕴,"不适合日常使用,款式老旧",非常愿意,支持,"适配日常使用,降低价格",可能会,大漆漆扇,简约现代风,可以接受,价格性价比,极高,盲盒款式,非常喜欢,莫兰迪浅色系,不愿意,商务小礼品,略有影响,"华而不实无实用性,价格虚高",20-40元,80-120元,完全愿意,大概率会,一定会了解购买,"文创展会,社群团购",无变化,一定会复购,"市集线下体验,优惠活动福利",文具类,非常认可，环保创新,希望增加年轻化配色和小件礼盒，方便送礼和收藏。
daqi-answer-1497,2026-08-13T15:08:00+08:00,男,18岁以下,自由职业,1000元以内,比较喜欢,季度1-2次,日常自用,"电商店铺,短视频平台",完全没听过,非常感兴趣,"色泽质感高级,手工工艺独特","价格昂贵,款式老旧",愿意,强烈支持,"降低价格,提升包装质感",不确定,"大件漆艺摆件,大漆书签",传统国风古风,完全接受，更有特色,"颜值外观,工艺质感",极高,单品简约款,喜欢,自然原木底色,非常愿意,"同学朋友送礼,商务小礼品",会，非常加分,包装简陋,40-60元,50元以内,可以接受小幅溢价,一定会买,一定会了解购买,线上店铺,大幅提升,可能复购,工艺制作短视频,"配饰挂件类,定制专属类",无所谓,希望兼顾传统工艺和日常实用性，价格可以分档。
daqi-answer-1498,2026-08-14T16:21:00+08:00,女,23-30岁,在校学生,1000-2000元,一般,每月多次,"送礼纪念,收藏爱好","短视频平台,电商店铺",非常了解,一般,"非遗文化底蕴,手工工艺独特",款式老旧,非常愿意,支持,优化款式设计,一定会,"大漆书签,大件漆艺摆件",简约现代风,完全接受，更有特色,"颜值外观,文化寓意",一般,组合套装礼盒,不喜欢,经典黑金红传统色,愿意,"节日礼物,同学朋友送礼",略有影响,"价格虚高,款式同质化严重",20元以内,50-80元,完全愿意,一定会买,随缘,"校园市集,线上店铺",小幅提升,不会复购,"高颜值产品实拍图,优惠活动福利","文具类,定制专属类",非常认可，环保创新,建议多做短视频展示制作过程，并在线下市集提供体验。
daqi-answer-1499,2026-08-15T17:34:00+08:00,男,18岁以下,职场上班族,1000元以内,非常喜欢,每月1次,"市集/展会随手购买,送礼纪念",短视频平台,略有耳闻,非常感兴趣,手工工艺独特,"不适合日常使用,价格昂贵",愿意,中立,"加强科普宣传,降低价格",可能会,大漆漆扇,简约现代风,介意，追求完美品,工艺质感,极高,定制专属款,非常喜欢,莫兰迪浅色系,非常愿意,纪念收藏,无影响,"款式同质化严重,价格虚高",20-40元,50元以内,完全愿意,看价格款式决定,一定会了解购买,"线下实体店,社群团购",反而降低,一定会复购,"工艺制作短视频,优惠活动福利",配饰挂件类,比较认可,包装可以更精致，同时附上简明的非遗文化说明卡。
daqi-answer-1500,2026-08-16T18:47:00+08:00,男,18-22岁,自由职业,1000元以内,比较喜欢,几乎不买,日常自用,"校园市集,线下实体店",非常了解,比较感兴趣,"色泽质感高级,非遗文化底蕴","价格昂贵,适合收藏送礼",无所谓,强烈支持,"降低价格,加强科普宣传",一定会,"大漆书签,大漆漆扇",小众艺术轻奢风,完全接受，更有特色,"颜值外观,独特小众性",较高,单品简约款,喜欢,经典黑金红传统色,愿意,"同学朋友送礼,师生赠礼",会，非常加分,价格虚高,20元以内,50元以内,不太接受,一定会买,会驻足了解,线上店铺,大幅提升,不确定,高颜值产品实拍图,"桌面摆件类,定制专属类",无所谓,希望增加年轻化配色和小件礼盒，方便送礼和收藏。
daqi-answer-1501,2026-08-17T09:00:00+08:00,男,23-30岁,在校学生,2000-3500元,完全不感兴趣,每月多次,"收藏爱好,送礼纪念","短视频平台,朋友推荐",略有耳闻,一般,"非遗文化底蕴,小众不撞款",款式老旧,非常愿意,支持,优化款式设计,一定会,"大漆书签,大漆钥匙扣",简约现代风,可以接受,"价格性价比,工艺质感",较低,组合套装礼盒,非常喜欢,莫兰迪浅色系,随缘,"师生赠礼,同学朋友送礼",略有影响,"华而不实无实用性,款式同质化严重",20元以内,80-120元,完全愿意,大概率会,不会关注,"校园市集,社群团购",无变化,一定会复购,"非遗文化科普,优惠活动福利","文具类,礼盒套装类",非常认可，环保创新,希望兼顾传统工艺和日常实用性，价格可以分档。
daqi-answer-1502,2026-08-18T10:13:00+08:00,男,18岁以下,职场上班族,1000元以内,非常喜欢,季度1-2次,"日常自用,送礼纪念",电商店铺,非常了解,非常感兴趣,手工工艺独特,"工艺精致,价格昂贵",愿意,强烈支持,"降低价格,优化款式设计",不确定,大漆钥匙扣,传统国风古风,非常介意,工艺质感,极高,单品简约款,喜欢,撞色潮流色系,非常愿意,同学朋友送礼,会，非常加分,"款式同质化严重,包装简陋",40-60元,50元以内,可以接受小幅溢价,基本不会,一定会了解购买,"线上店铺,社群团购",大幅提升,可能复购,"工艺制作短视频,市集线下体验",配饰挂件类,比较认可,建议多做短视频展示制作过程，并在线下市集提供体验。
daqi-answer-1503,2026-08-19T11:26:00+08:00,女,18-22岁,其他,1000-2000元,一般,每月多次,送礼纪念,"校园市集,文创展会",非常了解,比较感兴趣,"国风颜值高,非遗文化底蕴","价格昂贵,工艺精致",非常愿意,强烈支持,"降低价格,适配日常使用",一定会,"大漆书签,文创套装礼盒",可爱治愈风,完全接受，更有特色,"颜值外观,文化寓意",较高,组合套装礼盒,无所谓,经典黑金红传统色,愿意,"节日礼物,师生赠礼",会，非常加分,价格虚高,20元以内,50-80元,完全不接受,一定会买,随缘,校园市集,小幅提升,不确定,高颜值产品实拍图,"礼盒套装类,定制专属类",非常认可，环保创新,包装可以更精致，同时附上简明的非遗文化说明卡。
daqi-answer-1504,2026-08-20T12:39:00+08:00,男,40岁以上,在校学生,3500元以上,非常喜欢,每月1次,"收藏爱好,日常自用","短视频平台,校园市集",完全没听过,兴趣较低,"非遗文化底蕴,国风颜值高",款式老旧,非常愿意,中立,适配日常使用,可能会,"大漆漆扇,大漆钥匙扣",简约现代风,可以接受,"价格性价比,独特小众性",不看重,盲盒款式,非常喜欢,莫兰迪浅色系,非常愿意,"师生赠礼,纪念收藏",无影响,"华而不实无实用性,价格虚高",20-40元,120元以上,完全愿意,看价格款式决定,一定会了解购买,"文创展会,社群团购",无变化,一定会复购,"市集线下体验,优惠活动福利","文具类,桌面摆件类",非常认可，环保创新,希望增加年轻化配色和小件礼盒，方便送礼和收藏。
daqi-answer-1505,2026-08-21T13:52:00+08:00,女,18岁以下,自由职业,1000元以内,比较喜欢,季度1-2次,"日常自用,市集/展会随手购买",电商店铺,非常了解,非常感兴趣,手工工艺独特,"价格昂贵,款式老旧",无所谓,强烈支持,"降低价格,提升包装质感",基本不会,大件漆艺摆件,传统国风古风,完全接受，更有特色,文化寓意,极高,单品简约款,喜欢,经典黑金红传统色,非常愿意,同学朋友送礼,会，非常加分,"做工粗糙,包装简陋",60元以上,50元以内,不太接受,一定会买,会驻足了解,"线上店铺,线下实体店",大幅提升,可能复购,"工艺制作短视频,非遗文化科普",配饰挂件类,无所谓,希望兼顾传统工艺和日常实用性，价格可以分档。
daqi-answer-1506,2026-08-22T14:05:00+08:00,男,23-30岁,在校学生,1000-2000元,一般,每月多次,送礼纪念,"朋友推荐,校园市集",略有耳闻,比较感兴趣,"非遗文化底蕴,手工工艺独特","价格昂贵,不适合日常使用",非常愿意,支持,"优化款式设计,适配日常使用",一定会,"大漆书签,大件漆艺摆件",简约现代风,可以接受,"颜值外观,价格性价比",一般,组合套装礼盒,非常喜欢,经典黑金红传统色,随缘,"节日礼物,同学朋友送礼",略有影响,价格虚高,20元以内,80-120元,完全愿意,大概率会,随缘,校园市集,小幅提升,一定会复购,高颜值产品实拍图,"文具类,定制专属类",非常认可，环保创新,建议多做短视频展示制作过程，并在线下市集提供体验。
daqi-answer-1507,2026-08-23T15:18:00+08:00,女,18岁以下,职场上班族,1000元以内,非常喜欢,每月1次,"活动奖品,日常自用","短视频平台,线下实体店",非常了解,非常感兴趣,"非遗文化底蕴,色泽质感高级",不适合日常使用,愿意,不支持,加强科普宣传,可能会,"大漆漆扇,大漆书签",传统国风古风,介意，追求完美品,"价格性价比,文化寓意",极高,单品简约款,非常喜欢,撞色潮流色系,非常愿意,"商务小礼品,纪念收藏",不在意,"华而不实无实用性,包装简陋",40-60元,50元以内,可以接受小幅溢价,看价格款式决定,一定会了解购买,"线下实体店,社群团购",大幅提升,一定会复购,"工艺制作短视频,优惠活动福利","文具类,配饰挂件类",比较认可,包装可以更精致，同时附上简明的非遗文化说明卡。
daqi-answer-1508,2026-08-24T16:31:00+08:00,男,18-22岁,自由职业,1000-2000元,比较喜欢,半年一次,"日常自用,活动奖品",电商店铺,略有耳闻,非常感兴趣,色泽质感高级,"价格昂贵,适合收藏送礼",不愿意,强烈支持,"降低价格,加强科普宣传",一定会,文创套装礼盒,小众艺术轻奢风,完全接受，更有特色,颜值外观,较高,单品简约款,无所谓,经典黑金红传统色,愿意,同学朋友送礼,会，非常加分,"价格虚高,包装简陋",20元以内,50-80元,不太接受,一定会买,会驻足了解,"线上店铺,文创展会",大幅提升,不确定,"工艺制作短视频,高颜值产品实拍图",桌面摆件类,不认可,希望增加年轻化配色和小件礼盒，方便送礼和收藏。
daqi-answer-1509,2026-08-25T17:44:00+08:00,女,23-30岁,在校学生,2000-3500元,不太喜欢,每月多次,送礼纪念,"短视频平台,校园市集",完全没听过,一般,"非遗文化底蕴,小众不撞款","款式老旧,不适合日常使用",非常愿意,支持,"优化款式设计,降低价格",可能会,"大漆书签,大漆钥匙扣",简约现代风,可以接受,"颜值外观,实用性",一般,盲盒款式,非常喜欢,莫兰迪浅色系,不愿意,"节日礼物,纪念收藏",无影响,华而不实无实用性,20-40元,80-120元,完全愿意,大概率会,一定会了解购买,校园市集,无变化,一定会复购,非遗文化科普,"文具类,礼盒套装类",非常认可，环保创新,希望兼顾传统工艺和日常实用性，价格可以分档。
daqi-answer-1510,2026-08-26T18:57:00+08:00,男,18岁以下,职场上班族,1000元以内,非常喜欢,每月1次,"日常自用,送礼纪念","短视频平台,文创展会",非常了解,非常感兴趣,"手工工艺独特,色泽质感高级",工艺精致,愿意,强烈支持,提升包装质感,不确定,"大漆钥匙扣,大漆书签",传统国风古风,完全接受，更有特色,"工艺质感,价格性价比",极高,单品简约款,喜欢,自然原木底色,非常愿意,"同学朋友送礼,纪念收藏",会，非常加分,"款式同质化严重,包装简陋",40-60元,50元以内,可以接受小幅溢价,一定会买,一定会了解购买,"线上店铺,社群团购",大幅提升,可能复购,"工艺制作短视频,市集线下体验","配饰挂件类,文具类",无所谓,建议多做短视频展示制作过程，并在线下市集提供体验。
daqi-answer-1511,2026-08-27T09:10:00+08:00,女,18-22岁,个体经营者,1000-2000元,比较喜欢,每月多次,"日常自用,收藏爱好",校园市集,完全没听过,比较感兴趣,国风颜值高,"价格昂贵,工艺精致",非常愿意,支持,"降低价格,适配日常使用",一定会,大漆书签,简约现代风,完全接受，更有特色,颜值外观,较高,组合套装礼盒,不喜欢,经典黑金红传统色,随缘,节日礼物,略有影响,"价格虚高,做工粗糙",20元以内,50-80元,完全愿意,一定会买,随缘,"线上店铺,校园市集",小幅提升,不会复购,"高颜值产品实拍图,工艺制作短视频",桌面摆件类,非常认可，环保创新,包装可以更精致，同时附上简明的非遗文化说明卡。
daqi-answer-1512,2026-08-28T10:23:00+08:00,男,31-40岁,在校学生,1000元以内,非常喜欢,每月多次,收藏爱好,"短视频平台,线下实体店",非常了解,兴趣较低,"非遗文化底蕴,国风颜值高","款式老旧,价格昂贵",愿意,中立,"适配日常使用,降低价格",可能会,"大漆漆扇,大漆钥匙扣",简约现代风,介意，追求完美品,"价格性价比,文化寓意",较低,定制专属款,非常喜欢,撞色潮流色系,非常愿意,"师生赠礼,纪念收藏",无影响,华而不实无实用性,20-40元,50元以内,完全愿意,看价格款式决定,一定会了解购买,文创展会,反而降低,一定会复购,非遗文化科普,"文具类,桌面摆件类",比较认可,希望增加年轻化配色和小件礼盒，方便送礼和收藏。
daqi-answer-1513,2026-08-01T11:36:00+08:00,女,18岁以下,职场上班族,1000元以内,非常喜欢,季度1-2次,"日常自用,市集/展会随手购买","电商店铺,校园市集",略有耳闻,非常感兴趣,"手工工艺独特,非遗文化底蕴",适合收藏送礼,无所谓,强烈支持,降低价格,一定会,"大漆钥匙扣,文创套装礼盒",小众艺术轻奢风,完全接受，更有特色,"工艺质感,独特小众性",极高,单品简约款,无所谓,经典黑金红传统色,愿意,"同学朋友送礼,商务小礼品",会，非常加分,"做工粗糙,包装简陋",20元以内,50元以内,不太接受,一定会买,会驻足了解,"线上店铺,线下实体店",大幅提升,不确定,"工艺制作短视频,非遗文化科普","配饰挂件类,定制专属类",无所谓,希望兼顾传统工艺和日常实用性，价格可以分档。
daqi-answer-1514,2026-08-02T12:49:00+08:00,男,18-22岁,在校学生,2000-3500元,一般,每月多次,"送礼纪念,收藏爱好",校园市集,非常了解,比较感兴趣,小众不撞款,"价格昂贵,不适合日常使用",非常愿意,支持,"优化款式设计,适配日常使用",一定会,大漆书签,简约现代风,可以接受,颜值外观,较高,盲盒款式,非常喜欢,莫兰迪浅色系,随缘,节日礼物,略有影响,"价格虚高,款式同质化严重",20元以内,80-120元,完全愿意,大概率会,不会关注,"校园市集,线上店铺",无变化,一定会复购,"高颜值产品实拍图,优惠活动福利",定制专属类,非常认可，环保创新,建议多做短视频展示制作过程，并在线下市集提供体验。
daqi-answer-1515,2026-08-03T13:02:00+08:00,女,18岁以下,在校学生,1000元以内,非常喜欢,每月1次,活动奖品,"短视频平台,文创展会",略有耳闻,毫无兴趣,"非遗文化底蕴,色泽质感高级","不适合日常使用,价格昂贵",愿意,强烈支持,"适配日常使用,提升包装质感",不确定,"大漆漆扇,大漆书签",传统国风古风,非常介意,"价格性价比,颜值外观",极高,单品简约款,喜欢,撞色潮流色系,非常愿意,"商务小礼品,纪念收藏",会，非常加分,华而不实无实用性,40-60元,50元以内,可以接受小幅溢价,基本不会,一定会了解购买,文创展会,大幅提升,可能复购,优惠活动福利,"文具类,配饰挂件类",比较认可,包装可以更精致，同时附上简明的非遗文化说明卡。
daqi-answer-1516,2026-08-04T14:15:00+08:00,男,18岁以下,自由职业,1000-2000元,比较喜欢,半年一次,"日常自用,活动奖品","电商店铺,线下实体店",完全没听过,非常感兴趣,"色泽质感高级,非遗文化底蕴",价格昂贵,非常愿意,强烈支持,降低价格,一定会,"大件漆艺摆件,文创套装礼盒",可爱治愈风,完全接受，更有特色,"文化寓意,实用性",较高,组合套装礼盒,无所谓,经典黑金红传统色,愿意,"同学朋友送礼,师生赠礼",会，非常加分,"价格虚高,包装简陋",20元以内,50-80元,完全不接受,一定会买,随缘,"线上店铺,文创展会",小幅提升,不确定,"工艺制作短视频,高颜值产品实拍图","桌面摆件类,定制专属类",非常认可，环保创新,希望增加年轻化配色和小件礼盒，方便送礼和收藏。
daqi-answer-1517,2026-08-05T15:28:00+08:00,男,23-30岁,在校学生,3500元以上,不太喜欢,每月多次,"送礼纪念,日常自用",文创展会,非常了解,一般,非遗文化底蕴,"款式老旧,不适合日常使用",非常愿意,中立,"优化款式设计,降低价格",可能会,大漆书签,简约现代风,介意，追求完美品,颜值外观,一般,盲盒款式,非常喜欢,莫兰迪浅色系,非常愿意,节日礼物,无影响,"价格虚高,华而不实无实用性",20-40元,120元以上,完全愿意,看价格款式决定,一定会了解购买,"校园市集,社群团购",无变化,一定会复购,"非遗文化科普,优惠活动福利",文具类,比较认可,希望兼顾传统工艺和日常实用性，价格可以分档。
daqi-answer-1518,2026-08-06T16:41:00+08:00,男,18岁以下,职场上班族,1000元以内,非常喜欢,每月1次,市集/展会随手购买,"短视频平台,电商店铺",略有耳闻,非常感兴趣,"手工工艺独特,色泽质感高级","不适合日常使用,适合收藏送礼",无所谓,强烈支持,"加强科普宣传,提升包装质感",基本不会,"大漆漆扇,文创套装礼盒",小众艺术轻奢风,完全接受，更有特色,"价格性价比,实用性",极高,单品简约款,喜欢,经典黑金红传统色,非常愿意,"同学朋友送礼,纪念收藏",会，非常加分,款式同质化严重,60元以上,50元以内,不太接受,一定会买,会驻足了解,社群团购,大幅提升,可能复购,工艺制作短视频,"配饰挂件类,文具类",无所谓,建议多做短视频展示制作过程，并在线下市集提供体验。
daqi-answer-1519,2026-08-07T17:54:00+08:00,男,18-22岁,个体经营者,1000-2000元,比较喜欢,几乎不买,"日常自用,收藏爱好","电商店铺,文创展会",非常了解,比较感兴趣,"色泽质感高级,小众不撞款",价格昂贵,非常愿意,支持,降低价格,一定会,"大漆书签,文创套装礼盒",简约现代风,可以接受,"颜值外观,实用性",较高,组合套装礼盒,非常喜欢,经典黑金红传统色,随缘,"同学朋友送礼,节日礼物",略有影响,"价格虚高,做工粗糙",20元以内,80-120元,完全愿意,大概率会,随缘,"线上店铺,校园市集",小幅提升,一定会复购,"高颜值产品实拍图,工艺制作短视频","桌面摆件类,礼盒套装类",非常认可，环保创新,包装可以更精致，同时附上简明的非遗文化说明卡。
daqi-answer-1520,2026-08-08T18:07:00+08:00,男,31-40岁,在校学生,1000元以内,完全不感兴趣,每月多次,"收藏爱好,日常自用",短视频平台,略有耳闻,一般,非遗文化底蕴,"款式老旧,价格昂贵",愿意,不支持,"优化款式设计,提升包装质感",不确定,大漆漆扇,传统国风古风,介意，追求完美品,颜值外观,较低,单品简约款,非常喜欢,撞色潮流色系,非常愿意,师生赠礼,不在意,"华而不实无实用性,价格虚高",40-60元,50元以内,可以接受小幅溢价,看价格款式决定,一定会了解购买,"文创展会,社群团购",大幅提升,可能复购,"非遗文化科普,市集线下体验",文具类,比较认可,希望增加年轻化配色和小件礼盒，方便送礼和收藏。
daqi-answer-1521,2026-08-09T09:20:00+08:00,男,18岁以下,职场上班族,1000-2000元,非常喜欢,季度1-2次,日常自用,"短视频平台,朋友推荐",非常了解,非常感兴趣,"手工工艺独特,非遗文化底蕴","工艺精致,适合收藏送礼",不愿意,强烈支持,"降低价格,提升包装质感",一定会,"大漆钥匙扣,文创套装礼盒",小众艺术轻奢风,完全接受，更有特色,"工艺质感,文化寓意",极高,单品简约款,无所谓,经典黑金红传统色,愿意,"同学朋友送礼,商务小礼品",会，非常加分,款式同质化严重,20元以内,50-80元,不太接受,一定会买,会驻足了解,线上店铺,小幅提升,不确定,工艺制作短视频,"配饰挂件类,定制专属类",不认可,希望兼顾传统工艺和日常实用性，价格可以分档。
daqi-answer-1522,2026-08-10T10:33:00+08:00,女,18-22岁,其他,2000-3500元,一般,每月多次,"送礼纪念,收藏爱好","校园市集,电商店铺",非常了解,比较感兴趣,"国风颜值高,小众不撞款",价格昂贵,非常愿意,中立,优化款式设计,可能会,"大漆书签,大件漆艺摆件",简约现代风,可以接受,"颜值外观,工艺质感",较高,盲盒款式,非常喜欢,莫兰迪浅色系,不愿意,"节日礼物,同学朋友送礼",无影响,"价格虚高,款式同质化严重",20-40元,80-120元,完全愿意,大概率会,一定会了解购买,"校园市集,线上店铺",无变化,一定会复购,"高颜值产品实拍图,优惠活动福利","礼盒套装类,桌面摆件类",非常认可，环保创新,建议多做短视频展示制作过程，并在线下市集提供体验。
daqi-answer-1523,2026-08-11T11:46:00+08:00,男,40岁以上,在校学生,1000元以内,非常喜欢,每月1次,"收藏爱好,市集/展会随手购买",短视频平台,完全没听过,兴趣较低,非遗文化底蕴,"款式老旧,适合收藏送礼",无所谓,强烈支持,"适配日常使用,提升包装质感",不确定,大漆漆扇,传统国风古风,完全接受，更有特色,价格性价比,极高,单品简约款,喜欢,自然原木底色,非常愿意,师生赠礼,会，非常加分,"华而不实无实用性,包装简陋",40-60元,50元以内,可以接受小幅溢价,一定会买,会驻足了解,"文创展会,线下实体店",大幅提升,可能复购,"市集线下体验,非遗文化科普",文具类,无所谓,包装可以更精致，同时附上简明的非遗文化说明卡。
daqi-answer-1524,2026-08-12T12:59:00+08:00,女,18岁以下,自由职业,1000-2000元,比较喜欢,季度1-2次,日常自用,"电商店铺,文创展会",非常了解,非常感兴趣,"手工工艺独特,小众不撞款","价格昂贵,适合收藏送礼",非常愿意,支持,"降低价格,加强科普宣传",一定会,"大件漆艺摆件,文创套装礼盒",简约现代风,完全接受，更有特色,"工艺质感,颜值外观",极高,组合套装礼盒,不喜欢,经典黑金红传统色,随缘,"同学朋友送礼,师生赠礼",略有影响,包装简陋,20元以内,50-80元,完全愿意,大概率会,随缘,线上店铺,小幅提升,不会复购,工艺制作短视频,"配饰挂件类,礼盒套装类",非常认可，环保创新,希望增加年轻化配色和小件礼盒，方便送礼和收藏。
daqi-answer-1525,2026-08-13T13:12:00+08:00,男,23-30岁,在校学生,1000元以内,一般,每月多次,"送礼纪念,日常自用","校园市集,线下实体店",略有耳闻,比较感兴趣,"非遗文化底蕴,小众不撞款",款式老旧,愿意,中立,优化款式设计,可能会,"大漆书签,大漆钥匙扣",简约现代风,介意，追求完美品,"颜值外观,独特小众性",一般,定制专属款,非常喜欢,撞色潮流色系,非常愿意,"节日礼物,纪念收藏",无影响,"价格虚高,华而不实无实用性",20-40元,50元以内,可以接受小幅溢价,看价格款式决定,一定会了解购买,"校园市集,社群团购",反而降低,一定会复购,"高颜值产品实拍图,市集线下体验","文具类,礼盒套装类",比较认可,希望兼顾传统工艺和日常实用性，价格可以分档。
daqi-answer-1526,2026-08-14T14:25:00+08:00,女,18岁以下,职场上班族,1000元以内,非常喜欢,每月1次,"活动奖品,市集/展会随手购买",短视频平台,非常了解,非常感兴趣,手工工艺独特,"不适合日常使用,适合收藏送礼",无所谓,强烈支持,"加强科普宣传,提升包装质感",一定会,大漆漆扇,小众艺术轻奢风,完全接受，更有特色,价格性价比,极高,单品简约款,无所谓,经典黑金红传统色,愿意,纪念收藏,会，非常加分,"款式同质化严重,包装简陋",20元以内,50-80元,不太接受,一定会买,会驻足了解,"线下实体店,文创展会",大幅提升,不确定,"工艺制作短视频,市集线下体验",配饰挂件类,无所谓,建议多做短视频展示制作过程，并在线下市集提供体验。
daqi-answer-1527,2026-08-15T15:38:00+08:00,男,18-22岁,自由职业,2000-3500元,比较喜欢,半年一次,日常自用,"电商店铺,短视频平台",略有耳闻,比较感兴趣,"色泽质感高级,小众不撞款","价格昂贵,工艺精致",非常愿意,支持,"降低价格,适配日常使用",一定会,"大漆书签,文创套装礼盒",简约现代风,可以接受,"文化寓意,独特小众性",较高,盲盒款式,非常喜欢,莫兰迪浅色系,随缘,"同学朋友送礼,节日礼物",略有影响,价格虚高,20-40元,80-120元,完全愿意,大概率会,不会关注,线上店铺,无变化,一定会复购,高颜值产品实拍图,"桌面摆件类,礼盒套装类",非常认可，环保创新,包装可以更精致，同时附上简明的非遗文化说明卡。
daqi-answer-1528,2026-08-16T16:51:00+08:00,女,23-30岁,在校学生,1000元以内,不太喜欢,每月多次,"送礼纪念,市集/展会随手购买","文创展会,朋友推荐",完全没听过,一般,"非遗文化底蕴,国风颜值高",款式老旧,愿意,强烈支持,优化款式设计,不确定,"大漆书签,大漆漆扇",传统国风古风,非常介意,"颜值外观,文化寓意",一般,单品简约款,喜欢,撞色潮流色系,非常愿意,"师生赠礼,纪念收藏",会，非常加分,"华而不实无实用性,价格虚高",40-60元,50元以内,可以接受小幅溢价,基本不会,一定会了解购买,"校园市集,线下实体店",大幅提升,可能复购,"非遗文化科普,市集线下体验","文具类,桌面摆件类",比较认可,希望增加年轻化配色和小件礼盒，方便送礼和收藏。
daqi-answer-1529,2026-08-17T17:04:00+08:00,男,18岁以下,职场上班族,1000-2000元,非常喜欢,每月1次,"日常自用,市集/展会随手购买",短视频平台,非常了解,非常感兴趣,手工工艺独特,"工艺精致,适合收藏送礼",非常愿意,强烈支持,"降低价格,提升包装质感",一定会,大漆钥匙扣,可爱治愈风,完全接受，更有特色,价格性价比,极高,组合套装礼盒,无所谓,经典黑金红传统色,愿意,同学朋友送礼,略有影响,"款式同质化严重,做工粗糙",20元以内,50-80元,完全不接受,一定会买,随缘,"线上店铺,线下实体店",小幅提升,不确定,"工艺制作短视频,非遗文化科普",配饰挂件类,非常认可，环保创新,希望兼顾传统工艺和日常实用性，价格可以分档。
daqi-answer-1530,2026-08-18T18:17:00+08:00,女,18-22岁,个体经营者,3500元以上,比较喜欢,每月多次,送礼纪念,"电商店铺,朋友推荐",略有耳闻,比较感兴趣,"国风颜值高,小众不撞款","价格昂贵,不适合日常使用",非常愿意,中立,"降低价格,优化款式设计",可能会,"大漆书签,大件漆艺摆件",简约现代风,介意，追求完美品,"颜值外观,独特小众性",较高,盲盒款式,非常喜欢,莫兰迪浅色系,非常愿意,"节日礼物,同学朋友送礼",无影响,价格虚高,20-40元,120元以上,完全愿意,看价格款式决定,一定会了解购买,校园市集,无变化,一定会复购,高颜值产品实拍图,"礼盒套装类,桌面摆件类",比较认可,建议多做短视频展示制作过程，并在线下市集提供体验。
daqi-answer-1531,2026-08-19T09:30:00+08:00,男,31-40岁,在校学生,1000元以内,非常喜欢,每月1次,"收藏爱好,市集/展会随手购买","短视频平台,朋友推荐",非常了解,兴趣较低,"非遗文化底蕴,色泽质感高级",款式老旧,无所谓,强烈支持,适配日常使用,基本不会,"大漆漆扇,大漆书签",小众艺术轻奢风,完全接受，更有特色,"颜值外观,价格性价比",不看重,单品简约款,喜欢,经典黑金红传统色,愿意,"师生赠礼,商务小礼品",会，非常加分,"华而不实无实用性,包装简陋",60元以上,50元以内,不太接受,一定会买,会驻足了解,"文创展会,线下实体店",大幅提升,可能复购,"市集线下体验,非遗文化科普","文具类,配饰挂件类",无所谓,包装可以更精致，同时附上简明的非遗文化说明卡。
daqi-answer-1532,2026-08-20T10:43:00+08:00,女,18岁以下,职场上班族,2000-3500元,比较喜欢,季度1-2次,"日常自用,活动奖品",短视频平台,略有耳闻,非常感兴趣,手工工艺独特,"价格昂贵,适合收藏送礼",非常愿意,支持,"降低价格,加强科普宣传",一定会,大漆钥匙扣,简约现代风,可以接受,工艺质感,极高,组合套装礼盒,非常喜欢,莫兰迪浅色系,随缘,同学朋友送礼,略有影响,"做工粗糙,款式同质化严重",20元以内,80-120元,完全愿意,大概率会,随缘,"线上店铺,文创展会",小幅提升,一定会复购,"工艺制作短视频,高颜值产品实拍图",配饰挂件类,非常认可，环保创新,希望增加年轻化配色和小件礼盒，方便送礼和收藏。
daqi-answer-1533,2026-08-21T11:56:00+08:00,男,18-22岁,在校学生,1000元以内,一般,每月多次,送礼纪念,"校园市集,文创展会",非常了解,比较感兴趣,"非遗文化底蕴,小众不撞款","价格昂贵,款式老旧",愿意,不支持,"优化款式设计,降低价格",不确定,"大漆书签,大漆钥匙扣",传统国风古风,介意，追求完美品,"颜值外观,文化寓意",一般,单品简约款,喜欢,撞色潮流色系,非常愿意,"节日礼物,纪念收藏",不在意,价格虚高,40-60元,50元以内,可以接受小幅溢价,看价格款式决定,一定会了解购买,校园市集,大幅提升,可能复购,高颜值产品实拍图,"文具类,礼盒套装类",比较认可,希望兼顾传统工艺和日常实用性，价格可以分档。
